,timestamp,y_pred,y_actual
0,2019-03-05 10:03:34.189,2,2
1,2019-03-05 10:03:34.347,2,2
2,2019-03-05 10:03:34.509,2,2
3,2019-03-05 10:03:34.67,2,2
4,2019-03-05 10:03:34.828,2,2
5,2019-03-05 10:03:34.99,2,2
6,2019-03-05 10:03:35.15,2,2
7,2019-03-05 10:03:35.312,2,2
8,2019-03-05 10:03:35.471,2,2
9,2019-03-05 10:03:35.633,2,2
10,2019-03-05 10:03:35.792,2,2
11,2019-03-05 10:03:35.952,2,2
12,2019-03-05 10:03:36.113,2,2
13,2019-03-05 10:03:36.273,2,2
14,2019-03-05 10:03:36.435,2,2
15,2019-03-05 10:03:36.599,2,2
16,2019-03-05 10:03:36.757,2,2
17,2019-03-05 10:03:36.917,2,2
18,2019-03-05 10:03:37.079,2,2
19,2019-03-05 10:03:37.237,2,2
20,2019-03-05 10:03:37.397,2,2
21,2019-03-05 10:03:37.558,2,2
22,2019-03-05 10:03:37.72,2,2
23,2019-03-05 10:03:37.879,2,2
24,2019-03-05 10:03:38.041,2,2
25,2019-03-05 10:03:38.202,2,2
26,2019-03-05 10:03:38.36,2,2
27,2019-03-05 10:03:38.523,2,2
28,2019-03-05 10:03:38.682,2,2
29,2019-03-05 10:03:38.842,2,2
30,2019-03-05 10:03:39.003,2,2
31,2019-03-05 10:03:39.165,2,2
32,2019-03-05 10:03:39.324,2,2
33,2019-03-05 10:03:39.485,2,2
34,2019-03-05 10:03:39.647,2,2
35,2019-03-05 10:03:39.807,2,2
36,2019-03-05 10:03:39.967,2,2
37,2019-03-05 10:03:40.126,2,2
38,2019-03-05 10:03:40.29,2,2
39,2019-03-05 10:03:40.447,2,2
40,2019-03-05 10:03:40.608,2,2
41,2019-03-05 10:03:40.771,2,2
42,2019-03-05 10:03:40.931,2,2
43,2019-03-05 10:03:41.09,2,2
44,2019-03-05 10:03:41.252,2,2
45,2019-03-05 10:03:41.411,2,2
46,2019-03-05 10:03:41.574,2,2
47,2019-03-05 10:03:41.734,2,2
48,2019-03-05 10:03:41.893,2,2
49,2019-03-05 10:03:42.053,2,2
50,2019-03-05 10:03:42.214,2,2
51,2019-03-05 10:03:42.376,2,2
52,2019-03-05 10:03:42.536,2,2
53,2019-03-05 10:03:42.697,2,2
54,2019-03-05 10:03:42.857,2,2
55,2019-03-05 10:03:43.019,2,2
56,2019-03-05 10:03:43.177,2,2
57,2019-03-05 10:03:43.34,2,2
58,2019-03-05 10:03:43.498,2,2
59,2019-03-05 10:03:43.658,2,2
60,2019-03-05 10:03:43.819,2,2
61,2019-03-05 10:03:43.982,2,2
62,2019-03-05 10:03:44.142,2,2
63,2019-03-05 10:03:44.301,2,2
64,2019-03-05 10:03:44.462,2,2
65,2019-03-05 10:03:44.622,2,2
66,2019-03-05 10:03:44.784,2,2
67,2019-03-05 10:03:44.943,2,2
68,2019-03-05 10:03:45.104,2,2
69,2019-03-05 10:03:45.264,2,2
70,2019-03-05 10:03:45.425,2,2
71,2019-03-05 10:03:45.594,2,2
72,2019-03-05 10:03:45.747,2,2
73,2019-03-05 10:03:45.908,2,2
74,2019-03-05 10:03:46.067,2,2
75,2019-03-05 10:03:46.229,2,2
76,2019-03-05 10:03:46.387,2,2
77,2019-03-05 10:03:46.55,2,2
78,2019-03-05 10:03:46.709,2,2
79,2019-03-05 10:03:46.87,2,2
80,2019-03-05 10:03:47.031,2,2
81,2019-03-05 10:03:47.192,2,2
82,2019-03-05 10:03:47.351,2,2
83,2019-03-05 10:03:47.513,2,2
84,2019-03-05 10:03:47.674,2,2
85,2019-03-05 10:03:47.834,2,2
86,2019-03-05 10:03:47.995,2,2
87,2019-03-05 10:03:48.154,2,2
88,2019-03-05 10:03:48.315,2,2
89,2019-03-05 10:03:48.476,2,2
90,2019-03-05 10:03:48.638,2,2
91,2019-03-05 10:03:48.796,2,2
92,2019-03-05 10:03:48.959,2,2
93,2019-03-05 10:03:49.117,2,2
94,2019-03-05 10:03:49.28,2,2
95,2019-03-05 10:03:49.438,2,2
96,2019-03-05 10:03:49.601,2,2
97,2019-03-05 10:03:49.761,2,2
98,2019-03-05 10:03:49.92,2,2
99,2019-03-05 10:03:50.083,2,2
100,2019-03-05 10:03:50.242,2,2
101,2019-03-05 10:03:50.404,2,2
102,2019-03-05 10:03:50.566,2,2
103,2019-03-05 10:03:50.723,2,2
104,2019-03-05 10:03:50.884,2,2
105,2019-03-05 10:03:51.045,2,2
106,2019-03-05 10:03:51.205,2,2
107,2019-03-05 10:03:51.367,2,2
108,2019-03-05 10:03:51.526,2,2
109,2019-03-05 10:03:51.687,2,2
110,2019-03-05 10:03:51.849,2,2
111,2019-03-05 10:03:52.007,2,2
112,2019-03-05 10:03:52.17,2,2
113,2019-03-05 10:03:52.329,2,2
114,2019-03-05 10:03:52.491,2,2
115,2019-03-05 10:03:52.65,2,2
116,2019-03-05 10:03:52.812,2,2
117,2019-03-05 10:03:52.971,2,2
118,2019-03-05 10:03:53.133,2,2
119,2019-03-05 10:03:53.293,2,2
120,2019-03-05 10:03:53.453,2,2
121,2019-03-05 10:03:53.613,2,2
122,2019-03-05 10:03:53.774,2,2
123,2019-03-05 10:03:53.936,2,2
124,2019-03-05 10:03:54.096,2,2
125,2019-03-05 10:03:54.257,2,2
126,2019-03-05 10:03:54.417,2,2
127,2019-03-05 10:03:54.579,2,2
128,2019-03-05 10:03:54.737,2,2
129,2019-03-05 10:03:54.899,2,2
130,2019-03-05 10:03:55.058,2,2
131,2019-03-05 10:03:55.22,2,2
132,2019-03-05 10:03:55.392,2,2
133,2019-03-05 10:03:55.541,2,2
134,2019-03-05 10:03:55.702,2,2
135,2019-03-05 10:03:55.861,2,2
136,2019-03-05 10:03:56.023,2,2
137,2019-03-05 10:03:56.183,2,2
138,2019-03-05 10:03:56.355,2,2
139,2019-03-05 10:03:56.505,2,2
140,2019-03-05 10:03:56.664,2,2
141,2019-03-05 10:03:56.825,2,2
142,2019-03-05 10:03:56.986,2,2
143,2019-03-05 10:03:57.147,2,2
144,2019-03-05 10:03:57.307,2,2
145,2019-03-05 10:03:57.469,2,2
146,2019-03-05 10:03:57.629,2,2
147,2019-03-05 10:03:57.79,2,2
148,2019-03-05 10:03:57.948,2,2
149,2019-03-05 10:03:58.11,2,2
150,2019-03-05 10:03:58.269,2,2
151,2019-03-05 10:03:58.432,2,2
152,2019-03-05 10:03:58.594,2,2
153,2019-03-05 10:03:58.752,2,2
154,2019-03-05 10:03:58.912,2,2
155,2019-03-05 10:03:59.073,2,2
156,2019-03-05 10:03:59.233,2,2
157,2019-03-05 10:03:59.394,2,2
158,2019-03-05 10:03:59.555,2,2
159,2019-03-05 10:03:59.715,2,2
160,2019-03-05 10:03:59.876,2,2
161,2019-03-05 10:04:00.037,2,2
162,2019-03-05 10:04:00.198,2,2
163,2019-03-05 10:04:00.357,2,2
164,2019-03-05 10:04:00.519,2,2
165,2019-03-05 10:04:00.679,2,2
166,2019-03-05 10:04:00.838,2,2
167,2019-03-05 10:04:00.998,2,2
168,2019-03-05 10:04:01.161,2,2
169,2019-03-05 10:04:01.321,2,2
170,2019-03-05 10:04:01.481,2,2
171,2019-03-05 10:04:01.641,2,2
172,2019-03-05 10:04:01.802,2,2
173,2019-03-05 10:04:01.964,2,2
174,2019-03-05 10:04:02.123,2,2
175,2019-03-05 10:04:02.284,2,2
176,2019-03-05 10:04:02.444,2,2
177,2019-03-05 10:04:02.604,2,2
178,2019-03-05 10:04:02.765,2,2
179,2019-03-05 10:04:02.927,2,2
180,2019-03-05 10:04:03.086,2,2
181,2019-03-05 10:04:03.249,2,2
182,2019-03-05 10:04:03.409,2,2
183,2019-03-05 10:04:03.568,2,2
184,2019-03-05 10:04:03.731,2,2
185,2019-03-05 10:04:03.889,2,2
186,2019-03-05 10:04:04.051,2,2
187,2019-03-05 10:04:04.21,2,2
188,2019-03-05 10:04:04.372,2,2
189,2019-03-05 10:04:04.533,2,2
190,2019-03-05 10:04:04.692,2,2
191,2019-03-05 10:04:04.854,2,2
192,2019-03-05 10:04:05.013,2,2
193,2019-03-05 10:04:19.784,0,0
194,2019-03-05 10:04:19.946,0,0
195,2019-03-05 10:04:20.106,0,0
196,2019-03-05 10:04:20.267,0,0
197,2019-03-05 10:04:20.426,0,0
198,2019-03-05 10:04:20.6,0,0
199,2019-03-05 10:04:20.771,0,0
200,2019-03-05 10:04:20.908,0,0
201,2019-03-05 10:04:21.069,0,0
202,2019-03-05 10:04:21.229,0,0
203,2019-03-05 10:04:21.39,0,0
204,2019-03-05 10:04:21.552,0,0
205,2019-03-05 10:04:21.71,0,0
206,2019-03-05 10:04:21.871,0,0
207,2019-03-05 10:04:22.033,0,0
208,2019-03-05 10:04:22.192,0,0
209,2019-03-05 10:04:22.364,0,0
210,2019-03-05 10:04:22.514,0,0
211,2019-03-05 10:04:22.675,0,0
212,2019-03-05 10:04:22.835,0,0
213,2019-03-05 10:04:22.996,0,0
214,2019-03-05 10:04:23.157,0,0
215,2019-03-05 10:04:23.318,0,0
216,2019-03-05 10:04:23.502,0,0
217,2019-03-05 10:04:23.638,0,0
218,2019-03-05 10:04:23.798,0,0
219,2019-03-05 10:04:23.96,0,0
220,2019-03-05 10:04:24.12,0,0
221,2019-03-05 10:04:24.279,0,0
222,2019-03-05 10:04:24.442,0,0
223,2019-03-05 10:04:24.602,0,0
224,2019-03-05 10:04:24.761,0,0
225,2019-03-05 10:04:24.922,0,0
226,2019-03-05 10:04:25.084,0,0
227,2019-03-05 10:04:25.243,0,0
228,2019-03-05 10:04:25.403,0,0
229,2019-03-05 10:04:25.563,0,0
230,2019-03-05 10:04:25.724,0,0
231,2019-03-05 10:04:25.885,0,0
232,2019-03-05 10:04:26.046,0,0
233,2019-03-05 10:04:26.207,0,0
234,2019-03-05 10:04:26.366,0,0
235,2019-03-05 10:04:26.531,0,0
236,2019-03-05 10:04:26.69,0,0
237,2019-03-05 10:04:26.85,0,0
238,2019-03-05 10:04:27.008,0,0
239,2019-03-05 10:04:27.17,0,0
240,2019-03-05 10:04:27.329,0,0
241,2019-03-05 10:04:27.491,0,0
242,2019-03-05 10:04:27.652,0,0
243,2019-03-05 10:04:27.812,0,0
244,2019-03-05 10:04:28.002,0,0
245,2019-03-05 10:04:28.134,0,0
246,2019-03-05 10:04:28.293,0,0
247,2019-03-05 10:04:28.453,0,0
248,2019-03-05 10:04:28.614,0,0
249,2019-03-05 10:04:28.774,0,0
250,2019-03-05 10:04:28.936,0,0
251,2019-03-05 10:04:29.104,0,0
252,2019-03-05 10:04:29.258,0,0
253,2019-03-05 10:04:29.416,0,0
254,2019-03-05 10:04:29.579,0,0
255,2019-03-05 10:04:29.74,0,0
256,2019-03-05 10:04:29.898,0,0
257,2019-03-05 10:04:30.059,0,0
258,2019-03-05 10:04:30.219,0,0
259,2019-03-05 10:04:30.382,0,0
260,2019-03-05 10:04:30.54,0,0
261,2019-03-05 10:04:30.702,0,0
262,2019-03-05 10:04:30.861,0,0
263,2019-03-05 10:04:31.022,0,0
264,2019-03-05 10:04:31.184,0,0
265,2019-03-05 10:04:31.343,0,0
266,2019-03-05 10:04:31.508,0,0
267,2019-03-05 10:04:31.664,0,0
268,2019-03-05 10:04:31.825,0,0
269,2019-03-05 10:04:31.994,0,0
270,2019-03-05 10:04:32.147,0,0
271,2019-03-05 10:04:32.308,0,0
272,2019-03-05 10:04:32.469,0,0
273,2019-03-05 10:04:32.63,0,0
274,2019-03-05 10:04:32.79,0,0
275,2019-03-05 10:04:32.948,0,0
276,2019-03-05 10:04:33.11,0,0
277,2019-03-05 10:04:33.271,0,0
278,2019-03-05 10:04:33.43,0,0
279,2019-03-05 10:04:33.597,0,0
280,2019-03-05 10:04:33.751,0,0
281,2019-03-05 10:04:33.912,0,0
282,2019-03-05 10:04:34.072,0,0
283,2019-03-05 10:04:34.234,0,0
284,2019-03-05 10:04:34.393,0,0
285,2019-03-05 10:04:34.553,0,0
286,2019-03-05 10:04:34.714,0,0
287,2019-03-05 10:04:34.874,0,0
288,2019-03-05 10:04:35.036,0,0
289,2019-03-05 10:04:35.197,0,0
290,2019-03-05 10:04:35.357,0,0
291,2019-03-05 10:04:35.517,0,0
292,2019-03-05 10:04:35.678,0,0
293,2019-03-05 10:04:35.837,0,0
294,2019-03-05 10:04:35.999,0,0
295,2019-03-05 10:04:36.159,0,0
296,2019-03-05 10:04:36.321,0,0
297,2019-03-05 10:04:36.48,0,0
298,2019-03-05 10:04:36.64,0,0
299,2019-03-05 10:04:36.803,0,0
300,2019-03-05 10:04:36.961,0,0
301,2019-03-05 10:04:37.122,0,0
302,2019-03-05 10:04:37.283,0,0
303,2019-03-05 10:04:37.444,0,0
304,2019-03-05 10:04:37.603,0,0
305,2019-03-05 10:04:37.764,0,0
306,2019-03-05 10:04:37.924,0,0
307,2019-03-05 10:04:38.086,0,0
308,2019-03-05 10:04:38.247,0,0
309,2019-03-05 10:04:38.408,0,0
310,2019-03-05 10:04:38.568,0,0
311,2019-03-05 10:04:38.727,0,0
312,2019-03-05 10:04:38.89,0,0
313,2019-03-05 10:04:39.047,0,0
314,2019-03-05 10:04:39.21,0,0
315,2019-03-05 10:04:39.368,0,0
316,2019-03-05 10:04:39.532,0,0
317,2019-03-05 10:04:39.689,0,0
318,2019-03-05 10:04:39.852,0,0
319,2019-03-05 10:04:40.011,0,0
320,2019-03-05 10:04:40.172,0,0
321,2019-03-05 10:04:40.333,0,0
322,2019-03-05 10:04:40.493,0,0
323,2019-03-05 10:04:40.655,0,0
324,2019-03-05 10:04:40.814,0,0
325,2019-03-05 10:04:40.974,0,0
326,2019-03-05 10:04:41.135,0,0
327,2019-03-05 10:04:41.296,0,0
328,2019-03-05 10:04:41.457,0,0
329,2019-03-05 10:04:41.618,0,0
330,2019-03-05 10:04:41.779,0,0
331,2019-03-05 10:04:41.94,0,0
332,2019-03-05 10:04:42.097,0,0
333,2019-03-05 10:04:42.26,0,0
334,2019-03-05 10:04:42.418,0,0
335,2019-03-05 10:04:42.585,0,0
336,2019-03-05 10:04:42.74,0,0
337,2019-03-05 10:04:42.901,0,0
338,2019-03-05 10:04:43.062,0,0
339,2019-03-05 10:04:43.221,0,0
340,2019-03-05 10:04:43.384,0,0
341,2019-03-05 10:04:43.542,0,0
342,2019-03-05 10:04:43.704,0,0
343,2019-03-05 10:04:43.863,0,0
344,2019-03-05 10:04:44.024,0,0
345,2019-03-05 10:04:44.186,0,0
346,2019-03-05 10:04:44.346,0,0
347,2019-03-05 10:04:44.507,0,0
348,2019-03-05 10:04:44.667,0,0
349,2019-03-05 10:04:44.829,0,0
350,2019-03-05 10:04:44.987,0,0
351,2019-03-05 10:04:45.149,0,0
352,2019-03-05 10:04:45.308,0,0
353,2019-03-05 10:04:45.47,0,0
354,2019-03-05 10:04:45.629,0,0
355,2019-03-05 10:04:45.789,0,0
356,2019-03-05 10:04:45.95,0,0
357,2019-03-05 10:04:46.112,0,0
358,2019-03-05 10:04:46.274,0,0
359,2019-03-05 10:04:46.433,0,0
360,2019-03-05 10:04:46.6,0,0
361,2019-03-05 10:04:46.752,0,0
362,2019-03-05 10:04:46.913,0,0
363,2019-03-05 10:04:47.074,0,0
364,2019-03-05 10:04:47.235,0,0
365,2019-03-05 10:04:47.396,0,0
366,2019-03-05 10:04:47.557,0,0
367,2019-03-05 10:04:47.716,0,0
368,2019-03-05 10:04:47.879,0,0
369,2019-03-05 10:04:48.037,0,0
370,2019-03-05 10:04:48.199,0,0
371,2019-03-05 10:04:48.36,0,0
372,2019-03-05 10:04:48.519,0,0
373,2019-03-05 10:04:48.681,0,0
374,2019-03-05 10:04:48.839,0,0
375,2019-03-05 10:04:49.002,0,0
376,2019-03-05 10:04:49.161,0,0
377,2019-03-05 10:04:49.322,0,0
378,2019-03-05 10:04:49.483,0,0
379,2019-03-05 10:04:49.643,0,0
380,2019-03-05 10:05:04.092,2,2
381,2019-03-05 10:05:04.251,2,2
382,2019-03-05 10:05:04.414,2,2
383,2019-03-05 10:05:04.572,2,2
384,2019-03-05 10:05:04.733,2,2
385,2019-03-05 10:05:04.893,2,2
386,2019-03-05 10:05:05.054,2,2
387,2019-03-05 10:05:05.218,2,2
388,2019-03-05 10:05:05.375,2,2
389,2019-03-05 10:05:05.538,2,2
390,2019-03-05 10:05:05.697,2,2
391,2019-03-05 10:05:05.858,2,2
392,2019-03-05 10:05:06.016,2,2
393,2019-03-05 10:05:06.179,2,2
394,2019-03-05 10:05:06.338,2,2
395,2019-03-05 10:05:06.499,2,2
396,2019-03-05 10:05:06.659,2,2
397,2019-03-05 10:05:06.819,2,2
398,2019-03-05 10:05:06.982,2,2
399,2019-03-05 10:05:07.141,2,2
400,2019-03-05 10:05:07.302,2,2
401,2019-03-05 10:05:07.461,2,2
402,2019-03-05 10:05:07.622,2,2
403,2019-03-05 10:05:07.783,2,2
404,2019-03-05 10:05:07.944,2,2
405,2019-03-05 10:05:08.103,2,2
406,2019-03-05 10:05:08.264,2,2
407,2019-03-05 10:05:08.426,2,2
408,2019-03-05 10:05:08.593,2,2
409,2019-03-05 10:05:08.745,2,2
410,2019-03-05 10:05:08.908,2,2
411,2019-03-05 10:05:09.068,2,2
412,2019-03-05 10:05:09.227,2,2
413,2019-03-05 10:05:09.39,2,2
414,2019-03-05 10:05:09.548,2,2
415,2019-03-05 10:05:09.709,2,2
416,2019-03-05 10:05:09.869,2,2
417,2019-03-05 10:05:10.032,2,2
418,2019-03-05 10:05:10.191,2,2
419,2019-03-05 10:05:10.352,2,2
420,2019-03-05 10:05:10.512,2,2
421,2019-03-05 10:05:10.675,2,2
422,2019-03-05 10:05:10.833,2,2
423,2019-03-05 10:05:10.993,2,2
424,2019-03-05 10:05:11.155,2,2
425,2019-03-05 10:05:11.314,2,2
426,2019-03-05 10:05:11.476,2,2
427,2019-03-05 10:05:11.636,2,2
428,2019-03-05 10:05:11.797,2,2
429,2019-03-05 10:05:11.956,2,2
430,2019-03-05 10:05:12.119,2,2
431,2019-03-05 10:05:12.277,2,2
432,2019-03-05 10:05:12.44,2,2
433,2019-03-05 10:05:12.6,2,2
434,2019-03-05 10:05:12.759,2,2
435,2019-03-05 10:05:12.921,2,2
436,2019-03-05 10:05:13.08,2,2
437,2019-03-05 10:05:13.242,2,2
438,2019-03-05 10:05:13.401,2,2
439,2019-03-05 10:05:13.562,2,2
440,2019-03-05 10:05:13.723,2,2
441,2019-03-05 10:05:13.883,2,2
442,2019-03-05 10:05:14.043,2,2
443,2019-03-05 10:05:14.204,2,2
444,2019-03-05 10:05:14.364,2,2
445,2019-03-05 10:05:14.525,2,2
446,2019-03-05 10:05:14.687,2,2
447,2019-03-05 10:05:14.847,2,2
448,2019-03-05 10:05:15.007,2,2
449,2019-03-05 10:05:15.166,2,2
450,2019-03-05 10:05:15.329,2,2
451,2019-03-05 10:05:15.487,2,2
452,2019-03-05 10:05:15.65,2,2
453,2019-03-05 10:05:15.809,2,2
454,2019-03-05 10:05:15.971,2,2
455,2019-03-05 10:05:16.134,2,2
456,2019-03-05 10:05:16.291,2,2
457,2019-03-05 10:05:16.452,2,2
458,2019-03-05 10:05:16.612,2,2
459,2019-03-05 10:05:16.772,2,2
460,2019-03-05 10:05:16.934,2,2
461,2019-03-05 10:05:17.094,2,2
462,2019-03-05 10:05:17.254,2,2
463,2019-03-05 10:05:17.414,2,2
464,2019-03-05 10:05:17.576,2,2
465,2019-03-05 10:05:17.737,2,2
466,2019-03-05 10:05:17.898,2,2
467,2019-03-05 10:05:18.056,2,2
468,2019-03-05 10:05:18.217,2,2
469,2019-03-05 10:05:18.379,2,2
470,2019-03-05 10:05:18.54,2,2
471,2019-03-05 10:05:18.7,2,2
472,2019-03-05 10:05:18.861,2,2
473,2019-03-05 10:05:19.02,2,2
474,2019-03-05 10:05:19.182,2,2
475,2019-03-05 10:05:19.341,2,2
476,2019-03-05 10:05:19.504,2,2
477,2019-03-05 10:05:19.662,2,2
478,2019-03-05 10:05:19.823,2,2
479,2019-03-05 10:05:19.984,2,2
480,2019-03-05 10:05:20.144,2,2
481,2019-03-05 10:05:20.306,2,2
482,2019-03-05 10:05:20.466,2,2
483,2019-03-05 10:05:20.627,2,2
484,2019-03-05 10:05:20.786,2,2
485,2019-03-05 10:05:20.949,2,2
486,2019-03-05 10:05:21.107,2,2
487,2019-03-05 10:05:21.269,2,2
488,2019-03-05 10:05:21.428,2,2
489,2019-03-05 10:05:21.599,2,2
490,2019-03-05 10:05:21.749,2,2
491,2019-03-05 10:05:21.912,2,2
492,2019-03-05 10:05:22.072,2,2
493,2019-03-05 10:05:22.231,2,2
494,2019-03-05 10:05:22.393,2,2
495,2019-03-05 10:05:22.552,2,2
496,2019-03-05 10:05:22.714,2,2
497,2019-03-05 10:05:22.873,2,2
498,2019-03-05 10:05:23.034,2,2
499,2019-03-05 10:05:23.194,2,2
500,2019-03-05 10:05:23.356,2,2
501,2019-03-05 10:05:23.517,2,2
502,2019-03-05 10:05:23.677,2,2
503,2019-03-05 10:05:23.836,2,2
504,2019-03-05 10:05:23.999,2,2
505,2019-03-05 10:05:24.159,2,2
506,2019-03-05 10:05:24.318,2,2
507,2019-03-05 10:05:24.48,2,2
508,2019-03-05 10:05:24.638,2,2
509,2019-03-05 10:05:24.801,2,2
510,2019-03-05 10:05:24.961,2,2
511,2019-03-05 10:05:25.122,2,2
512,2019-03-05 10:05:25.282,2,2
513,2019-03-05 10:05:25.443,2,2
514,2019-03-05 10:05:25.604,2,2
515,2019-03-05 10:05:25.763,2,2
516,2019-03-05 10:05:25.924,2,2
517,2019-03-05 10:05:26.085,2,2
518,2019-03-05 10:05:26.246,2,2
519,2019-03-05 10:05:26.407,2,2
520,2019-03-05 10:05:26.569,2,2
521,2019-03-05 10:05:26.729,2,2
522,2019-03-05 10:05:26.89,2,2
523,2019-03-05 10:05:27.048,2,2
524,2019-03-05 10:05:27.21,2,2
525,2019-03-05 10:05:27.369,2,2
526,2019-03-05 10:05:27.532,2,2
527,2019-03-05 10:05:27.716,2,2
528,2019-03-05 10:05:27.851,2,2
529,2019-03-05 10:05:28.013,2,2
530,2019-03-05 10:05:28.173,2,2
531,2019-03-05 10:05:28.334,2,2
532,2019-03-05 10:05:28.494,2,2
533,2019-03-05 10:05:28.655,2,2
534,2019-03-05 10:05:28.814,2,2
535,2019-03-05 10:05:28.976,2,2
536,2019-03-05 10:05:29.138,2,2
537,2019-03-05 10:05:29.298,2,2
538,2019-03-05 10:05:29.457,2,2
539,2019-03-05 10:05:29.617,2,2
540,2019-03-05 10:05:29.779,2,2
541,2019-03-05 10:05:29.937,2,2
542,2019-03-05 10:05:30.101,2,2
543,2019-03-05 10:05:30.26,2,2
544,2019-03-05 10:05:30.422,2,2
545,2019-03-05 10:05:30.59,2,2
546,2019-03-05 10:05:30.769,2,2
547,2019-03-05 10:05:30.902,2,2
548,2019-03-05 10:05:31.062,2,2
549,2019-03-05 10:05:31.223,2,2
550,2019-03-05 10:05:31.384,2,2
551,2019-03-05 10:05:31.546,2,2
552,2019-03-05 10:05:31.706,2,2
553,2019-03-05 10:05:31.867,2,2
554,2019-03-05 10:05:32.028,2,2
555,2019-03-05 10:05:32.19,2,2
556,2019-03-05 10:05:32.347,2,2
557,2019-03-05 10:05:32.509,2,2
558,2019-03-05 10:05:32.668,2,2
559,2019-03-05 10:05:32.831,2,2
560,2019-03-05 10:05:32.989,2,2
561,2019-03-05 10:05:33.151,2,2
562,2019-03-05 10:05:33.313,2,2
563,2019-03-05 10:05:33.472,2,2
564,2019-03-05 10:05:33.633,2,2
565,2019-03-05 10:05:33.793,2,2
566,2019-03-05 10:05:33.954,2,2
567,2019-03-05 10:06:04.301,0,1
568,2019-03-05 10:06:04.464,0,1
569,2019-03-05 10:06:04.622,0,1
570,2019-03-05 10:06:04.784,0,1
571,2019-03-05 10:06:04.943,0,1
572,2019-03-05 10:06:05.104,0,1
573,2019-03-05 10:06:05.265,0,1
574,2019-03-05 10:06:05.426,0,1
575,2019-03-05 10:06:05.594,0,1
576,2019-03-05 10:06:05.751,0,1
577,2019-03-05 10:06:05.906,0,1
578,2019-03-05 10:06:06.069,0,1
579,2019-03-05 10:06:06.229,0,1
580,2019-03-05 10:06:06.388,0,1
581,2019-03-05 10:06:06.551,0,1
582,2019-03-05 10:06:06.709,0,1
583,2019-03-05 10:06:06.872,0,1
584,2019-03-05 10:06:07.032,0,1
585,2019-03-05 10:06:07.197,0,1
586,2019-03-05 10:06:07.352,0,1
587,2019-03-05 10:06:07.513,0,1
588,2019-03-05 10:06:07.675,0,1
589,2019-03-05 10:06:07.834,0,1
590,2019-03-05 10:06:07.994,0,1
591,2019-03-05 10:06:08.156,0,1
592,2019-03-05 10:06:08.317,0,1
593,2019-03-05 10:06:08.476,0,1
594,2019-03-05 10:06:08.639,0,1
595,2019-03-05 10:06:08.797,0,1
596,2019-03-05 10:06:08.959,0,1
597,2019-03-05 10:06:09.118,0,1
598,2019-03-05 10:06:09.281,0,1
599,2019-03-05 10:06:09.439,0,1
600,2019-03-05 10:06:09.602,0,1
601,2019-03-05 10:06:09.762,0,1
602,2019-03-05 10:06:09.922,0,1
603,2019-03-05 10:06:10.082,0,1
604,2019-03-05 10:06:10.242,0,1
605,2019-03-05 10:06:10.405,0,1
606,2019-03-05 10:06:10.563,0,1
607,2019-03-05 10:06:10.724,0,1
608,2019-03-05 10:06:10.886,0,1
609,2019-03-05 10:06:11.046,0,1
610,2019-03-05 10:06:11.207,0,1
611,2019-03-05 10:06:11.366,0,1
612,2019-03-05 10:06:11.527,0,1
613,2019-03-05 10:06:11.687,0,1
614,2019-03-05 10:06:11.849,0,1
615,2019-03-05 10:06:12.008,0,1
616,2019-03-05 10:06:12.17,0,1
617,2019-03-05 10:06:12.33,0,1
618,2019-03-05 10:06:12.492,0,1
619,2019-03-05 10:06:12.652,0,1
620,2019-03-05 10:06:12.817,0,1
621,2019-03-05 10:06:12.972,0,1
622,2019-03-05 10:06:13.133,0,1
623,2019-03-05 10:06:13.293,0,1
624,2019-03-05 10:06:13.454,0,1
625,2019-03-05 10:06:13.615,0,1
626,2019-03-05 10:06:13.776,0,1
627,2019-03-05 10:06:13.937,0,1
628,2019-03-05 10:06:14.096,0,1
629,2019-03-05 10:06:14.259,0,1
630,2019-03-05 10:06:14.417,0,1
631,2019-03-05 10:06:14.584,0,1
632,2019-03-05 10:06:14.738,0,1
633,2019-03-05 10:06:14.9,0,1
634,2019-03-05 10:06:15.059,0,1
635,2019-03-05 10:06:15.222,0,1
636,2019-03-05 10:06:15.382,0,1
637,2019-03-05 10:06:15.542,0,1
638,2019-03-05 10:06:15.702,0,1
639,2019-03-05 10:06:15.863,0,1
640,2019-03-05 10:06:16.036,0,1
641,2019-03-05 10:06:16.184,0,1
642,2019-03-05 10:06:16.344,0,1
643,2019-03-05 10:06:16.505,0,1
644,2019-03-05 10:06:16.667,0,1
645,2019-03-05 10:06:16.826,0,1
646,2019-03-05 10:06:16.989,0,1
647,2019-03-05 10:06:17.221,0,1
648,2019-03-05 10:06:17.307,0,1
649,2019-03-05 10:06:17.468,0,1
650,2019-03-05 10:06:17.63,0,1
651,2019-03-05 10:06:17.791,0,1
652,2019-03-05 10:06:17.95,0,1
653,2019-03-05 10:06:18.112,0,1
654,2019-03-05 10:06:18.27,0,1
655,2019-03-05 10:06:18.433,0,1
656,2019-03-05 10:06:18.593,0,1
657,2019-03-05 10:06:18.754,0,1
658,2019-03-05 10:06:18.913,0,1
659,2019-03-05 10:06:19.073,0,1
660,2019-03-05 10:06:19.235,0,1
661,2019-03-05 10:06:19.394,0,1
662,2019-03-05 10:06:19.555,0,1
663,2019-03-05 10:06:19.717,0,1
664,2019-03-05 10:06:19.877,0,1
665,2019-03-05 10:06:20.037,0,1
666,2019-03-05 10:06:20.199,0,1
667,2019-03-05 10:06:20.357,0,1
668,2019-03-05 10:06:20.52,0,1
669,2019-03-05 10:06:20.681,0,1
670,2019-03-05 10:06:20.839,0,1
671,2019-03-05 10:06:21.0,0,1
672,2019-03-05 10:06:21.162,0,1
673,2019-03-05 10:06:21.322,0,1
674,2019-03-05 10:06:21.482,0,1
675,2019-03-05 10:06:21.643,0,1
676,2019-03-05 10:06:21.802,0,1
677,2019-03-05 10:06:21.963,0,1
678,2019-03-05 10:06:22.124,0,1
679,2019-03-05 10:06:22.285,0,1
680,2019-03-05 10:06:22.446,0,1
681,2019-03-05 10:06:22.605,0,1
682,2019-03-05 10:06:22.766,0,1
683,2019-03-05 10:06:22.929,0,1
684,2019-03-05 10:06:23.087,0,1
685,2019-03-05 10:06:23.249,0,1
686,2019-03-05 10:06:23.41,0,1
687,2019-03-05 10:06:23.569,0,1
688,2019-03-05 10:06:23.729,0,1
689,2019-03-05 10:06:23.89,0,1
690,2019-03-05 10:06:24.051,0,1
691,2019-03-05 10:06:24.211,0,1
692,2019-03-05 10:06:24.373,0,1
693,2019-03-05 10:06:24.533,0,1
694,2019-03-05 10:06:24.692,0,1
695,2019-03-05 10:06:24.854,0,1
696,2019-03-05 10:06:25.014,0,1
697,2019-03-05 10:06:25.175,0,1
698,2019-03-05 10:06:25.335,0,1
699,2019-03-05 10:06:25.496,0,1
700,2019-03-05 10:06:25.656,0,1
701,2019-03-05 10:06:25.818,0,1
702,2019-03-05 10:06:25.976,0,1
703,2019-03-05 10:06:26.14,0,1
704,2019-03-05 10:06:26.299,0,1
705,2019-03-05 10:06:26.458,0,1
706,2019-03-05 10:06:26.619,0,1
707,2019-03-05 10:06:26.781,0,1
708,2019-03-05 10:06:26.941,0,1
709,2019-03-05 10:06:27.101,0,1
710,2019-03-05 10:06:27.262,0,1
711,2019-03-05 10:06:27.422,0,1
712,2019-03-05 10:06:27.592,0,1
713,2019-03-05 10:06:27.743,0,1
714,2019-03-05 10:06:27.903,0,1
715,2019-03-05 10:06:28.064,0,1
716,2019-03-05 10:06:28.224,0,1
717,2019-03-05 10:06:28.387,0,1
718,2019-03-05 10:06:28.546,0,1
719,2019-03-05 10:06:28.707,0,1
720,2019-03-05 10:06:28.866,0,1
721,2019-03-05 10:06:29.029,0,1
722,2019-03-05 10:06:29.187,0,1
723,2019-03-05 10:06:29.349,0,1
724,2019-03-05 10:06:29.508,0,1
725,2019-03-05 10:06:29.67,0,1
726,2019-03-05 10:06:29.83,0,1
727,2019-03-05 10:06:29.991,0,1
728,2019-03-05 10:06:30.15,2,1
729,2019-03-05 10:06:30.311,2,1
730,2019-03-05 10:06:30.474,2,1
731,2019-03-05 10:06:30.633,2,1
732,2019-03-05 10:06:30.798,2,1
733,2019-03-05 10:06:30.953,2,1
734,2019-03-05 10:06:31.115,2,1
735,2019-03-05 10:06:31.274,2,1
736,2019-03-05 10:06:31.436,2,1
737,2019-03-05 10:06:31.6,2,1
738,2019-03-05 10:06:31.757,2,1
739,2019-03-05 10:06:31.916,2,1
740,2019-03-05 10:06:32.079,2,1
741,2019-03-05 10:06:32.237,2,1
742,2019-03-05 10:06:32.399,2,1
743,2019-03-05 10:06:32.558,2,1
744,2019-03-05 10:06:32.72,2,1
745,2019-03-05 10:06:32.882,2,1
746,2019-03-05 10:06:33.039,2,1
747,2019-03-05 10:06:33.202,2,1
748,2019-03-05 10:06:33.362,2,1
749,2019-03-05 10:06:33.523,2,1
750,2019-03-05 10:06:33.683,2,1
751,2019-03-05 10:06:33.844,2,1
752,2019-03-05 10:06:34.003,2,1
753,2019-03-05 10:06:34.172,2,1
754,2019-03-05 10:06:49.096,0,0
755,2019-03-05 10:06:49.257,0,0
756,2019-03-05 10:06:49.417,0,0
757,2019-03-05 10:06:49.577,0,0
758,2019-03-05 10:06:49.737,0,0
759,2019-03-05 10:06:49.899,0,0
760,2019-03-05 10:06:50.06,0,0
761,2019-03-05 10:06:50.219,0,0
762,2019-03-05 10:06:50.382,0,0
763,2019-03-05 10:06:50.54,0,0
764,2019-03-05 10:06:50.702,0,0
765,2019-03-05 10:06:50.862,0,0
766,2019-03-05 10:06:51.022,0,0
767,2019-03-05 10:06:51.183,0,0
768,2019-03-05 10:06:51.343,0,0
769,2019-03-05 10:06:51.504,0,0
770,2019-03-05 10:06:51.664,0,0
771,2019-03-05 10:06:51.825,0,0
772,2019-03-05 10:06:51.987,0,0
773,2019-03-05 10:06:52.148,0,0
774,2019-03-05 10:06:52.309,0,0
775,2019-03-05 10:06:52.469,0,0
776,2019-03-05 10:06:52.629,0,0
777,2019-03-05 10:06:52.79,0,0
778,2019-03-05 10:06:52.949,0,0
779,2019-03-05 10:06:53.111,0,0
780,2019-03-05 10:06:53.27,0,0
781,2019-03-05 10:06:53.434,0,0
782,2019-03-05 10:06:53.633,0,0
783,2019-03-05 10:06:53.752,0,0
784,2019-03-05 10:06:53.912,0,0
785,2019-03-05 10:06:54.073,0,0
786,2019-03-05 10:06:54.235,0,0
787,2019-03-05 10:06:54.395,0,0
788,2019-03-05 10:06:54.556,0,0
789,2019-03-05 10:06:54.717,0,0
790,2019-03-05 10:06:54.878,0,0
791,2019-03-05 10:06:55.037,0,0
792,2019-03-05 10:06:55.199,0,0
793,2019-03-05 10:06:55.358,0,0
794,2019-03-05 10:06:55.52,0,0
795,2019-03-05 10:06:55.679,0,0
796,2019-03-05 10:06:55.841,0,0
797,2019-03-05 10:06:56.002,0,0
798,2019-03-05 10:06:56.161,0,0
799,2019-03-05 10:06:56.324,0,0
800,2019-03-05 10:06:56.483,0,0
801,2019-03-05 10:06:56.643,0,0
802,2019-03-05 10:06:56.803,0,0
803,2019-03-05 10:06:56.964,0,0
804,2019-03-05 10:06:57.125,0,0
805,2019-03-05 10:06:57.286,0,0
806,2019-03-05 10:06:57.447,0,0
807,2019-03-05 10:06:57.606,0,0
808,2019-03-05 10:06:57.766,0,0
809,2019-03-05 10:06:57.929,0,0
810,2019-03-05 10:06:58.09,0,0
811,2019-03-05 10:06:58.248,0,0
812,2019-03-05 10:06:58.41,0,0
813,2019-03-05 10:06:58.57,0,0
814,2019-03-05 10:06:58.731,0,0
815,2019-03-05 10:06:58.891,0,0
816,2019-03-05 10:06:59.054,0,0
817,2019-03-05 10:06:59.212,0,0
818,2019-03-05 10:06:59.374,0,0
819,2019-03-05 10:06:59.534,0,0
820,2019-03-05 10:06:59.694,0,0
821,2019-03-05 10:06:59.863,0,0
822,2019-03-05 10:07:00.016,0,0
823,2019-03-05 10:07:00.177,0,0
824,2019-03-05 10:07:00.336,0,0
825,2019-03-05 10:07:00.499,0,0
826,2019-03-05 10:07:00.657,0,0
827,2019-03-05 10:07:00.821,0,0
828,2019-03-05 10:07:00.978,0,0
829,2019-03-05 10:07:01.141,0,0
830,2019-03-05 10:07:01.299,0,0
831,2019-03-05 10:07:01.461,0,0
832,2019-03-05 10:07:01.621,0,0
833,2019-03-05 10:07:01.783,0,0
834,2019-03-05 10:07:01.942,0,0
835,2019-03-05 10:07:02.102,0,0
836,2019-03-05 10:07:02.264,0,0
837,2019-03-05 10:07:02.423,0,0
838,2019-03-05 10:07:02.593,0,0
839,2019-03-05 10:07:02.744,0,0
840,2019-03-05 10:07:02.907,0,0
841,2019-03-05 10:07:03.067,0,0
842,2019-03-05 10:07:03.229,0,0
843,2019-03-05 10:07:03.387,0,0
844,2019-03-05 10:07:03.549,0,0
845,2019-03-05 10:07:03.708,0,0
846,2019-03-05 10:07:03.87,0,0
847,2019-03-05 10:07:04.031,0,0
848,2019-03-05 10:07:04.19,0,0
849,2019-03-05 10:07:04.35,0,0
850,2019-03-05 10:07:04.511,0,0
851,2019-03-05 10:07:04.674,0,0
852,2019-03-05 10:07:04.833,0,0
853,2019-03-05 10:07:04.994,0,0
854,2019-03-05 10:07:05.153,0,0
855,2019-03-05 10:07:05.314,0,0
856,2019-03-05 10:07:05.476,0,0
857,2019-03-05 10:07:05.635,0,0
858,2019-03-05 10:07:05.795,0,0
859,2019-03-05 10:07:05.958,0,0
860,2019-03-05 10:07:06.119,0,0
861,2019-03-05 10:07:06.277,0,0
862,2019-03-05 10:07:06.44,0,0
863,2019-03-05 10:07:06.598,0,0
864,2019-03-05 10:07:06.759,0,0
865,2019-03-05 10:07:06.919,0,0
866,2019-03-05 10:07:07.082,0,0
867,2019-03-05 10:07:07.241,0,0
868,2019-03-05 10:07:07.402,0,0
869,2019-03-05 10:07:07.562,0,0
870,2019-03-05 10:07:07.722,0,0
871,2019-03-05 10:07:07.883,0,0
872,2019-03-05 10:07:08.044,0,0
873,2019-03-05 10:07:08.205,0,0
874,2019-03-05 10:07:08.365,0,0
875,2019-03-05 10:07:08.526,0,0
876,2019-03-05 10:07:08.687,0,0
877,2019-03-05 10:07:08.849,0,0
878,2019-03-05 10:07:09.007,0,0
879,2019-03-05 10:07:09.169,0,0
880,2019-03-05 10:07:09.328,0,0
881,2019-03-05 10:07:09.49,0,0
882,2019-03-05 10:07:09.649,0,0
883,2019-03-05 10:07:09.811,0,0
884,2019-03-05 10:07:09.972,0,0
885,2019-03-05 10:07:10.134,0,0
886,2019-03-05 10:07:10.292,0,0
887,2019-03-05 10:07:10.452,0,0
888,2019-03-05 10:07:10.613,0,0
889,2019-03-05 10:07:10.773,0,0
890,2019-03-05 10:07:10.935,0,0
891,2019-03-05 10:07:11.095,0,0
892,2019-03-05 10:07:11.256,0,0
893,2019-03-05 10:07:11.417,0,0
894,2019-03-05 10:07:11.576,0,0
895,2019-03-05 10:07:11.737,0,0
896,2019-03-05 10:07:11.899,0,0
897,2019-03-05 10:07:12.059,0,0
898,2019-03-05 10:07:12.218,0,0
899,2019-03-05 10:07:12.381,0,0
900,2019-03-05 10:07:12.539,0,0
901,2019-03-05 10:07:12.702,0,0
902,2019-03-05 10:07:12.861,0,0
903,2019-03-05 10:07:13.023,0,0
904,2019-03-05 10:07:13.183,0,0
905,2019-03-05 10:07:13.343,0,0
906,2019-03-05 10:07:13.503,0,0
907,2019-03-05 10:07:13.664,0,0
908,2019-03-05 10:07:13.825,0,0
909,2019-03-05 10:07:13.985,0,0
910,2019-03-05 10:07:14.146,0,0
911,2019-03-05 10:07:14.307,0,0
912,2019-03-05 10:07:14.469,0,0
913,2019-03-05 10:07:14.629,0,0
914,2019-03-05 10:07:14.79,0,0
915,2019-03-05 10:07:14.948,0,0
916,2019-03-05 10:07:15.11,0,0
917,2019-03-05 10:07:15.269,0,0
918,2019-03-05 10:07:15.432,0,0
919,2019-03-05 10:07:15.594,0,0
920,2019-03-05 10:07:15.752,0,0
921,2019-03-05 10:07:15.914,0,0
922,2019-03-05 10:07:16.072,0,0
923,2019-03-05 10:07:16.234,0,0
924,2019-03-05 10:07:16.393,0,0
925,2019-03-05 10:07:16.554,0,0
926,2019-03-05 10:07:16.714,0,0
927,2019-03-05 10:07:16.876,0,0
928,2019-03-05 10:07:17.037,0,0
929,2019-03-05 10:07:17.198,0,0
930,2019-03-05 10:07:17.358,0,0
931,2019-03-05 10:07:17.517,0,0
932,2019-03-05 10:07:17.679,2,0
933,2019-03-05 10:07:17.837,2,0
934,2019-03-05 10:07:18.0,2,0
935,2019-03-05 10:07:18.159,2,0
936,2019-03-05 10:07:18.321,2,0
937,2019-03-05 10:07:18.481,2,0
938,2019-03-05 10:07:18.642,2,0
939,2019-03-05 10:07:18.801,2,0
940,2019-03-05 10:07:18.962,2,0
941,2019-03-05 10:07:30.845,2,1
942,2019-03-05 10:07:31.005,2,1
943,2019-03-05 10:07:31.167,2,1
944,2019-03-05 10:07:31.328,2,1
945,2019-03-05 10:07:31.487,2,1
946,2019-03-05 10:07:31.647,2,1
947,2019-03-05 10:07:31.81,2,1
948,2019-03-05 10:07:31.97,2,1
949,2019-03-05 10:07:32.129,2,1
950,2019-03-05 10:07:32.291,2,1
951,2019-03-05 10:07:32.45,2,1
952,2019-03-05 10:07:32.611,2,1
953,2019-03-05 10:07:32.772,2,1
954,2019-03-05 10:07:32.934,2,1
955,2019-03-05 10:07:33.093,2,1
956,2019-03-05 10:07:33.253,2,1
957,2019-03-05 10:07:33.414,2,1
958,2019-03-05 10:07:33.575,2,1
959,2019-03-05 10:07:33.735,2,1
960,2019-03-05 10:07:33.897,2,1
961,2019-03-05 10:07:34.057,2,1
962,2019-03-05 10:07:34.217,2,1
963,2019-03-05 10:07:34.379,2,1
964,2019-03-05 10:07:34.537,2,1
965,2019-03-05 10:07:34.7,2,1
966,2019-03-05 10:07:34.859,2,1
967,2019-03-05 10:07:35.021,2,1
968,2019-03-05 10:07:35.18,2,1
969,2019-03-05 10:07:35.342,2,1
970,2019-03-05 10:07:35.502,2,1
971,2019-03-05 10:07:35.662,2,1
972,2019-03-05 10:07:35.824,2,1
973,2019-03-05 10:07:35.984,2,1
974,2019-03-05 10:07:36.144,2,1
975,2019-03-05 10:07:36.304,2,1
976,2019-03-05 10:07:36.466,2,1
977,2019-03-05 10:07:36.627,2,1
978,2019-03-05 10:07:36.787,2,1
979,2019-03-05 10:07:36.946,2,1
980,2019-03-05 10:07:37.109,2,1
981,2019-03-05 10:07:37.267,2,1
982,2019-03-05 10:07:37.43,2,1
983,2019-03-05 10:07:37.592,2,1
984,2019-03-05 10:07:37.751,2,1
985,2019-03-05 10:07:37.912,2,1
986,2019-03-05 10:07:38.071,2,1
987,2019-03-05 10:07:38.237,2,1
988,2019-03-05 10:07:38.392,2,1
989,2019-03-05 10:07:38.554,2,1
990,2019-03-05 10:07:38.713,2,1
991,2019-03-05 10:07:38.874,2,1
992,2019-03-05 10:07:39.035,2,1
993,2019-03-05 10:07:39.196,2,1
994,2019-03-05 10:07:39.359,2,1
995,2019-03-05 10:07:39.518,2,1
996,2019-03-05 10:07:39.677,2,1
997,2019-03-05 10:07:39.84,2,1
998,2019-03-05 10:07:39.999,2,1
999,2019-03-05 10:07:40.158,2,1
1000,2019-03-05 10:07:40.321,2,1
1001,2019-03-05 10:07:40.479,2,1
1002,2019-03-05 10:07:40.64,2,1
1003,2019-03-05 10:07:40.8,2,1
1004,2019-03-05 10:07:40.962,2,1
1005,2019-03-05 10:07:41.122,2,1
1006,2019-03-05 10:07:41.283,2,1
1007,2019-03-05 10:07:41.444,2,1
1008,2019-03-05 10:07:41.603,2,1
1009,2019-03-05 10:07:41.765,2,1
1010,2019-03-05 10:07:41.926,2,1
1011,2019-03-05 10:07:42.088,2,1
1012,2019-03-05 10:07:42.246,2,1
1013,2019-03-05 10:07:42.409,2,1
1014,2019-03-05 10:07:42.567,2,1
1015,2019-03-05 10:07:42.729,2,1
1016,2019-03-05 10:07:42.888,2,1
1017,2019-03-05 10:07:43.05,2,1
1018,2019-03-05 10:07:43.21,2,1
1019,2019-03-05 10:07:43.372,2,1
1020,2019-03-05 10:07:43.532,2,1
1021,2019-03-05 10:07:43.692,2,1
1022,2019-03-05 10:07:43.854,2,1
1023,2019-03-05 10:07:44.012,2,1
1024,2019-03-05 10:07:44.173,2,1
1025,2019-03-05 10:07:44.334,2,1
1026,2019-03-05 10:07:44.495,2,1
1027,2019-03-05 10:07:44.655,2,1
1028,2019-03-05 10:07:44.817,2,1
1029,2019-03-05 10:07:44.979,2,1
1030,2019-03-05 10:07:45.141,2,1
1031,2019-03-05 10:07:45.297,2,1
1032,2019-03-05 10:07:45.46,2,1
1033,2019-03-05 10:07:45.618,2,1
1034,2019-03-05 10:07:45.782,2,1
1035,2019-03-05 10:07:45.939,2,1
1036,2019-03-05 10:07:46.1,2,1
1037,2019-03-05 10:07:46.262,2,1
1038,2019-03-05 10:07:46.422,2,1
1039,2019-03-05 10:07:46.594,2,1
1040,2019-03-05 10:07:46.743,2,1
1041,2019-03-05 10:07:46.904,2,1
1042,2019-03-05 10:07:47.064,2,1
1043,2019-03-05 10:07:47.225,2,1
1044,2019-03-05 10:07:47.387,2,1
1045,2019-03-05 10:07:47.547,2,1
1046,2019-03-05 10:07:47.708,2,1
1047,2019-03-05 10:07:47.867,2,1
1048,2019-03-05 10:07:48.029,2,1
1049,2019-03-05 10:07:48.188,2,1
1050,2019-03-05 10:07:48.35,2,1
1051,2019-03-05 10:07:48.509,2,1
1052,2019-03-05 10:07:48.671,2,1
1053,2019-03-05 10:07:48.831,2,1
1054,2019-03-05 10:07:48.992,2,1
1055,2019-03-05 10:07:49.152,2,1
1056,2019-03-05 10:07:49.312,2,1
1057,2019-03-05 10:07:49.472,2,1
1058,2019-03-05 10:07:49.633,2,1
1059,2019-03-05 10:07:49.793,2,1
1060,2019-03-05 10:07:49.954,2,1
1061,2019-03-05 10:07:50.116,2,1
1062,2019-03-05 10:07:50.276,2,1
1063,2019-03-05 10:07:50.438,2,1
1064,2019-03-05 10:07:50.598,2,1
1065,2019-03-05 10:07:50.757,2,1
1066,2019-03-05 10:07:50.917,2,1
1067,2019-03-05 10:07:51.08,2,1
1068,2019-03-05 10:07:51.238,2,1
1069,2019-03-05 10:07:51.401,2,1
1070,2019-03-05 10:07:51.561,2,1
1071,2019-03-05 10:07:51.721,2,1
1072,2019-03-05 10:07:51.884,2,1
1073,2019-03-05 10:07:52.042,2,1
1074,2019-03-05 10:07:52.204,3,1
1075,2019-03-05 10:07:52.363,3,1
1076,2019-03-05 10:07:52.524,3,1
1077,2019-03-05 10:07:52.684,3,1
1078,2019-03-05 10:07:52.846,3,1
1079,2019-03-05 10:07:53.007,3,1
1080,2019-03-05 10:07:53.168,3,1
1081,2019-03-05 10:07:53.326,3,1
1082,2019-03-05 10:07:53.49,3,1
1083,2019-03-05 10:07:53.647,3,1
1084,2019-03-05 10:07:53.81,3,1
1085,2019-03-05 10:07:53.97,3,1
1086,2019-03-05 10:07:54.131,3,1
1087,2019-03-05 10:07:54.291,3,1
1088,2019-03-05 10:07:54.451,3,1
1089,2019-03-05 10:07:54.611,3,1
1090,2019-03-05 10:07:54.772,3,1
1091,2019-03-05 10:07:54.935,3,1
1092,2019-03-05 10:07:55.093,3,1
1093,2019-03-05 10:07:55.253,3,1
1094,2019-03-05 10:07:55.414,3,1
1095,2019-03-05 10:07:55.575,3,1
1096,2019-03-05 10:07:55.735,3,1
1097,2019-03-05 10:07:55.899,3,1
1098,2019-03-05 10:07:56.058,3,1
1099,2019-03-05 10:07:56.216,3,1
1100,2019-03-05 10:07:56.38,3,1
1101,2019-03-05 10:07:56.543,3,1
1102,2019-03-05 10:07:56.7,3,1
1103,2019-03-05 10:07:56.859,3,1
1104,2019-03-05 10:07:57.021,3,1
1105,2019-03-05 10:07:57.181,2,1
1106,2019-03-05 10:07:57.342,2,1
1107,2019-03-05 10:07:57.503,2,1
1108,2019-03-05 10:07:57.662,2,1
1109,2019-03-05 10:07:57.824,2,1
1110,2019-03-05 10:07:57.983,2,1
1111,2019-03-05 10:07:58.145,2,1
1112,2019-03-05 10:07:58.304,2,1
1113,2019-03-05 10:07:58.465,2,1
1114,2019-03-05 10:07:58.626,2,1
1115,2019-03-05 10:07:58.787,2,1
1116,2019-03-05 10:07:58.946,2,1
1117,2019-03-05 10:07:59.109,2,1
1118,2019-03-05 10:07:59.268,2,1
1119,2019-03-05 10:07:59.429,2,1
1120,2019-03-05 10:07:59.597,2,1
1121,2019-03-05 10:07:59.749,2,1
1122,2019-03-05 10:07:59.911,2,1
1123,2019-03-05 10:08:00.07,2,1
1124,2019-03-05 10:08:00.233,2,1
1125,2019-03-05 10:08:00.391,2,1
1126,2019-03-05 10:08:00.552,2,1
1127,2019-03-05 10:08:00.713,0,1
1128,2019-03-05 10:08:29.61,2,2
1129,2019-03-05 10:08:29.77,2,2
1130,2019-03-05 10:08:29.933,2,2
1131,2019-03-05 10:08:30.092,2,2
1132,2019-03-05 10:08:30.252,2,2
1133,2019-03-05 10:08:30.412,2,2
1134,2019-03-05 10:08:30.573,2,2
1135,2019-03-05 10:08:30.795,2,2
1136,2019-03-05 10:08:30.894,2,2
1137,2019-03-05 10:08:31.056,2,2
1138,2019-03-05 10:08:31.216,2,2
1139,2019-03-05 10:08:31.377,2,2
1140,2019-03-05 10:08:31.536,2,2
1141,2019-03-05 10:08:31.699,2,2
1142,2019-03-05 10:08:31.857,2,2
1143,2019-03-05 10:08:32.019,2,2
1144,2019-03-05 10:08:32.178,2,2
1145,2019-03-05 10:08:32.34,2,2
1146,2019-03-05 10:08:32.501,2,2
1147,2019-03-05 10:08:32.659,2,2
1148,2019-03-05 10:08:32.822,2,2
1149,2019-03-05 10:08:32.981,2,2
1150,2019-03-05 10:08:33.143,2,2
1151,2019-03-05 10:08:33.302,2,2
1152,2019-03-05 10:08:33.463,2,2
1153,2019-03-05 10:08:33.624,2,2
1154,2019-03-05 10:08:33.784,2,2
1155,2019-03-05 10:08:33.944,2,2
1156,2019-03-05 10:08:34.106,2,2
1157,2019-03-05 10:08:34.267,2,2
1158,2019-03-05 10:08:34.428,2,2
1159,2019-03-05 10:08:34.593,2,2
1160,2019-03-05 10:08:34.749,2,2
1161,2019-03-05 10:08:34.909,2,2
1162,2019-03-05 10:08:35.068,2,2
1163,2019-03-05 10:08:35.231,2,2
1164,2019-03-05 10:08:35.389,2,2
1165,2019-03-05 10:08:35.551,2,2
1166,2019-03-05 10:08:35.711,2,2
1167,2019-03-05 10:08:35.872,2,2
1168,2019-03-05 10:08:36.033,2,2
1169,2019-03-05 10:08:36.192,2,2
1170,2019-03-05 10:08:36.352,2,2
1171,2019-03-05 10:08:36.514,2,2
1172,2019-03-05 10:08:36.674,2,2
1173,2019-03-05 10:08:36.835,2,2
1174,2019-03-05 10:08:36.996,2,2
1175,2019-03-05 10:08:37.158,2,2
1176,2019-03-05 10:08:37.319,2,2
1177,2019-03-05 10:08:37.476,2,2
1178,2019-03-05 10:08:37.64,2,2
1179,2019-03-05 10:08:37.798,2,2
1180,2019-03-05 10:08:37.96,2,2
1181,2019-03-05 10:08:38.119,2,2
1182,2019-03-05 10:08:38.281,2,2
1183,2019-03-05 10:08:38.441,2,2
1184,2019-03-05 10:08:38.601,2,2
1185,2019-03-05 10:08:38.762,2,2
1186,2019-03-05 10:08:38.922,2,2
1187,2019-03-05 10:08:39.084,2,2
1188,2019-03-05 10:08:39.243,2,2
1189,2019-03-05 10:08:39.404,2,2
1190,2019-03-05 10:08:39.564,2,2
1191,2019-03-05 10:08:39.725,2,2
1192,2019-03-05 10:08:39.887,2,2
1193,2019-03-05 10:08:40.047,2,2
1194,2019-03-05 10:08:40.208,2,2
1195,2019-03-05 10:08:40.367,2,2
1196,2019-03-05 10:08:40.529,2,2
1197,2019-03-05 10:08:40.688,2,2
1198,2019-03-05 10:08:40.849,2,2
1199,2019-03-05 10:08:41.009,2,2
1200,2019-03-05 10:08:41.171,2,2
1201,2019-03-05 10:08:41.331,2,2
1202,2019-03-05 10:08:41.492,2,2
1203,2019-03-05 10:08:41.651,2,2
1204,2019-03-05 10:08:41.812,2,2
1205,2019-03-05 10:08:41.972,2,2
1206,2019-03-05 10:08:42.134,2,2
1207,2019-03-05 10:08:42.295,2,2
1208,2019-03-05 10:08:42.454,2,2
1209,2019-03-05 10:08:42.615,2,2
1210,2019-03-05 10:08:42.776,2,2
1211,2019-03-05 10:08:42.937,2,2
1212,2019-03-05 10:08:43.096,2,2
1213,2019-03-05 10:08:43.259,2,2
1214,2019-03-05 10:08:43.418,2,2
1215,2019-03-05 10:08:43.584,2,2
1216,2019-03-05 10:08:43.738,2,2
1217,2019-03-05 10:08:43.901,2,2
1218,2019-03-05 10:08:44.059,2,2
1219,2019-03-05 10:08:44.22,2,2
1220,2019-03-05 10:08:44.383,2,2
1221,2019-03-05 10:08:44.542,2,2
1222,2019-03-05 10:08:44.704,2,2
1223,2019-03-05 10:08:44.863,2,2
1224,2019-03-05 10:08:45.025,2,2
1225,2019-03-05 10:08:45.184,2,2
1226,2019-03-05 10:08:45.345,2,2
1227,2019-03-05 10:08:45.507,2,2
1228,2019-03-05 10:08:45.667,2,2
1229,2019-03-05 10:08:45.827,2,2
1230,2019-03-05 10:08:45.987,2,2
1231,2019-03-05 10:08:46.149,2,2
1232,2019-03-05 10:08:46.308,2,2
1233,2019-03-05 10:08:46.47,2,2
1234,2019-03-05 10:08:46.631,2,2
1235,2019-03-05 10:08:46.791,2,2
1236,2019-03-05 10:08:46.95,2,2
1237,2019-03-05 10:08:47.112,2,2
1238,2019-03-05 10:08:47.271,2,2
1239,2019-03-05 10:08:47.433,2,2
1240,2019-03-05 10:08:47.627,2,2
1241,2019-03-05 10:08:47.753,2,2
1242,2019-03-05 10:08:47.914,2,2
1243,2019-03-05 10:08:48.074,2,2
1244,2019-03-05 10:08:48.236,2,2
1245,2019-03-05 10:08:48.397,2,2
1246,2019-03-05 10:08:48.557,2,2
1247,2019-03-05 10:08:48.715,2,2
1248,2019-03-05 10:08:48.879,2,2
1249,2019-03-05 10:08:49.037,2,2
1250,2019-03-05 10:08:49.2,2,2
1251,2019-03-05 10:08:49.359,2,2
1252,2019-03-05 10:08:49.521,2,2
1253,2019-03-05 10:08:49.68,2,2
1254,2019-03-05 10:08:49.842,2,2
1255,2019-03-05 10:08:50.002,2,2
1256,2019-03-05 10:08:50.162,2,2
1257,2019-03-05 10:08:50.324,2,2
1258,2019-03-05 10:08:50.483,2,2
1259,2019-03-05 10:08:50.644,2,2
1260,2019-03-05 10:08:50.804,2,2
1261,2019-03-05 10:08:50.965,2,2
1262,2019-03-05 10:08:51.125,2,2
1263,2019-03-05 10:08:51.287,2,2
1264,2019-03-05 10:08:51.448,2,2
1265,2019-03-05 10:08:51.614,2,2
1266,2019-03-05 10:08:51.769,2,2
1267,2019-03-05 10:08:51.928,2,2
1268,2019-03-05 10:08:52.09,2,2
1269,2019-03-05 10:08:52.249,2,2
1270,2019-03-05 10:08:52.411,2,2
1271,2019-03-05 10:08:52.57,2,2
1272,2019-03-05 10:08:52.733,2,2
1273,2019-03-05 10:08:52.891,2,2
1274,2019-03-05 10:08:53.052,2,2
1275,2019-03-05 10:08:53.212,2,2
1276,2019-03-05 10:08:53.372,2,2
1277,2019-03-05 10:08:53.534,2,2
1278,2019-03-05 10:08:53.694,2,2
1279,2019-03-05 10:08:53.856,2,2
1280,2019-03-05 10:08:54.016,2,2
1281,2019-03-05 10:08:54.177,2,2
1282,2019-03-05 10:08:54.336,2,2
1283,2019-03-05 10:08:54.499,2,2
1284,2019-03-05 10:08:54.657,2,2
1285,2019-03-05 10:08:54.82,2,2
1286,2019-03-05 10:08:54.978,2,2
1287,2019-03-05 10:08:55.141,2,2
1288,2019-03-05 10:08:55.299,2,2
1289,2019-03-05 10:08:55.461,2,2
1290,2019-03-05 10:08:55.622,2,2
1291,2019-03-05 10:08:55.783,2,2
1292,2019-03-05 10:08:55.942,2,2
1293,2019-03-05 10:08:56.103,2,2
1294,2019-03-05 10:08:56.265,2,2
1295,2019-03-05 10:08:56.424,2,2
1296,2019-03-05 10:08:56.593,2,2
1297,2019-03-05 10:08:56.744,2,2
1298,2019-03-05 10:08:56.906,2,2
1299,2019-03-05 10:08:57.067,2,2
1300,2019-03-05 10:08:57.226,2,2
1301,2019-03-05 10:08:57.387,2,2
1302,2019-03-05 10:08:57.549,2,2
1303,2019-03-05 10:08:57.71,2,2
1304,2019-03-05 10:08:57.868,2,2
1305,2019-03-05 10:08:58.031,2,2
1306,2019-03-05 10:08:58.189,2,2
1307,2019-03-05 10:08:58.352,2,2
1308,2019-03-05 10:08:58.511,2,2
1309,2019-03-05 10:08:58.674,2,2
1310,2019-03-05 10:08:58.833,2,2
1311,2019-03-05 10:08:58.992,2,2
1312,2019-03-05 10:08:59.153,2,2
1313,2019-03-05 10:08:59.314,2,2
1314,2019-03-05 10:08:59.476,2,2
1315,2019-03-05 10:08:59.636,2,2
1316,2019-03-05 10:08:59.797,2,2
1317,2019-03-05 10:08:59.957,2,2
1318,2019-03-05 10:09:00.119,2,2
1319,2019-03-05 10:09:00.277,2,2
1320,2019-03-05 10:09:00.44,2,2
1321,2019-03-05 10:09:51.827,3,3
1322,2019-03-05 10:09:51.988,3,3
1323,2019-03-05 10:09:52.149,3,3
1324,2019-03-05 10:09:52.307,3,3
1325,2019-03-05 10:09:52.469,3,3
1326,2019-03-05 10:09:52.629,3,3
1327,2019-03-05 10:09:52.789,3,3
1328,2019-03-05 10:09:52.949,3,3
1329,2019-03-05 10:09:53.111,3,3
1330,2019-03-05 10:09:53.273,3,3
1331,2019-03-05 10:09:53.432,3,3
1332,2019-03-05 10:09:53.597,3,3
1333,2019-03-05 10:09:53.753,3,3
1334,2019-03-05 10:09:53.915,3,3
1335,2019-03-05 10:09:54.074,3,3
1336,2019-03-05 10:09:54.235,3,3
1337,2019-03-05 10:09:54.396,3,3
1338,2019-03-05 10:09:54.557,3,3
1339,2019-03-05 10:09:54.718,3,3
1340,2019-03-05 10:09:54.877,3,3
1341,2019-03-05 10:09:55.037,3,3
1342,2019-03-05 10:09:55.199,3,3
1343,2019-03-05 10:09:55.36,3,3
1344,2019-03-05 10:09:55.519,3,3
1345,2019-03-05 10:09:55.682,3,3
1346,2019-03-05 10:09:55.84,3,3
1347,2019-03-05 10:09:56.002,3,3
1348,2019-03-05 10:09:56.198,3,3
1349,2019-03-05 10:09:56.324,3,3
1350,2019-03-05 10:09:56.483,3,3
1351,2019-03-05 10:09:56.644,3,3
1352,2019-03-05 10:09:56.805,3,3
1353,2019-03-05 10:09:56.965,3,3
1354,2019-03-05 10:09:57.126,3,3
1355,2019-03-05 10:09:57.287,3,3
1356,2019-03-05 10:09:57.448,3,3
1357,2019-03-05 10:09:57.607,3,3
1358,2019-03-05 10:09:57.769,3,3
1359,2019-03-05 10:09:57.928,3,3
1360,2019-03-05 10:09:58.09,3,3
1361,2019-03-05 10:09:58.249,3,3
1362,2019-03-05 10:09:58.411,3,3
1363,2019-03-05 10:09:58.57,3,3
1364,2019-03-05 10:09:58.733,3,3
1365,2019-03-05 10:09:58.892,3,3
1366,2019-03-05 10:09:59.052,2,3
1367,2019-03-05 10:09:59.212,2,3
1368,2019-03-05 10:09:59.374,2,3
1369,2019-03-05 10:09:59.544,2,3
1370,2019-03-05 10:09:59.695,2,3
1371,2019-03-05 10:09:59.856,2,3
1372,2019-03-05 10:10:00.017,2,3
1373,2019-03-05 10:10:00.179,2,3
1374,2019-03-05 10:10:00.337,2,3
1375,2019-03-05 10:10:00.499,2,3
1376,2019-03-05 10:10:00.657,2,3
1377,2019-03-05 10:10:00.819,2,3
1378,2019-03-05 10:10:00.979,2,3
1379,2019-03-05 10:10:01.141,2,3
1380,2019-03-05 10:10:01.302,2,3
1381,2019-03-05 10:10:01.461,2,3
1382,2019-03-05 10:10:01.622,2,3
1383,2019-03-05 10:10:01.783,2,3
1384,2019-03-05 10:10:01.944,2,3
1385,2019-03-05 10:10:02.104,2,3
1386,2019-03-05 10:10:02.264,2,3
1387,2019-03-05 10:10:02.425,2,3
1388,2019-03-05 10:10:02.592,2,3
1389,2019-03-05 10:10:02.745,2,3
1390,2019-03-05 10:10:02.909,2,3
1391,2019-03-05 10:10:03.067,2,3
1392,2019-03-05 10:10:03.229,2,3
1393,2019-03-05 10:10:03.39,2,3
1394,2019-03-05 10:10:03.549,2,3
1395,2019-03-05 10:10:03.711,2,3
1396,2019-03-05 10:10:03.87,2,3
1397,2019-03-05 10:10:04.033,2,3
1398,2019-03-05 10:10:04.192,2,3
1399,2019-03-05 10:10:04.354,2,3
1400,2019-03-05 10:10:04.513,2,3
1401,2019-03-05 10:10:04.672,2,3
1402,2019-03-05 10:10:04.833,2,3
1403,2019-03-05 10:10:04.994,2,3
1404,2019-03-05 10:10:05.163,2,3
1405,2019-03-05 10:10:05.316,2,3
1406,2019-03-05 10:10:05.477,2,3
1407,2019-03-05 10:10:05.637,2,3
1408,2019-03-05 10:10:05.799,2,3
1409,2019-03-05 10:10:05.957,2,3
1410,2019-03-05 10:10:06.121,2,3
1411,2019-03-05 10:10:06.278,2,3
1412,2019-03-05 10:10:06.441,2,3
1413,2019-03-05 10:10:06.6,2,3
1414,2019-03-05 10:10:06.761,2,3
1415,2019-03-05 10:10:06.921,2,3
1416,2019-03-05 10:10:07.083,2,3
1417,2019-03-05 10:10:07.242,2,3
1418,2019-03-05 10:10:07.403,2,3
1419,2019-03-05 10:10:07.565,2,3
1420,2019-03-05 10:10:07.724,2,3
1421,2019-03-05 10:10:07.887,2,3
1422,2019-03-05 10:10:08.047,2,3
1423,2019-03-05 10:10:08.208,2,3
1424,2019-03-05 10:10:08.367,2,3
1425,2019-03-05 10:10:08.54,2,3
1426,2019-03-05 10:10:08.688,2,3
1427,2019-03-05 10:10:08.85,3,3
1428,2019-03-05 10:10:09.009,3,3
1429,2019-03-05 10:10:09.171,3,3
1430,2019-03-05 10:10:09.33,3,3
1431,2019-03-05 10:10:09.491,3,3
1432,2019-03-05 10:10:09.654,3,3
1433,2019-03-05 10:10:09.812,3,3
1434,2019-03-05 10:10:09.974,3,3
1435,2019-03-05 10:10:10.135,3,3
1436,2019-03-05 10:10:10.294,3,3
1437,2019-03-05 10:10:10.454,3,3
1438,2019-03-05 10:10:10.615,3,3
1439,2019-03-05 10:10:10.775,3,3
1440,2019-03-05 10:10:10.938,3,3
1441,2019-03-05 10:10:11.097,3,3
1442,2019-03-05 10:10:11.259,3,3
1443,2019-03-05 10:10:11.42,3,3
1444,2019-03-05 10:10:11.583,3,3
1445,2019-03-05 10:10:11.74,3,3
1446,2019-03-05 10:10:11.899,3,3
1447,2019-03-05 10:10:12.062,3,3
1448,2019-03-05 10:10:12.221,3,3
1449,2019-03-05 10:10:12.383,3,3
1450,2019-03-05 10:10:12.542,3,3
1451,2019-03-05 10:10:12.702,3,3
1452,2019-03-05 10:10:12.863,3,3
1453,2019-03-05 10:10:13.024,3,3
1454,2019-03-05 10:10:13.185,3,3
1455,2019-03-05 10:10:13.345,3,3
1456,2019-03-05 10:10:13.507,3,3
1457,2019-03-05 10:10:13.667,3,3
1458,2019-03-05 10:10:13.829,3,3
1459,2019-03-05 10:10:13.987,3,3
1460,2019-03-05 10:10:14.149,3,3
1461,2019-03-05 10:10:14.308,3,3
1462,2019-03-05 10:10:14.47,3,3
1463,2019-03-05 10:10:14.63,3,3
1464,2019-03-05 10:10:14.79,3,3
1465,2019-03-05 10:10:14.95,3,3
1466,2019-03-05 10:10:15.112,3,3
1467,2019-03-05 10:10:15.271,3,3
1468,2019-03-05 10:10:15.433,3,3
1469,2019-03-05 10:10:15.596,3,3
1470,2019-03-05 10:10:15.753,3,3
1471,2019-03-05 10:10:15.915,3,3
1472,2019-03-05 10:10:16.075,3,3
1473,2019-03-05 10:10:16.236,3,3
1474,2019-03-05 10:10:16.397,3,3
1475,2019-03-05 10:10:16.558,3,3
1476,2019-03-05 10:10:16.717,3,3
1477,2019-03-05 10:10:16.879,3,3
1478,2019-03-05 10:10:17.038,3,3
1479,2019-03-05 10:10:17.2,3,3
1480,2019-03-05 10:10:17.361,3,3
1481,2019-03-05 10:10:17.52,3,3
1482,2019-03-05 10:10:17.68,3,3
1483,2019-03-05 10:10:17.841,3,3
1484,2019-03-05 10:10:18.004,3,3
1485,2019-03-05 10:10:18.162,3,3
1486,2019-03-05 10:10:18.324,3,3
1487,2019-03-05 10:10:18.484,3,3
1488,2019-03-05 10:10:18.644,3,3
1489,2019-03-05 10:10:18.806,3,3
1490,2019-03-05 10:10:18.966,3,3
1491,2019-03-05 10:10:19.127,3,3
1492,2019-03-05 10:10:19.286,3,3
1493,2019-03-05 10:10:19.446,3,3
1494,2019-03-05 10:10:19.607,3,3
1495,2019-03-05 10:10:19.769,3,3
1496,2019-03-05 10:10:19.929,3,3
1497,2019-03-05 10:10:20.09,3,3
1498,2019-03-05 10:10:20.249,3,3
1499,2019-03-05 10:10:20.411,3,3
1500,2019-03-05 10:10:20.571,3,3
1501,2019-03-05 10:10:20.768,3,3
1502,2019-03-05 10:10:20.892,3,3
1503,2019-03-05 10:10:21.052,3,3
1504,2019-03-05 10:10:21.213,3,3
1505,2019-03-05 10:10:21.374,3,3
1506,2019-03-05 10:10:21.536,3,3
1507,2019-03-05 10:10:21.694,3,3
1508,2019-03-05 10:10:21.856,3,3
1509,2019-03-05 10:10:22.018,3,3
1510,2019-03-05 10:10:22.179,3,3
1511,2019-03-05 10:10:22.337,3,3
1512,2019-03-05 10:10:22.499,3,3
1513,2019-03-05 10:10:22.658,3,3
1514,2019-03-05 10:10:26.673,3,3
1515,2019-03-05 10:10:26.835,3,3
1516,2019-03-05 10:10:26.994,3,3
1517,2019-03-05 10:10:27.156,3,3
1518,2019-03-05 10:10:27.317,3,3
1519,2019-03-05 10:10:27.477,3,3
1520,2019-03-05 10:10:27.637,3,3
1521,2019-03-05 10:10:27.799,3,3
1522,2019-03-05 10:10:27.958,3,3
1523,2019-03-05 10:10:28.12,3,3
1524,2019-03-05 10:10:28.279,3,3
1525,2019-03-05 10:10:28.441,3,3
1526,2019-03-05 10:10:28.6,3,3
1527,2019-03-05 10:10:28.76,3,3
1528,2019-03-05 10:10:28.921,3,3
1529,2019-03-05 10:10:29.083,3,3
1530,2019-03-05 10:10:29.242,3,3
1531,2019-03-05 10:10:29.404,3,3
1532,2019-03-05 10:10:29.565,3,3
1533,2019-03-05 10:10:29.724,3,3
1534,2019-03-05 10:10:29.888,3,3
1535,2019-03-05 10:10:30.047,3,3
1536,2019-03-05 10:10:30.208,3,3
1537,2019-03-05 10:10:30.366,3,3
1538,2019-03-05 10:10:30.529,3,3
1539,2019-03-05 10:10:30.687,3,3
1540,2019-03-05 10:10:30.848,3,3
1541,2019-03-05 10:10:31.009,3,3
1542,2019-03-05 10:10:31.171,3,3
1543,2019-03-05 10:10:31.332,3,3
1544,2019-03-05 10:10:31.492,3,3
1545,2019-03-05 10:10:31.652,3,3
1546,2019-03-05 10:10:31.812,3,3
1547,2019-03-05 10:10:31.974,3,3
1548,2019-03-05 10:10:32.135,3,3
1549,2019-03-05 10:10:32.294,3,3
1550,2019-03-05 10:10:32.455,3,3
1551,2019-03-05 10:10:32.616,3,3
1552,2019-03-05 10:10:32.777,3,3
1553,2019-03-05 10:10:32.937,3,3
1554,2019-03-05 10:10:33.097,3,3
1555,2019-03-05 10:10:33.259,3,3
1556,2019-03-05 10:10:33.419,3,3
1557,2019-03-05 10:10:33.583,3,3
1558,2019-03-05 10:10:33.741,3,3
1559,2019-03-05 10:10:33.9,3,3
1560,2019-03-05 10:10:34.062,3,3
1561,2019-03-05 10:10:34.222,3,3
1562,2019-03-05 10:10:34.383,3,3
1563,2019-03-05 10:10:34.542,3,3
1564,2019-03-05 10:10:34.702,3,3
1565,2019-03-05 10:10:34.863,3,3
1566,2019-03-05 10:10:35.024,3,3
1567,2019-03-05 10:10:35.186,3,3
1568,2019-03-05 10:10:35.346,3,3
1569,2019-03-05 10:10:35.514,3,3
1570,2019-03-05 10:10:35.669,3,3
1571,2019-03-05 10:10:35.829,3,3
1572,2019-03-05 10:10:35.987,3,3
1573,2019-03-05 10:10:36.15,3,3
1574,2019-03-05 10:10:36.308,3,3
1575,2019-03-05 10:10:36.471,3,3
1576,2019-03-05 10:10:36.634,3,3
1577,2019-03-05 10:10:36.79,3,3
1578,2019-03-05 10:10:36.951,3,3
1579,2019-03-05 10:10:37.112,3,3
1580,2019-03-05 10:10:37.272,3,3
1581,2019-03-05 10:10:37.434,3,3
1582,2019-03-05 10:10:37.596,3,3
1583,2019-03-05 10:10:37.754,3,3
1584,2019-03-05 10:10:37.915,3,3
1585,2019-03-05 10:10:38.076,3,3
1586,2019-03-05 10:10:38.237,3,3
1587,2019-03-05 10:10:38.398,3,3
1588,2019-03-05 10:10:38.559,3,3
1589,2019-03-05 10:10:38.717,3,3
1590,2019-03-05 10:10:38.879,3,3
1591,2019-03-05 10:10:39.038,3,3
1592,2019-03-05 10:10:39.201,3,3
1593,2019-03-05 10:10:39.359,3,3
1594,2019-03-05 10:10:39.52,3,3
1595,2019-03-05 10:10:39.683,3,3
1596,2019-03-05 10:10:39.842,3,3
1597,2019-03-05 10:10:40.004,3,3
1598,2019-03-05 10:10:40.163,3,3
1599,2019-03-05 10:10:40.324,3,3
1600,2019-03-05 10:10:40.484,3,3
1601,2019-03-05 10:10:40.644,3,3
1602,2019-03-05 10:10:40.807,3,3
1603,2019-03-05 10:10:40.967,3,3
1604,2019-03-05 10:10:41.132,3,3
1605,2019-03-05 10:10:41.289,3,3
1606,2019-03-05 10:10:41.449,3,3
1607,2019-03-05 10:10:41.607,3,3
1608,2019-03-05 10:10:41.769,3,3
1609,2019-03-05 10:10:41.929,3,3
1610,2019-03-05 10:10:42.091,3,3
1611,2019-03-05 10:10:42.25,3,3
1612,2019-03-05 10:10:42.412,3,3
1613,2019-03-05 10:10:42.571,3,3
1614,2019-03-05 10:10:42.733,3,3
1615,2019-03-05 10:10:42.892,3,3
1616,2019-03-05 10:10:43.052,3,3
1617,2019-03-05 10:10:43.213,3,3
1618,2019-03-05 10:10:43.374,3,3
1619,2019-03-05 10:10:43.537,3,3
1620,2019-03-05 10:10:43.696,3,3
1621,2019-03-05 10:10:43.857,3,3
1622,2019-03-05 10:10:44.016,3,3
1623,2019-03-05 10:10:44.179,3,3
1624,2019-03-05 10:10:44.338,3,3
1625,2019-03-05 10:10:44.5,3,3
1626,2019-03-05 10:10:44.66,3,3
1627,2019-03-05 10:10:44.819,3,3
1628,2019-03-05 10:10:44.98,3,3
1629,2019-03-05 10:10:45.142,3,3
1630,2019-03-05 10:10:45.302,3,3
1631,2019-03-05 10:10:45.462,3,3
1632,2019-03-05 10:10:45.635,3,3
1633,2019-03-05 10:10:45.783,3,3
1634,2019-03-05 10:10:45.943,3,3
1635,2019-03-05 10:10:46.104,-1,3
1636,2019-03-05 10:10:46.264,-1,3
1637,2019-03-05 10:10:46.426,-1,3
1638,2019-03-05 10:10:46.594,-1,3
1639,2019-03-05 10:10:46.746,-1,3
1640,2019-03-05 10:10:46.909,-1,3
1641,2019-03-05 10:10:47.067,-1,3
1642,2019-03-05 10:10:47.229,-1,3
1643,2019-03-05 10:10:47.39,-1,3
1644,2019-03-05 10:10:47.549,-1,3
1645,2019-03-05 10:10:47.711,-1,3
1646,2019-03-05 10:10:47.87,-1,3
1647,2019-03-05 10:10:48.041,-1,3
