2562-01-14 151731,,,,,,,,,,,,
Start Time,2562/01/14 15:17:31,Timestamp,1547453851642,,,,,,,,,
sensor ID,timestamp (ms),Sample Count,acc_x,acc_y,acc_z,gyro_x,gyro_y,gyro_z,mag_x,mag_y,mag_z,mark
76f897717d325b35,1547453851673,0,-4865.0,-4353.0,4863.0,0.0,0.0,0.0,0.0,0.0,0.0,0
76f897717d325b35,1547453851694,1,-4865.0,-4609.0,4863.0,0.0,0.0,0.0,0.0,0.0,0.0,0
76f897717d325b35,1547453851723,2,-4865.0,-4353.0,4863.0,0.0,0.0,0.0,0.0,0.0,0.0,0
76f897717d325b35,1547453851753,3,-4865.0,-4353.0,4863.0,0.0,0.0,0.0,0.0,0.0,0.0,0
76f897717d325b35,1547453851783,4,-4865.0,-4353.0,4863.0,0.0,0.0,0.0,0.0,0.0,0.0,0
76f897717d325b35,1547453851813,5,-4865.0,-4353.0,4863.0,0.0,0.0,0.0,0.0,0.0,0.0,0
76f897717d325b35,1547453851873,6,-4865.0,-4353.0,4863.0,0.0,0.0,0.0,0.0,0.0,0.0,0
76f897717d325b35,1547453851903,7,-4865.0,-4353.0,4863.0,0.0,0.0,0.0,0.0,0.0,0.0,0
76f897717d325b35,1547453851934,8,-4865.0,-4609.0,4863.0,0.0,0.0,0.0,0.0,0.0,0.0,0
76f897717d325b35,1547453851964,9,-4865.0,-4353.0,4863.0,0.0,0.0,0.0,0.0,0.0,0.0,0
76f897717d325b35,1547453851994,10,-4865.0,-4353.0,4863.0,0.0,0.0,0.0,0.0,0.0,0.0,0
76f897717d325b35,1547453852024,11,-4865.0,-4353.0,4863.0,0.0,0.0,0.0,0.0,0.0,0.0,0
76f897717d325b35,1547453852053,12,-4865.0,-4353.0,4863.0,0.0,0.0,0.0,0.0,0.0,0.0,0
76f897717d325b35,1547453852083,13,-4865.0,-4353.0,4863.0,0.0,0.0,0.0,0.0,0.0,0.0,0
76f897717d325b35,1547453852113,14,-4865.0,-4353.0,4863.0,0.0,0.0,0.0,0.0,0.0,0.0,0
76f897717d325b35,1547453852144,15,-4865.0,-4353.0,4863.0,0.0,0.0,0.0,0.0,0.0,0.0,0
76f897717d325b35,1547453852203,16,-4865.0,-4353.0,4863.0,0.0,0.0,0.0,0.0,0.0,0.0,0
76f897717d325b35,1547453852233,17,-4865.0,-4353.0,4863.0,0.0,0.0,0.0,0.0,0.0,0.0,0
76f897717d325b35,1547453852263,18,-4865.0,-4353.0,4863.0,0.0,0.0,0.0,0.0,0.0,0.0,0
76f897717d325b35,1547453852294,19,-4865.0,-4609.0,4863.0,0.0,0.0,0.0,0.0,0.0,0.0,0
76f897717d325b35,1547453852324,20,-4865.0,-4609.0,4863.0,0.0,0.0,0.0,0.0,0.0,0.0,0
76f897717d325b35,1547453852354,21,-4865.0,-4353.0,4863.0,0.0,0.0,0.0,0.0,0.0,0.0,0
76f897717d325b35,1547453852384,22,-4865.0,-4353.0,4863.0,0.0,0.0,0.0,0.0,0.0,0.0,0
76f897717d325b35,1547453852414,23,-4865.0,-4353.0,4863.0,0.0,0.0,0.0,0.0,0.0,0.0,0
76f897717d325b35,1547453852444,24,-4865.0,-4609.0,4863.0,0.0,0.0,0.0,0.0,0.0,0.0,0
76f897717d325b35,1547453852474,25,-4865.0,-4353.0,4863.0,0.0,0.0,0.0,0.0,0.0,0.0,0
76f897717d325b35,1547453852534,26,-4865.0,-4353.0,4863.0,0.0,0.0,0.0,0.0,0.0,0.0,0
76f897717d325b35,1547453852564,27,-4865.0,-4353.0,4863.0,0.0,0.0,0.0,0.0,0.0,0.0,0
76f897717d325b35,1547453852594,28,-4865.0,-4353.0,4863.0,0.0,0.0,0.0,0.0,0.0,0.0,0
76f897717d325b35,1547453852624,29,-4865.0,-4353.0,4863.0,0.0,0.0,0.0,0.0,0.0,0.0,0
76f897717d325b35,1547453852683,30,-4865.0,-4609.0,4863.0,0.0,0.0,0.0,0.0,0.0,0.0,0
76f897717d325b35,1547453852685,31,-4865.0,-4353.0,4863.0,0.0,0.0,0.0,0.0,0.0,0.0,0
76f897717d325b35,1547453852714,32,-4865.0,-4609.0,4863.0,0.0,0.0,0.0,0.0,0.0,0.0,0
76f897717d325b35,1547453852744,33,-4865.0,-4353.0,4863.0,0.0,0.0,0.0,0.0,0.0,0.0,0
76f897717d325b35,1547453852774,34,-4865.0,-4353.0,4863.0,0.0,0.0,0.0,0.0,0.0,0.0,0
76f897717d325b35,1547453852804,35,-4865.0,-4609.0,4863.0,0.0,0.0,0.0,0.0,0.0,0.0,0
76f897717d325b35,1547453852864,36,-4865.0,-4353.0,4863.0,0.0,0.0,0.0,0.0,0.0,0.0,0
76f897717d325b35,1547453852894,37,-4865.0,-4353.0,4863.0,0.0,0.0,0.0,0.0,0.0,0.0,0
76f897717d325b35,1547453852924,38,-4865.0,-4353.0,4863.0,0.0,0.0,0.0,0.0,0.0,0.0,0
76f897717d325b35,1547453852953,39,-4865.0,-4353.0,4863.0,0.0,0.0,0.0,0.0,0.0,0.0,0
76f897717d325b35,1547453852984,40,-4865.0,-4609.0,4863.0,0.0,0.0,0.0,0.0,0.0,0.0,0
76f897717d325b35,1547453853014,41,-4865.0,-4609.0,4863.0,0.0,0.0,0.0,0.0,0.0,0.0,0
76f897717d325b35,1547453853044,42,-4865.0,-4353.0,4863.0,0.0,0.0,0.0,0.0,0.0,0.0,0
76f897717d325b35,1547453853074,43,-4865.0,-4353.0,4863.0,0.0,0.0,0.0,0.0,0.0,0.0,0
76f897717d325b35,1547453853104,44,-4865.0,-4353.0,4863.0,0.0,0.0,0.0,0.0,0.0,0.0,0
76f897717d325b35,1547453853134,45,-4865.0,-4353.0,4863.0,0.0,0.0,0.0,0.0,0.0,0.0,0
76f897717d325b35,1547453853194,46,-4865.0,-4353.0,4863.0,0.0,0.0,0.0,0.0,0.0,0.0,0
76f897717d325b35,1547453853224,47,-4865.0,-4353.0,4863.0,0.0,0.0,0.0,0.0,0.0,0.0,0
76f897717d325b35,1547453853254,48,-4865.0,-4353.0,4863.0,0.0,0.0,0.0,0.0,0.0,0.0,0
76f897717d325b35,1547453853284,49,-4865.0,-4353.0,4863.0,0.0,0.0,0.0,0.0,0.0,0.0,0
76f897717d325b35,1547453853314,50,-4865.0,-4353.0,4863.0,0.0,0.0,0.0,0.0,0.0,0.0,0
76f897717d325b35,1547453853345,51,-4865.0,-4609.0,4863.0,0.0,0.0,0.0,0.0,0.0,0.0,0
76f897717d325b35,1547453853403,52,-4865.0,-4353.0,4863.0,0.0,0.0,0.0,0.0,0.0,0.0,0
76f897717d325b35,1547453853405,53,-4865.0,-4353.0,4863.0,0.0,0.0,0.0,0.0,0.0,0.0,0
76f897717d325b35,1547453853434,54,-4865.0,-4353.0,4863.0,0.0,0.0,0.0,0.0,0.0,0.0,0
76f897717d325b35,1547453853464,55,-4865.0,-4609.0,4863.0,0.0,0.0,0.0,0.0,0.0,0.0,0
76f897717d325b35,1547453853524,56,-4865.0,-4609.0,4863.0,0.0,0.0,0.0,0.0,0.0,0.0,0
76f897717d325b35,1547453853554,57,-4865.0,-4353.0,4863.0,0.0,0.0,0.0,0.0,0.0,0.0,0
76f897717d325b35,1547453853584,58,-4865.0,-4609.0,4863.0,0.0,0.0,0.0,0.0,0.0,0.0,0
76f897717d325b35,1547453853614,59,-4865.0,-4353.0,4863.0,0.0,0.0,0.0,0.0,0.0,0.0,0
76f897717d325b35,1547453853644,60,-4865.0,-4353.0,4863.0,0.0,0.0,0.0,0.0,0.0,0.0,0
76f897717d325b35,1547453853675,61,-4865.0,-4353.0,4863.0,0.0,0.0,0.0,0.0,0.0,0.0,0
76f897717d325b35,1547453853705,62,-4865.0,-4353.0,4863.0,0.0,0.0,0.0,0.0,0.0,0.0,0
76f897717d325b35,1547453853733,63,-4865.0,-4353.0,4863.0,0.0,0.0,0.0,0.0,0.0,0.0,0
76f897717d325b35,1547453853764,64,-4865.0,-4353.0,4863.0,0.0,0.0,0.0,0.0,0.0,0.0,0
76f897717d325b35,1547453853794,65,-4865.0,-4609.0,4863.0,0.0,0.0,0.0,0.0,0.0,0.0,0
76f897717d325b35,1547453853854,66,-4865.0,-4353.0,4863.0,0.0,0.0,0.0,0.0,0.0,0.0,0
76f897717d325b35,1547453853884,67,-4865.0,-4353.0,4863.0,0.0,0.0,0.0,0.0,0.0,0.0,0
76f897717d325b35,1547453853914,68,-4865.0,-4353.0,4863.0,0.0,0.0,0.0,0.0,0.0,0.0,0
76f897717d325b35,1547453853943,69,-4865.0,-4353.0,4863.0,0.0,0.0,0.0,0.0,0.0,0.0,0
76f897717d325b35,1547453853974,70,-4865.0,-4353.0,4863.0,0.0,0.0,0.0,0.0,0.0,0.0,0
76f897717d325b35,1547453854004,71,-4865.0,-4353.0,4863.0,0.0,0.0,0.0,0.0,0.0,0.0,0
76f897717d325b35,1547453854033,72,-4865.0,-4353.0,4863.0,0.0,0.0,0.0,0.0,0.0,0.0,0
76f897717d325b35,1547453854064,73,-4865.0,-4353.0,4863.0,0.0,0.0,0.0,0.0,0.0,0.0,0
76f897717d325b35,1547453854094,74,-4865.0,-4609.0,4863.0,0.0,0.0,0.0,0.0,0.0,0.0,0
76f897717d325b35,1547453854124,75,-4865.0,-4353.0,4863.0,0.0,0.0,0.0,0.0,0.0,0.0,0
76f897717d325b35,1547453854184,76,-4865.0,-4353.0,4863.0,0.0,0.0,0.0,0.0,0.0,0.0,0
76f897717d325b35,1547453854214,77,-4865.0,-4353.0,4863.0,0.0,0.0,0.0,0.0,0.0,0.0,0
76f897717d325b35,1547453854246,78,-4865.0,-4353.0,4863.0,0.0,0.0,0.0,0.0,0.0,0.0,0
76f897717d325b35,1547453854279,79,-4865.0,-4353.0,4863.0,0.0,0.0,0.0,0.0,0.0,0.0,0
76f897717d325b35,1547453855533,80,-4865.0,-4353.0,4863.0,0.0,0.0,0.0,0.0,0.0,0.0,0
76f897717d325b35,1547453855564,81,-4865.0,-4609.0,4863.0,0.0,0.0,0.0,0.0,0.0,0.0,0
76f897717d325b35,1547453855594,82,-4865.0,-4609.0,4863.0,0.0,0.0,0.0,0.0,0.0,0.0,0
76f897717d325b35,1547453855623,83,-4865.0,-4609.0,4863.0,0.0,0.0,0.0,0.0,0.0,0.0,0
76f897717d325b35,1547453855653,84,-4865.0,-4353.0,4863.0,0.0,0.0,0.0,0.0,0.0,0.0,0
76f897717d325b35,1547453855683,85,-4865.0,-4353.0,4863.0,0.0,0.0,0.0,0.0,0.0,0.0,0
76f897717d325b35,1547453855714,86,-4865.0,-4609.0,4863.0,0.0,0.0,0.0,0.0,0.0,0.0,0
76f897717d325b35,1547453855744,87,-4865.0,-4353.0,4863.0,0.0,0.0,0.0,0.0,0.0,0.0,0
76f897717d325b35,1547453855774,88,-4865.0,-4353.0,4863.0,0.0,0.0,0.0,0.0,0.0,0.0,0
76f897717d325b35,1547453855833,89,-4865.0,-4353.0,4863.0,0.0,0.0,0.0,0.0,0.0,0.0,0
76f897717d325b35,1547453855865,90,-4865.0,-4609.0,4863.0,0.0,0.0,0.0,0.0,0.0,0.0,0
76f897717d325b35,1547453855894,91,-4865.0,-4353.0,4863.0,0.0,0.0,0.0,0.0,0.0,0.0,0
76f897717d325b35,1547453855924,92,-4865.0,-4353.0,4863.0,0.0,0.0,0.0,0.0,0.0,0.0,0
76f897717d325b35,1547453855954,93,-4865.0,-4353.0,4863.0,0.0,0.0,0.0,0.0,0.0,0.0,0
76f897717d325b35,1547453855985,94,-4865.0,-4353.0,4863.0,0.0,0.0,0.0,0.0,0.0,0.0,0
76f897717d325b35,1547453856014,95,-4865.0,-4353.0,4863.0,0.0,0.0,0.0,0.0,0.0,0.0,0
76f897717d325b35,1547453856045,96,-4865.0,-4353.0,4863.0,0.0,0.0,0.0,0.0,0.0,0.0,0
76f897717d325b35,1547453856074,97,-4865.0,-4609.0,4863.0,0.0,0.0,0.0,0.0,0.0,0.0,0
76f897717d325b35,1547453856104,98,-4865.0,-4353.0,4863.0,0.0,0.0,0.0,0.0,0.0,0.0,0
76f897717d325b35,1547453856164,99,-4865.0,-4353.0,4863.0,0.0,0.0,0.0,0.0,0.0,0.0,0
76f897717d325b35,1547453856194,100,-4865.0,-4609.0,4863.0,0.0,0.0,0.0,0.0,0.0,0.0,0
76f897717d325b35,1547453856224,101,-4865.0,-4353.0,4863.0,0.0,0.0,0.0,0.0,0.0,0.0,0
76f897717d325b35,1547453856254,102,-4865.0,-4353.0,4863.0,0.0,0.0,0.0,0.0,0.0,0.0,0
76f897717d325b35,1547453856284,103,-4865.0,-4353.0,4863.0,0.0,0.0,0.0,0.0,0.0,0.0,0
76f897717d325b35,1547453856314,104,-4865.0,-4353.0,4863.0,0.0,0.0,0.0,0.0,0.0,0.0,0
76f897717d325b35,1547453856344,105,-4865.0,-4353.0,4863.0,0.0,0.0,0.0,0.0,0.0,0.0,0
76f897717d325b35,1547453856374,106,-4865.0,-4609.0,4863.0,0.0,0.0,0.0,0.0,0.0,0.0,0
76f897717d325b35,1547453856404,107,-4865.0,-4609.0,4863.0,0.0,0.0,0.0,0.0,0.0,0.0,0
76f897717d325b35,1547453856434,108,-4865.0,-4609.0,4863.0,0.0,0.0,0.0,0.0,0.0,0.0,0
76f897717d325b35,1547453856495,109,-4865.0,-4609.0,4863.0,0.0,0.0,0.0,0.0,0.0,0.0,0
76f897717d325b35,1547453856524,110,-4865.0,-4609.0,4863.0,0.0,0.0,0.0,0.0,0.0,0.0,0
76f897717d325b35,1547453856554,111,-4865.0,-4353.0,4863.0,0.0,0.0,0.0,0.0,0.0,0.0,0
76f897717d325b35,1547453856584,112,-4865.0,-4353.0,4863.0,0.0,0.0,0.0,0.0,0.0,0.0,0
76f897717d325b35,1547453856614,113,-4865.0,-4353.0,4863.0,0.0,0.0,0.0,0.0,0.0,0.0,0
76f897717d325b35,1547453856644,114,-4865.0,-4609.0,4863.0,0.0,0.0,0.0,0.0,0.0,0.0,0
76f897717d325b35,1547453856674,115,-4865.0,-4609.0,4863.0,0.0,0.0,0.0,0.0,0.0,0.0,0
76f897717d325b35,1547453856704,116,-4865.0,-4353.0,4863.0,0.0,0.0,0.0,0.0,0.0,0.0,0
76f897717d325b35,1547453856734,117,-4865.0,-4353.0,4863.0,0.0,0.0,0.0,0.0,0.0,0.0,0
76f897717d325b35,1547453856764,118,-4865.0,-4609.0,4863.0,0.0,0.0,0.0,0.0,0.0,0.0,0
76f897717d325b35,1547453856824,119,-4865.0,-4353.0,4863.0,0.0,0.0,0.0,0.0,0.0,0.0,0
76f897717d325b35,1547453856854,120,-4865.0,-4609.0,4863.0,0.0,0.0,0.0,0.0,0.0,0.0,0
76f897717d325b35,1547453856884,121,-4865.0,-4609.0,4863.0,0.0,0.0,0.0,0.0,0.0,0.0,0
76f897717d325b35,1547453856914,122,-4865.0,-4353.0,4863.0,0.0,0.0,0.0,0.0,0.0,0.0,0
76f897717d325b35,1547453856943,123,-4865.0,-4353.0,4863.0,0.0,0.0,0.0,0.0,0.0,0.0,0
76f897717d325b35,1547453856974,124,-4865.0,-4609.0,4863.0,0.0,0.0,0.0,0.0,0.0,0.0,0
76f897717d325b35,1547453857004,125,-4865.0,-4353.0,4863.0,0.0,0.0,0.0,0.0,0.0,0.0,0
76f897717d325b35,1547453857034,126,-4865.0,-4353.0,4863.0,0.0,0.0,0.0,0.0,0.0,0.0,0
76f897717d325b35,1547453857064,127,-4865.0,-4353.0,4863.0,0.0,0.0,0.0,0.0,0.0,0.0,0
76f897717d325b35,1547453857094,128,-4865.0,-4353.0,4863.0,0.0,0.0,0.0,0.0,0.0,0.0,0
76f897717d325b35,1547453857154,129,-4865.0,-4353.0,4863.0,0.0,0.0,0.0,0.0,0.0,0.0,0
76f897717d325b35,1547453857184,130,-4865.0,-4353.0,4863.0,0.0,0.0,0.0,0.0,0.0,0.0,0
76f897717d325b35,1547453857214,131,-4865.0,-4353.0,4863.0,0.0,0.0,0.0,0.0,0.0,0.0,0
76f897717d325b35,1547453857244,132,-4865.0,-4353.0,4863.0,0.0,0.0,0.0,0.0,0.0,0.0,0
76f897717d325b35,1547453857274,133,-4865.0,-4609.0,4863.0,0.0,0.0,0.0,0.0,0.0,0.0,0
76f897717d325b35,1547453857304,134,-4865.0,-4609.0,4863.0,0.0,0.0,0.0,0.0,0.0,0.0,0
76f897717d325b35,1547453857334,135,-4865.0,-4609.0,4863.0,0.0,0.0,0.0,0.0,0.0,0.0,0
76f897717d325b35,1547453857364,136,-4865.0,-4609.0,4863.0,0.0,0.0,0.0,0.0,0.0,0.0,0
76f897717d325b35,1547453857423,137,-4865.0,-4353.0,4863.0,0.0,0.0,0.0,0.0,0.0,0.0,0
76f897717d325b35,1547453857425,138,-4865.0,-4353.0,4863.0,0.0,0.0,0.0,0.0,0.0,0.0,0
76f897717d325b35,1547453857484,139,-4865.0,-4353.0,4863.0,0.0,0.0,0.0,0.0,0.0,0.0,0
76f897717d325b35,1547453857514,140,-4865.0,-4353.0,4863.0,0.0,0.0,0.0,0.0,0.0,0.0,0
76f897717d325b35,1547453857544,141,-4865.0,-4353.0,4863.0,0.0,0.0,0.0,0.0,0.0,0.0,0
76f897717d325b35,1547453857574,142,-4865.0,-4353.0,4863.0,0.0,0.0,0.0,0.0,0.0,0.0,0
76f897717d325b35,1547453857604,143,-4865.0,-4609.0,4863.0,0.0,0.0,0.0,0.0,0.0,0.0,0
76f897717d325b35,1547453857634,144,-4865.0,-4609.0,4863.0,0.0,0.0,0.0,0.0,0.0,0.0,0
76f897717d325b35,1547453857664,145,-4865.0,-4609.0,4863.0,0.0,0.0,0.0,0.0,0.0,0.0,0
76f897717d325b35,1547453857694,146,-4865.0,-4609.0,4863.0,0.0,0.0,0.0,0.0,0.0,0.0,0
76f897717d325b35,1547453857724,147,-4865.0,-4353.0,4863.0,0.0,0.0,0.0,0.0,0.0,0.0,0
76f897717d325b35,1547453857754,148,-4865.0,-4353.0,4863.0,0.0,0.0,0.0,0.0,0.0,0.0,0
76f897717d325b35,1547453857814,149,-4865.0,-4609.0,4863.0,0.0,0.0,0.0,0.0,0.0,0.0,0
76f897717d325b35,1547453857844,150,-4865.0,-4353.0,4863.0,0.0,0.0,0.0,0.0,0.0,0.0,0
76f897717d325b35,1547453857874,151,-4865.0,-4353.0,4863.0,0.0,0.0,0.0,0.0,0.0,0.0,0
76f897717d325b35,1547453857904,152,-4865.0,-4609.0,4863.0,0.0,0.0,0.0,0.0,0.0,0.0,0
76f897717d325b35,1547453857934,153,-4865.0,-4353.0,4863.0,0.0,0.0,0.0,0.0,0.0,0.0,0
76f897717d325b35,1547453857964,154,-4865.0,-4353.0,4863.0,0.0,0.0,0.0,0.0,0.0,0.0,0
76f897717d325b35,1547453857994,155,-4865.0,-4353.0,4863.0,0.0,0.0,0.0,0.0,0.0,0.0,0
76f897717d325b35,1547453858024,156,-4865.0,-4353.0,4863.0,0.0,0.0,0.0,0.0,0.0,0.0,0
76f897717d325b35,1547453858054,157,-4865.0,-4353.0,4863.0,0.0,0.0,0.0,0.0,0.0,0.0,0
76f897717d325b35,1547453858113,158,-4865.0,-4353.0,4863.0,0.0,0.0,0.0,0.0,0.0,0.0,0
76f897717d325b35,1547453858115,159,-4865.0,-4353.0,4863.0,0.0,0.0,0.0,0.0,0.0,0.0,0
76f897717d325b35,1547453858174,160,-4865.0,-4353.0,4863.0,0.0,0.0,0.0,0.0,0.0,0.0,0
76f897717d325b35,1547453858204,161,-4865.0,-4353.0,4863.0,0.0,0.0,0.0,0.0,0.0,0.0,0
76f897717d325b35,1547453858234,162,-4865.0,-4609.0,4863.0,0.0,0.0,0.0,0.0,0.0,0.0,0
76f897717d325b35,1547453858264,163,-4865.0,-4353.0,4863.0,0.0,0.0,0.0,0.0,0.0,0.0,0
76f897717d325b35,1547453858294,164,-4865.0,-4353.0,4863.0,0.0,0.0,0.0,0.0,0.0,0.0,0
76f897717d325b35,1547453858324,165,-4865.0,-4353.0,4863.0,0.0,0.0,0.0,0.0,0.0,0.0,0
76f897717d325b35,1547453858354,166,-4865.0,-4353.0,4863.0,0.0,0.0,0.0,0.0,0.0,0.0,0
76f897717d325b35,1547453858384,167,-4865.0,-4353.0,4863.0,0.0,0.0,0.0,0.0,0.0,0.0,0
76f897717d325b35,1547453858414,168,-4865.0,-4353.0,4863.0,0.0,0.0,0.0,0.0,0.0,0.0,0
76f897717d325b35,1547453858444,169,-4865.0,-4609.0,4863.0,0.0,0.0,0.0,0.0,0.0,0.0,0
76f897717d325b35,1547453858504,170,-4865.0,-4609.0,4863.0,0.0,0.0,0.0,0.0,0.0,0.0,0
76f897717d325b35,1547453858534,171,-4865.0,-4353.0,4863.0,0.0,0.0,0.0,0.0,0.0,0.0,0
76f897717d325b35,1547453858564,172,-4865.0,-4609.0,4863.0,0.0,0.0,0.0,0.0,0.0,0.0,0
76f897717d325b35,1547453858594,173,-4865.0,-4353.0,4863.0,0.0,0.0,0.0,0.0,0.0,0.0,0
76f897717d325b35,1547453858624,174,-4865.0,-4609.0,4863.0,0.0,0.0,0.0,0.0,0.0,0.0,0
76f897717d325b35,1547453858654,175,-4865.0,-4353.0,4863.0,0.0,0.0,0.0,0.0,0.0,0.0,0
76f897717d325b35,1547453858684,176,-4865.0,-4609.0,4863.0,0.0,0.0,0.0,0.0,0.0,0.0,0
76f897717d325b35,1547453858714,177,-4865.0,-4609.0,4863.0,0.0,0.0,0.0,0.0,0.0,0.0,0
76f897717d325b35,1547453858744,178,-4865.0,-4609.0,4863.0,0.0,0.0,0.0,0.0,0.0,0.0,0
76f897717d325b35,1547453858774,179,-4865.0,-4353.0,4863.0,0.0,0.0,0.0,0.0,0.0,0.0,0
76f897717d325b35,1547453858834,180,-4865.0,-4609.0,4863.0,0.0,0.0,0.0,0.0,0.0,0.0,0
76f897717d325b35,1547453858864,181,-4865.0,-4353.0,4863.0,0.0,0.0,0.0,0.0,0.0,0.0,0
76f897717d325b35,1547453858894,182,-4865.0,-4353.0,4863.0,0.0,0.0,0.0,0.0,0.0,0.0,0
76f897717d325b35,1547453858924,183,-4865.0,-4353.0,4863.0,0.0,0.0,0.0,0.0,0.0,0.0,0
76f897717d325b35,1547453858967,184,-4865.0,-4609.0,4863.0,0.0,0.0,0.0,0.0,0.0,0.0,0
76f897717d325b35,1547453858985,185,-4865.0,-4609.0,4863.0,0.0,0.0,0.0,0.0,0.0,0.0,0
76f897717d325b35,1547453859014,186,-4865.0,-4353.0,4863.0,0.0,0.0,0.0,0.0,0.0,0.0,0
76f897717d325b35,1547453859043,187,-4865.0,-4353.0,4863.0,0.0,0.0,0.0,0.0,0.0,0.0,0
76f897717d325b35,1547453859073,188,-4865.0,-4353.0,4863.0,0.0,0.0,0.0,0.0,0.0,0.0,0
76f897717d325b35,1547453859103,189,-4865.0,-4353.0,4863.0,0.0,0.0,0.0,0.0,0.0,0.0,0
76f897717d325b35,1547453859164,190,-4865.0,-4353.0,4863.0,0.0,0.0,0.0,0.0,0.0,0.0,0
76f897717d325b35,1547453859194,191,-4865.0,-4353.0,4863.0,0.0,0.0,0.0,0.0,0.0,0.0,0
76f897717d325b35,1547453859224,192,-4865.0,-4353.0,4863.0,0.0,0.0,0.0,0.0,0.0,0.0,0
76f897717d325b35,1547453859254,193,-4865.0,-4353.0,4863.0,0.0,0.0,0.0,0.0,0.0,0.0,0
76f897717d325b35,1547453859284,194,-4865.0,-4353.0,4863.0,0.0,0.0,0.0,0.0,0.0,0.0,0
76f897717d325b35,1547453859343,195,-4865.0,-4353.0,4863.0,0.0,0.0,0.0,0.0,0.0,0.0,0
76f897717d325b35,1547453859344,196,-4865.0,-4353.0,4863.0,0.0,0.0,0.0,0.0,0.0,0.0,0
76f897717d325b35,1547453859374,197,-4865.0,-4353.0,4863.0,0.0,0.0,0.0,0.0,0.0,0.0,0
76f897717d325b35,1547453859404,198,-4865.0,-4609.0,4863.0,0.0,0.0,0.0,0.0,0.0,0.0,0
76f897717d325b35,1547453859433,199,-4865.0,-4609.0,4863.0,0.0,0.0,0.0,0.0,0.0,0.0,0
76f897717d325b35,1547453859494,200,-4865.0,-4353.0,4863.0,0.0,0.0,0.0,0.0,0.0,0.0,0
76f897717d325b35,1547453859524,201,-4865.0,-4353.0,4863.0,0.0,0.0,0.0,0.0,0.0,0.0,0
76f897717d325b35,1547453859559,202,-4865.0,-4609.0,4863.0,0.0,0.0,0.0,0.0,0.0,0.0,0
76f897717d325b35,1547453859942,203,-4865.0,-4353.0,4863.0,0.0,0.0,0.0,0.0,0.0,0.0,0
76f897717d325b35,1547453859976,204,-4865.0,-4609.0,4863.0,0.0,0.0,0.0,0.0,0.0,0.0,0
76f897717d325b35,1547453860003,205,-4865.0,-4609.0,4863.0,0.0,0.0,0.0,0.0,0.0,0.0,0
76f897717d325b35,1547453860062,206,-4865.0,-4353.0,4863.0,0.0,0.0,0.0,0.0,0.0,0.0,0
76f897717d325b35,1547453860064,207,-4865.0,-4353.0,4863.0,0.0,0.0,0.0,0.0,0.0,0.0,0
76f897717d325b35,1547453860094,208,-4865.0,-4353.0,4863.0,0.0,0.0,0.0,0.0,0.0,0.0,0
76f897717d325b35,1547453860154,209,-4865.0,-4353.0,4863.0,0.0,0.0,0.0,0.0,0.0,0.0,0
76f897717d325b35,1547453860183,210,-4865.0,-4353.0,4863.0,0.0,0.0,0.0,0.0,0.0,0.0,0
76f897717d325b35,1547453860214,211,-4865.0,-4353.0,4863.0,0.0,0.0,0.0,0.0,0.0,0.0,0
76f897717d325b35,1547453860244,212,-4865.0,-4353.0,4863.0,0.0,0.0,0.0,0.0,0.0,0.0,0
76f897717d325b35,1547453860275,213,-4865.0,-4353.0,4863.0,0.0,0.0,0.0,0.0,0.0,0.0,0
76f897717d325b35,1547453860304,214,-4865.0,-4353.0,4863.0,0.0,0.0,0.0,0.0,0.0,0.0,0
76f897717d325b35,1547453860334,215,-4865.0,-4353.0,4863.0,0.0,0.0,0.0,0.0,0.0,0.0,0
76f897717d325b35,1547453860364,216,-4865.0,-4609.0,4863.0,0.0,0.0,0.0,0.0,0.0,0.0,0
76f897717d325b35,1547453860394,217,-4865.0,-4353.0,4863.0,0.0,0.0,0.0,0.0,0.0,0.0,0
76f897717d325b35,1547453860423,218,-4865.0,-4353.0,4863.0,0.0,0.0,0.0,0.0,0.0,0.0,0
76f897717d325b35,1547453860484,219,-4865.0,-4353.0,4863.0,0.0,0.0,0.0,0.0,0.0,0.0,0
76f897717d325b35,1547453860514,220,-4865.0,-4353.0,4863.0,0.0,0.0,0.0,0.0,0.0,0.0,0
76f897717d325b35,1547453860544,221,-4865.0,-4353.0,4863.0,0.0,0.0,0.0,0.0,0.0,0.0,0
76f897717d325b35,1547453860574,222,-4865.0,-4353.0,4863.0,0.0,0.0,0.0,0.0,0.0,0.0,0
76f897717d325b35,1547453860604,223,-4865.0,-4609.0,4863.0,0.0,0.0,0.0,0.0,0.0,0.0,0
76f897717d325b35,1547453860634,224,-4865.0,-4353.0,4863.0,0.0,0.0,0.0,0.0,0.0,0.0,0
76f897717d325b35,1547453860664,225,-4865.0,-4609.0,4863.0,0.0,0.0,0.0,0.0,0.0,0.0,0
76f897717d325b35,1547453860694,226,-4865.0,-4353.0,4863.0,0.0,0.0,0.0,0.0,0.0,0.0,0
76f897717d325b35,1547453860724,227,-4865.0,-4353.0,4863.0,0.0,0.0,0.0,0.0,0.0,0.0,0
76f897717d325b35,1547453860754,228,-4865.0,-4353.0,4863.0,0.0,0.0,0.0,0.0,0.0,0.0,0
76f897717d325b35,1547453860814,229,-4865.0,-4353.0,4863.0,0.0,0.0,0.0,0.0,0.0,0.0,0
76f897717d325b35,1547453860873,230,-4865.0,-4609.0,4863.0,0.0,0.0,0.0,0.0,0.0,0.0,0
76f897717d325b35,1547453860875,231,-4865.0,-4353.0,4863.0,0.0,0.0,0.0,0.0,0.0,0.0,0
76f897717d325b35,1547453860904,232,-4865.0,-4353.0,4863.0,0.0,0.0,0.0,0.0,0.0,0.0,0
76f897717d325b35,1547453860934,233,-4865.0,-4353.0,4863.0,0.0,0.0,0.0,0.0,0.0,0.0,0
76f897717d325b35,1547453860964,234,-4865.0,-4353.0,4863.0,0.0,0.0,0.0,0.0,0.0,0.0,0
76f897717d325b35,1547453860994,235,-4865.0,-4353.0,4863.0,0.0,0.0,0.0,0.0,0.0,0.0,0
76f897717d325b35,1547453861024,236,-4865.0,-4353.0,4863.0,0.0,0.0,0.0,0.0,0.0,0.0,0
76f897717d325b35,1547453861054,237,-4865.0,-4353.0,4863.0,0.0,0.0,0.0,0.0,0.0,0.0,0
76f897717d325b35,1547453861084,238,-4865.0,-4609.0,4863.0,0.0,0.0,0.0,0.0,0.0,0.0,0
76f897717d325b35,1547453861144,239,-4865.0,-4609.0,4863.0,0.0,0.0,0.0,0.0,0.0,0.0,0
76f897717d325b35,1547453861174,240,-4865.0,-4353.0,4863.0,0.0,0.0,0.0,0.0,0.0,0.0,0
76f897717d325b35,1547453861204,241,-4865.0,-4609.0,4863.0,0.0,0.0,0.0,0.0,0.0,0.0,0
76f897717d325b35,1547453861234,242,-4865.0,-4353.0,4863.0,0.0,0.0,0.0,0.0,0.0,0.0,0
76f897717d325b35,1547453861264,243,-4865.0,-4353.0,4863.0,0.0,0.0,0.0,0.0,0.0,0.0,0
76f897717d325b35,1547453861294,244,-4865.0,-4609.0,4863.0,0.0,0.0,0.0,0.0,0.0,0.0,0
76f897717d325b35,1547453861324,245,-4865.0,-4353.0,4863.0,0.0,0.0,0.0,0.0,0.0,0.0,0
76f897717d325b35,1547453861354,246,-4865.0,-4353.0,4863.0,0.0,0.0,0.0,0.0,0.0,0.0,0
76f897717d325b35,1547453861384,247,-4865.0,-4353.0,4863.0,0.0,0.0,0.0,0.0,0.0,0.0,0
76f897717d325b35,1547453861414,248,-4865.0,-4353.0,4863.0,0.0,0.0,0.0,0.0,0.0,0.0,0
76f897717d325b35,1547453861474,249,-4865.0,-4353.0,4863.0,0.0,0.0,0.0,0.0,0.0,0.0,0
76f897717d325b35,1547453861504,250,-4865.0,-4353.0,4863.0,0.0,0.0,0.0,0.0,0.0,0.0,0
76f897717d325b35,1547453861534,251,-4865.0,-4353.0,4863.0,0.0,0.0,0.0,0.0,0.0,0.0,0
76f897717d325b35,1547453861594,252,-4865.0,-4353.0,4863.0,0.0,0.0,0.0,0.0,0.0,0.0,0
76f897717d325b35,1547453861595,253,-4865.0,-4609.0,4863.0,0.0,0.0,0.0,0.0,0.0,0.0,0
76f897717d325b35,1547453861624,254,-4865.0,-4353.0,4863.0,0.0,0.0,0.0,0.0,0.0,0.0,0
76f897717d325b35,1547453861654,255,-4865.0,-4353.0,4863.0,0.0,0.0,0.0,0.0,0.0,0.0,0
76f897717d325b35,1547453861684,256,-4865.0,-4353.0,4863.0,0.0,0.0,0.0,0.0,0.0,0.0,0
76f897717d325b35,1547453861714,257,-4865.0,-4353.0,4863.0,0.0,0.0,0.0,0.0,0.0,0.0,0
76f897717d325b35,1547453861744,258,-4865.0,-4353.0,4863.0,0.0,0.0,0.0,0.0,0.0,0.0,0
76f897717d325b35,1547453861804,259,-4865.0,-4609.0,4863.0,0.0,0.0,0.0,0.0,0.0,0.0,0
76f897717d325b35,1547453861834,260,-4865.0,-4353.0,4863.0,0.0,0.0,0.0,0.0,0.0,0.0,0
76f897717d325b35,1547453861864,261,-4865.0,-4609.0,4863.0,0.0,0.0,0.0,0.0,0.0,0.0,0
76f897717d325b35,1547453861894,262,-4865.0,-4353.0,4863.0,0.0,0.0,0.0,0.0,0.0,0.0,0
76f897717d325b35,1547453861924,263,-4865.0,-4353.0,4863.0,0.0,0.0,0.0,0.0,0.0,0.0,0
76f897717d325b35,1547453861953,264,-4865.0,-4353.0,4863.0,0.0,0.0,0.0,0.0,0.0,0.0,0
76f897717d325b35,1547453861984,265,-4865.0,-4609.0,4863.0,0.0,0.0,0.0,0.0,0.0,0.0,0
76f897717d325b35,1547453862014,266,-4865.0,-4353.0,4863.0,0.0,0.0,0.0,0.0,0.0,0.0,0
76f897717d325b35,1547453862073,267,-4865.0,-4353.0,4863.0,0.0,0.0,0.0,0.0,0.0,0.0,0
76f897717d325b35,1547453862075,268,-4865.0,-4353.0,4863.0,0.0,0.0,0.0,0.0,0.0,0.0,0
76f897717d325b35,1547453862134,269,-4865.0,-4353.0,4863.0,0.0,0.0,0.0,0.0,0.0,0.0,0
76f897717d325b35,1547453862164,270,-4865.0,-4353.0,4863.0,0.0,0.0,0.0,0.0,0.0,0.0,0
76f897717d325b35,1547453862194,271,-4865.0,-4353.0,4863.0,0.0,0.0,0.0,0.0,0.0,0.0,0
76f897717d325b35,1547453862224,272,-4865.0,-4353.0,4863.0,0.0,0.0,0.0,0.0,0.0,0.0,0
76f897717d325b35,1547453862254,273,-4865.0,-4353.0,4863.0,0.0,0.0,0.0,0.0,0.0,0.0,0
76f897717d325b35,1547453862284,274,-4865.0,-4609.0,4863.0,0.0,0.0,0.0,0.0,0.0,0.0,0
76f897717d325b35,1547453862314,275,-4865.0,-4609.0,4863.0,0.0,0.0,0.0,0.0,0.0,0.0,0
76f897717d325b35,1547453862344,276,-4865.0,-4609.0,4863.0,0.0,0.0,0.0,0.0,0.0,0.0,0
76f897717d325b35,1547453862374,277,-4865.0,-4353.0,4863.0,0.0,0.0,0.0,0.0,0.0,0.0,0
76f897717d325b35,1547453862404,278,-4865.0,-4353.0,4863.0,0.0,0.0,0.0,0.0,0.0,0.0,0
76f897717d325b35,1547453862464,279,-4865.0,-4609.0,4863.0,0.0,0.0,0.0,0.0,0.0,0.0,0
76f897717d325b35,1547453862494,280,-4865.0,-4353.0,4863.0,0.0,0.0,0.0,0.0,0.0,0.0,0
76f897717d325b35,1547453862524,281,-4865.0,-4353.0,4863.0,0.0,0.0,0.0,0.0,0.0,0.0,0
76f897717d325b35,1547453862554,282,-4865.0,-4353.0,4863.0,0.0,0.0,0.0,0.0,0.0,0.0,0
76f897717d325b35,1547453862584,283,-4865.0,-4353.0,4863.0,0.0,0.0,0.0,0.0,0.0,0.0,0
76f897717d325b35,1547453862614,284,-4865.0,-4609.0,4863.0,0.0,0.0,0.0,0.0,0.0,0.0,0
76f897717d325b35,1547453862644,285,-4865.0,-4353.0,4863.0,0.0,0.0,0.0,0.0,0.0,0.0,0
76f897717d325b35,1547453862674,286,-4865.0,-4353.0,4863.0,0.0,0.0,0.0,0.0,0.0,0.0,0
76f897717d325b35,1547453862704,287,-4865.0,-4353.0,4863.0,0.0,0.0,0.0,0.0,0.0,0.0,0
76f897717d325b35,1547453862764,288,-4865.0,-4609.0,4863.0,0.0,0.0,0.0,0.0,0.0,0.0,0
76f897717d325b35,1547453862823,289,-4865.0,-4609.0,4863.0,0.0,0.0,0.0,0.0,0.0,0.0,0
76f897717d325b35,1547453862825,290,-4865.0,-4353.0,4863.0,0.0,0.0,0.0,0.0,0.0,0.0,0
76f897717d325b35,1547453862854,291,-4865.0,-4353.0,4863.0,0.0,0.0,0.0,0.0,0.0,0.0,0
76f897717d325b35,1547453862884,292,-4865.0,-4353.0,4863.0,0.0,0.0,0.0,0.0,0.0,0.0,0
76f897717d325b35,1547453862914,293,-4865.0,-4353.0,4863.0,0.0,0.0,0.0,0.0,0.0,0.0,0
76f897717d325b35,1547453862943,294,-4865.0,-4353.0,4863.0,0.0,0.0,0.0,0.0,0.0,0.0,0
76f897717d325b35,1547453862974,295,-4865.0,-4609.0,4863.0,0.0,0.0,0.0,0.0,0.0,0.0,0
76f897717d325b35,1547453863004,296,-4865.0,-4353.0,4863.0,0.0,0.0,0.0,0.0,0.0,0.0,0
76f897717d325b35,1547453863034,297,-4865.0,-4609.0,4863.0,0.0,0.0,0.0,0.0,0.0,0.0,0
76f897717d325b35,1547453863064,298,-4865.0,-4353.0,4863.0,0.0,0.0,0.0,0.0,0.0,0.0,0
76f897717d325b35,1547453863124,299,-4865.0,-4353.0,4863.0,0.0,0.0,0.0,0.0,0.0,0.0,0
76f897717d325b35,1547453863154,300,-4865.0,-4609.0,4863.0,0.0,0.0,0.0,0.0,0.0,0.0,0
76f897717d325b35,1547453863184,301,-4865.0,-4353.0,4863.0,0.0,0.0,0.0,0.0,0.0,0.0,0
76f897717d325b35,1547453863214,302,-4865.0,-4353.0,4863.0,0.0,0.0,0.0,0.0,0.0,0.0,0
76f897717d325b35,1547453863244,303,-4865.0,-4353.0,4863.0,0.0,0.0,0.0,0.0,0.0,0.0,0
76f897717d325b35,1547453863274,304,-4865.0,-4353.0,4863.0,0.0,0.0,0.0,0.0,0.0,0.0,0
76f897717d325b35,1547453863363,305,-4865.0,-4353.0,4863.0,0.0,0.0,0.0,0.0,0.0,0.0,0
76f897717d325b35,1547453863364,306,-4865.0,-4353.0,4863.0,0.0,0.0,0.0,0.0,0.0,0.0,0
76f897717d325b35,1547453863393,307,-4865.0,-4353.0,4863.0,0.0,0.0,0.0,0.0,0.0,0.0,0
76f897717d325b35,1547453863395,308,-4865.0,-4353.0,4863.0,0.0,0.0,0.0,0.0,0.0,0.0,0
76f897717d325b35,1547453863454,309,-4865.0,-4353.0,4863.0,0.0,0.0,0.0,0.0,0.0,0.0,0
76f897717d325b35,1547453863484,310,-4865.0,-4353.0,4863.0,0.0,0.0,0.0,0.0,0.0,0.0,0
76f897717d325b35,1547453863514,311,-4865.0,-4353.0,4863.0,0.0,0.0,0.0,0.0,0.0,0.0,0
76f897717d325b35,1547453863544,312,-4865.0,-4353.0,4863.0,0.0,0.0,0.0,0.0,0.0,0.0,0
76f897717d325b35,1547453863574,313,-4865.0,-4353.0,4863.0,0.0,0.0,0.0,0.0,0.0,0.0,0
76f897717d325b35,1547453863604,314,-4865.0,-4353.0,4863.0,0.0,0.0,0.0,0.0,0.0,0.0,0
76f897717d325b35,1547453863634,315,-4865.0,-4609.0,4863.0,0.0,0.0,0.0,0.0,0.0,0.0,0
76f897717d325b35,1547453863664,316,-4865.0,-4353.0,4863.0,0.0,0.0,0.0,0.0,0.0,0.0,0
76f897717d325b35,1547453863694,317,-4865.0,-4353.0,4863.0,0.0,0.0,0.0,0.0,0.0,0.0,0
76f897717d325b35,1547453863724,318,-4865.0,-4609.0,4863.0,0.0,0.0,0.0,0.0,0.0,0.0,0
76f897717d325b35,1547453863784,319,-4865.0,-4353.0,4863.0,0.0,0.0,0.0,0.0,0.0,0.0,0
76f897717d325b35,1547453863814,320,-4865.0,-4353.0,4863.0,0.0,0.0,0.0,0.0,0.0,0.0,0
76f897717d325b35,1547453863844,321,-4865.0,-4353.0,4863.0,0.0,0.0,0.0,0.0,0.0,0.0,0
76f897717d325b35,1547453863874,322,-4865.0,-4353.0,4863.0,0.0,0.0,0.0,0.0,0.0,0.0,0
76f897717d325b35,1547453863904,323,-4865.0,-4353.0,4863.0,0.0,0.0,0.0,0.0,0.0,0.0,0
76f897717d325b35,1547453863933,324,-4865.0,-4353.0,4863.0,0.0,0.0,0.0,0.0,0.0,0.0,0
76f897717d325b35,1547453863964,325,-4865.0,-4609.0,4863.0,0.0,0.0,0.0,0.0,0.0,0.0,0
76f897717d325b35,1547453863994,326,-4865.0,-4353.0,4863.0,0.0,0.0,0.0,0.0,0.0,0.0,0
76f897717d325b35,1547453864024,327,-4865.0,-4353.0,4863.0,0.0,0.0,0.0,0.0,0.0,0.0,0
76f897717d325b35,1547453864054,328,-4865.0,-4353.0,4863.0,0.0,0.0,0.0,0.0,0.0,0.0,0
76f897717d325b35,1547453864114,329,-4865.0,-4353.0,4863.0,0.0,0.0,0.0,0.0,0.0,0.0,0
76f897717d325b35,1547453864144,330,-4865.0,-4353.0,4863.0,0.0,0.0,0.0,0.0,0.0,0.0,0
76f897717d325b35,1547453864203,331,-4865.0,-4353.0,4863.0,0.0,0.0,0.0,0.0,0.0,0.0,0
76f897717d325b35,1547453864205,332,-4865.0,-4609.0,4863.0,0.0,0.0,0.0,0.0,0.0,0.0,0
76f897717d325b35,1547453864293,333,-4865.0,-4353.0,4863.0,0.0,0.0,0.0,0.0,0.0,0.0,0
76f897717d325b35,1547453864294,334,-4865.0,-4609.0,4863.0,0.0,0.0,0.0,0.0,0.0,0.0,0
76f897717d325b35,1547453864295,335,-4865.0,-4609.0,4863.0,0.0,0.0,0.0,0.0,0.0,0.0,0
76f897717d325b35,1547453864324,336,-4865.0,-4353.0,4863.0,0.0,0.0,0.0,0.0,0.0,0.0,0
76f897717d325b35,1547453864354,337,-4865.0,-4353.0,4863.0,0.0,0.0,0.0,0.0,0.0,0.0,0
76f897717d325b35,1547453864384,338,-4865.0,-4353.0,4863.0,0.0,0.0,0.0,0.0,0.0,0.0,0
76f897717d325b35,1547453864444,339,-4865.0,-4609.0,4863.0,0.0,0.0,0.0,0.0,0.0,0.0,0
76f897717d325b35,1547453864474,340,-4865.0,-4353.0,4863.0,0.0,0.0,0.0,0.0,0.0,0.0,0
76f897717d325b35,1547453864504,341,-4865.0,-4353.0,4863.0,0.0,0.0,0.0,0.0,0.0,0.0,0
76f897717d325b35,1547453864534,342,-4865.0,-4353.0,4863.0,0.0,0.0,0.0,0.0,0.0,0.0,0
76f897717d325b35,1547453864593,343,-4865.0,-4353.0,4863.0,0.0,0.0,0.0,0.0,0.0,0.0,0
76f897717d325b35,1547453864595,344,-4865.0,-4609.0,4863.0,0.0,0.0,0.0,0.0,0.0,0.0,0
76f897717d325b35,1547453864624,345,-4865.0,-4353.0,4863.0,0.0,0.0,0.0,0.0,0.0,0.0,0
76f897717d325b35,1547453864654,346,-4865.0,-4353.0,4863.0,0.0,0.0,0.0,0.0,0.0,0.0,0
76f897717d325b35,1547453864713,347,-4865.0,-4609.0,4863.0,0.0,0.0,0.0,0.0,0.0,0.0,0
76f897717d325b35,1547453864715,348,-4865.0,-4353.0,4863.0,0.0,0.0,0.0,0.0,0.0,0.0,0
76f897717d325b35,1547453864774,349,-4865.0,-4353.0,4863.0,0.0,0.0,0.0,0.0,0.0,0.0,0
76f897717d325b35,1547453864804,350,-4865.0,-4353.0,4863.0,0.0,0.0,0.0,0.0,0.0,0.0,0
76f897717d325b35,1547453864834,351,-4865.0,-4353.0,4863.0,0.0,0.0,0.0,0.0,0.0,0.0,0
76f897717d325b35,1547453864864,352,-4865.0,-4353.0,4863.0,0.0,0.0,0.0,0.0,0.0,0.0,0
76f897717d325b35,1547453864894,353,-4865.0,-4353.0,4863.0,0.0,0.0,0.0,0.0,0.0,0.0,0
76f897717d325b35,1547453864924,354,-4865.0,-4353.0,4863.0,0.0,0.0,0.0,0.0,0.0,0.0,0
76f897717d325b35,1547453864953,355,-4865.0,-4353.0,4863.0,0.0,0.0,0.0,0.0,0.0,0.0,0
76f897717d325b35,1547453864984,356,-4865.0,-4353.0,4863.0,0.0,0.0,0.0,0.0,0.0,0.0,0
76f897717d325b35,1547453865014,357,-4865.0,-4353.0,4863.0,0.0,0.0,0.0,0.0,0.0,0.0,0
76f897717d325b35,1547453865044,358,-4865.0,-4609.0,4863.0,0.0,0.0,0.0,0.0,0.0,0.0,0
76f897717d325b35,1547453865104,359,-4865.0,-4353.0,4863.0,0.0,0.0,0.0,0.0,0.0,0.0,0
76f897717d325b35,1547453865133,360,-4865.0,-4353.0,4863.0,0.0,0.0,0.0,0.0,0.0,0.0,0
76f897717d325b35,1547453865164,361,-4865.0,-4353.0,4863.0,0.0,0.0,0.0,0.0,0.0,0.0,0
76f897717d325b35,1547453865194,362,-4865.0,-4353.0,4863.0,0.0,0.0,0.0,0.0,0.0,0.0,0
76f897717d325b35,1547453865224,363,-4865.0,-4353.0,4863.0,0.0,0.0,0.0,0.0,0.0,0.0,0
76f897717d325b35,1547453865254,364,-4865.0,-4609.0,4863.0,0.0,0.0,0.0,0.0,0.0,0.0,0
76f897717d325b35,1547453865284,365,-4865.0,-4353.0,4863.0,0.0,0.0,0.0,0.0,0.0,0.0,0
76f897717d325b35,1547453865314,366,-4865.0,-4353.0,4863.0,0.0,0.0,0.0,0.0,0.0,0.0,0
76f897717d325b35,1547453865344,367,-4865.0,-4609.0,4863.0,0.0,0.0,0.0,0.0,0.0,0.0,0
76f897717d325b35,1547453865374,368,-4865.0,-4609.0,4863.0,0.0,0.0,0.0,0.0,0.0,0.0,0
76f897717d325b35,1547453865434,369,-4865.0,-4609.0,4863.0,0.0,0.0,0.0,0.0,0.0,0.0,0
76f897717d325b35,1547453865464,370,-4865.0,-4353.0,4863.0,0.0,0.0,0.0,0.0,0.0,0.0,0
76f897717d325b35,1547453865494,371,-4865.0,-4353.0,4863.0,0.0,0.0,0.0,0.0,0.0,0.0,0
76f897717d325b35,1547453865524,372,-4865.0,-4353.0,4863.0,0.0,0.0,0.0,0.0,0.0,0.0,0
76f897717d325b35,1547453865583,373,-4865.0,-4353.0,4863.0,0.0,0.0,0.0,0.0,0.0,0.0,0
76f897717d325b35,1547453865584,374,-4865.0,-4353.0,4863.0,0.0,0.0,0.0,0.0,0.0,0.0,0
76f897717d325b35,1547453865614,375,-4865.0,-4609.0,4863.0,0.0,0.0,0.0,0.0,0.0,0.0,0
76f897717d325b35,1547453865644,376,-4865.0,-4609.0,4863.0,0.0,0.0,0.0,0.0,0.0,0.0,0
76f897717d325b35,1547453865674,377,-4865.0,-4353.0,4863.0,0.0,0.0,0.0,0.0,0.0,0.0,0
76f897717d325b35,1547453865704,378,-4865.0,-4609.0,4863.0,0.0,0.0,0.0,0.0,0.0,0.0,0
76f897717d325b35,1547453865764,379,-4865.0,-4609.0,4863.0,0.0,0.0,0.0,0.0,0.0,0.0,0
76f897717d325b35,1547453865794,380,-4865.0,-4353.0,4863.0,0.0,0.0,0.0,0.0,0.0,0.0,0
76f897717d325b35,1547453865824,381,-4865.0,-4609.0,4863.0,0.0,0.0,0.0,0.0,0.0,0.0,0
76f897717d325b35,1547453865854,382,-4865.0,-4353.0,4863.0,0.0,0.0,0.0,0.0,0.0,0.0,0
76f897717d325b35,1547453865884,383,-4865.0,-4353.0,4863.0,0.0,0.0,0.0,0.0,0.0,0.0,0
76f897717d325b35,1547453865914,384,-4865.0,-4609.0,4863.0,0.0,0.0,0.0,0.0,0.0,0.0,0
76f897717d325b35,1547453865943,385,-4865.0,-4353.0,4863.0,0.0,0.0,0.0,0.0,0.0,0.0,0
76f897717d325b35,1547453866003,386,-4865.0,-4609.0,4863.0,0.0,0.0,0.0,0.0,0.0,0.0,0
76f897717d325b35,1547453866005,387,-4865.0,-4353.0,4863.0,0.0,0.0,0.0,0.0,0.0,0.0,0
76f897717d325b35,1547453866033,388,-4865.0,-4353.0,4863.0,0.0,0.0,0.0,0.0,0.0,0.0,0
76f897717d325b35,1547453866094,389,-4865.0,-4353.0,4863.0,0.0,0.0,0.0,0.0,0.0,0.0,0
76f897717d325b35,1547453866124,390,-4865.0,-4353.0,4863.0,0.0,0.0,0.0,0.0,0.0,0.0,0
76f897717d325b35,1547453866154,391,-4865.0,-4609.0,4863.0,0.0,0.0,0.0,0.0,0.0,0.0,0
76f897717d325b35,1547453866213,392,-4865.0,-4353.0,4863.0,0.0,0.0,0.0,0.0,0.0,0.0,0
76f897717d325b35,1547453866215,393,-4865.0,-4353.0,4863.0,0.0,0.0,0.0,0.0,0.0,0.0,0
76f897717d325b35,1547453866244,394,-4865.0,-4609.0,4863.0,0.0,0.0,0.0,0.0,0.0,0.0,0
76f897717d325b35,1547453866303,395,-4865.0,-4353.0,4863.0,0.0,0.0,0.0,0.0,0.0,0.0,0
76f897717d325b35,1547453866305,396,-4865.0,-4353.0,4863.0,0.0,0.0,0.0,0.0,0.0,0.0,0
76f897717d325b35,1547453866333,397,-4865.0,-4353.0,4863.0,0.0,0.0,0.0,0.0,0.0,0.0,0
76f897717d325b35,1547453866364,398,-4865.0,-4353.0,4863.0,0.0,0.0,0.0,0.0,0.0,0.0,0
76f897717d325b35,1547453866424,399,-4865.0,-4353.0,4863.0,0.0,0.0,0.0,0.0,0.0,0.0,0
76f897717d325b35,1547453866454,400,-4865.0,-4353.0,4863.0,0.0,0.0,0.0,0.0,0.0,0.0,0
76f897717d325b35,1547453866543,401,-4865.0,-4353.0,4863.0,0.0,0.0,0.0,0.0,0.0,0.0,0
76f897717d325b35,1547453866545,402,-4865.0,-4353.0,4863.0,0.0,0.0,0.0,0.0,0.0,0.0,0
76f897717d325b35,1547453866546,403,-4865.0,-4353.0,4863.0,0.0,0.0,0.0,0.0,0.0,0.0,0
76f897717d325b35,1547453866574,404,-4865.0,-4353.0,4863.0,0.0,0.0,0.0,0.0,0.0,0.0,0
76f897717d325b35,1547453866604,405,-4865.0,-4353.0,4863.0,0.0,0.0,0.0,0.0,0.0,0.0,0
76f897717d325b35,1547453866633,406,-4865.0,-4353.0,4863.0,0.0,0.0,0.0,0.0,0.0,0.0,0
76f897717d325b35,1547453866723,407,-4865.0,-4353.0,4863.0,0.0,0.0,0.0,0.0,0.0,0.0,0
76f897717d325b35,1547453866724,408,-4865.0,-4353.0,4863.0,0.0,0.0,0.0,0.0,0.0,0.0,0
76f897717d325b35,1547453866754,409,-4865.0,-4353.0,4863.0,0.0,0.0,0.0,0.0,0.0,0.0,0
76f897717d325b35,1547453866784,410,-4865.0,-4609.0,4863.0,0.0,0.0,0.0,0.0,0.0,0.0,0
76f897717d325b35,1547453866814,411,-4865.0,-4353.0,4863.0,0.0,0.0,0.0,0.0,0.0,0.0,0
76f897717d325b35,1547453866844,412,-4865.0,-4353.0,4863.0,0.0,0.0,0.0,0.0,0.0,0.0,0
76f897717d325b35,1547453866874,413,-4865.0,-4609.0,4863.0,0.0,0.0,0.0,0.0,0.0,0.0,0
76f897717d325b35,1547453866904,414,-4865.0,-4609.0,4863.0,0.0,0.0,0.0,0.0,0.0,0.0,0
76f897717d325b35,1547453866933,415,-4865.0,-4353.0,4863.0,0.0,0.0,0.0,0.0,0.0,0.0,0
76f897717d325b35,1547453866964,416,-4865.0,-4353.0,4863.0,0.0,0.0,0.0,0.0,0.0,0.0,0
76f897717d325b35,1547453866994,417,-4865.0,-4353.0,4863.0,0.0,0.0,0.0,0.0,0.0,0.0,0
76f897717d325b35,1547453867024,418,-4865.0,-4609.0,4863.0,0.0,0.0,0.0,0.0,0.0,0.0,0
76f897717d325b35,1547453867084,419,-4865.0,-4353.0,4863.0,0.0,0.0,0.0,0.0,0.0,0.0,0
76f897717d325b35,1547453867114,420,-4865.0,-4353.0,4863.0,0.0,0.0,0.0,0.0,0.0,0.0,0
76f897717d325b35,1547453867144,421,-4865.0,-4353.0,4863.0,0.0,0.0,0.0,0.0,0.0,0.0,0
76f897717d325b35,1547453867203,422,-4865.0,-4609.0,4863.0,0.0,0.0,0.0,0.0,0.0,0.0,0
76f897717d325b35,1547453867205,423,-4865.0,-4353.0,4863.0,0.0,0.0,0.0,0.0,0.0,0.0,0
76f897717d325b35,1547453867233,424,-4865.0,-4353.0,4863.0,0.0,0.0,0.0,0.0,0.0,0.0,0
76f897717d325b35,1547453867264,425,-4865.0,-4353.0,4863.0,0.0,0.0,0.0,0.0,0.0,0.0,0
76f897717d325b35,1547453867294,426,-4865.0,-4353.0,4863.0,0.0,0.0,0.0,0.0,0.0,0.0,0
76f897717d325b35,1547453867324,427,-4865.0,-4353.0,4863.0,0.0,0.0,0.0,0.0,0.0,0.0,0
76f897717d325b35,1547453867354,428,-4865.0,-4353.0,4863.0,0.0,0.0,0.0,0.0,0.0,0.0,0
76f897717d325b35,1547453867414,429,-4865.0,-4609.0,4863.0,0.0,0.0,0.0,0.0,0.0,0.0,0
76f897717d325b35,1547453867444,430,-4865.0,-4353.0,4863.0,0.0,0.0,0.0,0.0,0.0,0.0,0
76f897717d325b35,1547453867474,431,-4865.0,-4353.0,4863.0,0.0,0.0,0.0,0.0,0.0,0.0,0
76f897717d325b35,1547453867533,432,-4865.0,-4353.0,4863.0,0.0,0.0,0.0,0.0,0.0,0.0,0
76f897717d325b35,1547453867534,433,-4865.0,-4353.0,4863.0,0.0,0.0,0.0,0.0,0.0,0.0,0
76f897717d325b35,1547453867564,434,-4865.0,-4353.0,4863.0,0.0,0.0,0.0,0.0,0.0,0.0,0
76f897717d325b35,1547453867594,435,-4865.0,-4353.0,4863.0,0.0,0.0,0.0,0.0,0.0,0.0,0
76f897717d325b35,1547453867624,436,-4865.0,-4353.0,4863.0,0.0,0.0,0.0,0.0,0.0,0.0,0
76f897717d325b35,1547453867654,437,-4865.0,-4353.0,4863.0,0.0,0.0,0.0,0.0,0.0,0.0,0
76f897717d325b35,1547453867683,438,-4865.0,-4353.0,4863.0,0.0,0.0,0.0,0.0,0.0,0.0,0
76f897717d325b35,1547453867744,439,-4865.0,-4353.0,4863.0,0.0,0.0,0.0,0.0,0.0,0.0,0
76f897717d325b35,1547453867774,440,-4865.0,-4353.0,4863.0,0.0,0.0,0.0,0.0,0.0,0.0,0
76f897717d325b35,1547453867804,441,-4865.0,-4353.0,4863.0,0.0,0.0,0.0,0.0,0.0,0.0,0
76f897717d325b35,1547453867833,442,-4865.0,-4353.0,4863.0,0.0,0.0,0.0,0.0,0.0,0.0,0
76f897717d325b35,1547453867864,443,-4865.0,-4609.0,4863.0,0.0,0.0,0.0,0.0,0.0,0.0,0
76f897717d325b35,1547453867894,444,-4865.0,-4609.0,4863.0,0.0,0.0,0.0,0.0,0.0,0.0,0
76f897717d325b35,1547453867924,445,-4865.0,-4353.0,4863.0,0.0,0.0,0.0,0.0,0.0,0.0,0
76f897717d325b35,1547453867953,446,-4865.0,-4353.0,4863.0,0.0,0.0,0.0,0.0,0.0,0.0,0
76f897717d325b35,1547453867984,447,-4865.0,-4353.0,4863.0,0.0,0.0,0.0,0.0,0.0,0.0,0
76f897717d325b35,1547453868044,448,-4865.0,-4609.0,4863.0,0.0,0.0,0.0,0.0,0.0,0.0,0
76f897717d325b35,1547453868073,449,-4865.0,-4353.0,4863.0,0.0,0.0,0.0,0.0,0.0,0.0,0
76f897717d325b35,1547453868104,450,-4865.0,-4353.0,4863.0,0.0,0.0,0.0,0.0,0.0,0.0,0
76f897717d325b35,1547453868133,451,-4865.0,-4353.0,4863.0,0.0,0.0,0.0,0.0,0.0,0.0,0
76f897717d325b35,1547453868163,452,-4865.0,-4609.0,4863.0,0.0,0.0,0.0,0.0,0.0,0.0,0
76f897717d325b35,1547453868194,453,-4865.0,-4609.0,4863.0,0.0,0.0,0.0,0.0,0.0,0.0,0
76f897717d325b35,1547453868224,454,-4865.0,-4353.0,4863.0,0.0,0.0,0.0,0.0,0.0,0.0,0
76f897717d325b35,1547453868254,455,-4865.0,-4353.0,4863.0,0.0,0.0,0.0,0.0,0.0,0.0,0
76f897717d325b35,1547453868313,456,-4865.0,-4353.0,4863.0,0.0,0.0,0.0,0.0,0.0,0.0,0
76f897717d325b35,1547453868314,457,-4865.0,-4353.0,4863.0,0.0,0.0,0.0,0.0,0.0,0.0,0
76f897717d325b35,1547453868344,458,-4865.0,-4609.0,4863.0,0.0,0.0,0.0,0.0,0.0,0.0,0
76f897717d325b35,1547453868404,459,-4865.0,-4353.0,4863.0,0.0,0.0,0.0,0.0,0.0,0.0,0
76f897717d325b35,1547453868433,460,-4865.0,-4353.0,4863.0,0.0,0.0,0.0,0.0,0.0,0.0,0
76f897717d325b35,1547453868463,461,-4865.0,-4353.0,4863.0,0.0,0.0,0.0,0.0,0.0,0.0,0
76f897717d325b35,1547453868494,462,-4865.0,-4353.0,4863.0,0.0,0.0,0.0,0.0,0.0,0.0,0
76f897717d325b35,1547453868524,463,-4865.0,-4609.0,4863.0,0.0,0.0,0.0,0.0,0.0,0.0,0
76f897717d325b35,1547453868554,464,-4865.0,-4353.0,4863.0,0.0,0.0,0.0,0.0,0.0,0.0,0
76f897717d325b35,1547453868584,465,-4865.0,-4609.0,4863.0,0.0,0.0,0.0,0.0,0.0,0.0,0
76f897717d325b35,1547453868614,466,-4865.0,-4353.0,4863.0,0.0,0.0,0.0,0.0,0.0,0.0,0
76f897717d325b35,1547453868644,467,-4865.0,-4353.0,4863.0,0.0,0.0,0.0,0.0,0.0,0.0,0
76f897717d325b35,1547453868674,468,-4865.0,-4353.0,4863.0,0.0,0.0,0.0,0.0,0.0,0.0,0
76f897717d325b35,1547453868733,469,-4865.0,-4609.0,4863.0,0.0,0.0,0.0,0.0,0.0,0.0,0
76f897717d325b35,1547453868764,470,-4865.0,-4353.0,4863.0,0.0,0.0,0.0,0.0,0.0,0.0,0
76f897717d325b35,1547453868794,471,-4865.0,-4353.0,4863.0,0.0,0.0,0.0,0.0,0.0,0.0,0
76f897717d325b35,1547453868824,472,-4865.0,-4353.0,4863.0,0.0,0.0,0.0,0.0,0.0,0.0,0
76f897717d325b35,1547453868854,473,-4865.0,-4353.0,4863.0,0.0,0.0,0.0,0.0,0.0,0.0,0
76f897717d325b35,1547453868884,474,-4865.0,-4353.0,4863.0,0.0,0.0,0.0,0.0,0.0,0.0,0
76f897717d325b35,1547453868914,475,-4865.0,-4609.0,4863.0,0.0,0.0,0.0,0.0,0.0,0.0,0
76f897717d325b35,1547453868943,476,-4865.0,-4353.0,4863.0,0.0,0.0,0.0,0.0,0.0,0.0,0
76f897717d325b35,1547453868982,477,-4865.0,-4353.0,4863.0,0.0,0.0,0.0,0.0,0.0,0.0,0
76f897717d325b35,1547453869004,478,-4865.0,-4609.0,4863.0,0.0,0.0,0.0,0.0,0.0,0.0,0
76f897717d325b35,1547453869033,479,-4865.0,-4609.0,4863.0,0.0,0.0,0.0,0.0,0.0,0.0,0
76f897717d325b35,1547453869093,480,-4865.0,-4353.0,4863.0,0.0,0.0,0.0,0.0,0.0,0.0,0
76f897717d325b35,1547453869123,481,-4865.0,-4353.0,4863.0,0.0,0.0,0.0,0.0,0.0,0.0,0
76f897717d325b35,1547453869154,482,-4865.0,-4353.0,4863.0,0.0,0.0,0.0,0.0,0.0,0.0,0
76f897717d325b35,1547453869184,483,-4865.0,-4353.0,4863.0,0.0,0.0,0.0,0.0,0.0,0.0,0
76f897717d325b35,1547453869213,484,-4865.0,-4353.0,4863.0,0.0,0.0,0.0,0.0,0.0,0.0,0
76f897717d325b35,1547453869244,485,-4865.0,-4609.0,4863.0,0.0,0.0,0.0,0.0,0.0,0.0,0
76f897717d325b35,1547453869274,486,-4865.0,-4353.0,4863.0,0.0,0.0,0.0,0.0,0.0,0.0,0
76f897717d325b35,1547453869304,487,-4865.0,-4353.0,4863.0,0.0,0.0,0.0,0.0,0.0,0.0,0
76f897717d325b35,1547453869333,488,-4865.0,-4353.0,4863.0,0.0,0.0,0.0,0.0,0.0,0.0,0
76f897717d325b35,1547453869363,489,-4865.0,-4353.0,4863.0,0.0,0.0,0.0,0.0,0.0,0.0,0
76f897717d325b35,1547453869423,490,-4865.0,-4353.0,4863.0,0.0,0.0,0.0,0.0,0.0,0.0,0
76f897717d325b35,1547453869482,491,-4865.0,-4353.0,4863.0,0.0,0.0,0.0,0.0,0.0,0.0,0
76f897717d325b35,1547453869484,492,-4865.0,-4353.0,4863.0,0.0,0.0,0.0,0.0,0.0,0.0,0
76f897717d325b35,1547453869513,493,-4865.0,-4609.0,4863.0,0.0,0.0,0.0,0.0,0.0,0.0,0
76f897717d325b35,1547453869543,494,-4865.0,-4353.0,4863.0,0.0,0.0,0.0,0.0,0.0,0.0,0
76f897717d325b35,1547453869576,495,-4865.0,-4353.0,4863.0,0.0,0.0,0.0,0.0,0.0,0.0,0
76f897717d325b35,1547453869631,496,-4865.0,-4609.0,4863.0,0.0,0.0,0.0,0.0,0.0,0.0,0
76f897717d325b35,1547453869632,497,-4865.0,-4353.0,4863.0,0.0,0.0,0.0,0.0,0.0,0.0,0
76f897717d325b35,1547454497342,498,-4865.0,-4353.0,4863.0,0.0,0.0,0.0,0.0,0.0,0.0,0
76f897717d325b35,1547454497373,499,-4865.0,-4353.0,4863.0,0.0,0.0,0.0,0.0,0.0,0.0,0
76f897717d325b35,1547454497403,500,-4865.0,-4353.0,4863.0,0.0,0.0,0.0,0.0,0.0,0.0,0
76f897717d325b35,1547454497432,501,-4865.0,-4353.0,4863.0,0.0,0.0,0.0,0.0,0.0,0.0,0
76f897717d325b35,1547454497463,502,-4865.0,-4353.0,4863.0,0.0,0.0,0.0,0.0,0.0,0.0,0
76f897717d325b35,1547454497492,503,-4865.0,-4353.0,4863.0,0.0,0.0,0.0,0.0,0.0,0.0,0
76f897717d325b35,1547454497553,504,-4865.0,-4353.0,4863.0,0.0,0.0,0.0,0.0,0.0,0.0,0
76f897717d325b35,1547454497583,505,-4865.0,-4353.0,4863.0,0.0,0.0,0.0,0.0,0.0,0.0,0
76f897717d325b35,1547454497613,506,-4865.0,-4609.0,4863.0,0.0,0.0,0.0,0.0,0.0,0.0,0
76f897717d325b35,1547454497643,507,-4865.0,-4609.0,4863.0,0.0,0.0,0.0,0.0,0.0,0.0,0
76f897717d325b35,1547454497673,508,-4865.0,-4609.0,4863.0,0.0,0.0,0.0,0.0,0.0,0.0,0
76f897717d325b35,1547454497703,509,-4865.0,-4353.0,4863.0,0.0,0.0,0.0,0.0,0.0,0.0,0
76f897717d325b35,1547454497733,510,-4865.0,-4353.0,4863.0,0.0,0.0,0.0,0.0,0.0,0.0,0
76f897717d325b35,1547454497763,511,-4865.0,-4353.0,4863.0,0.0,0.0,0.0,0.0,0.0,0.0,0
76f897717d325b35,1547454497793,512,-4865.0,-4353.0,4863.0,0.0,0.0,0.0,0.0,0.0,0.0,0
76f897717d325b35,1547454497823,513,-4865.0,-4353.0,4863.0,0.0,0.0,0.0,0.0,0.0,0.0,0
76f897717d325b35,1547454497883,514,-4865.0,-4353.0,4863.0,0.0,0.0,0.0,0.0,0.0,0.0,0
76f897717d325b35,1547454497912,515,-4865.0,-4353.0,4863.0,0.0,0.0,0.0,0.0,0.0,0.0,0
76f897717d325b35,1547454497943,516,-4865.0,-4353.0,4863.0,0.0,0.0,0.0,0.0,0.0,0.0,0
76f897717d325b35,1547454497973,517,-4865.0,-4353.0,4863.0,0.0,0.0,0.0,0.0,0.0,0.0,0
76f897717d325b35,1547454498003,518,-4865.0,-4609.0,4863.0,0.0,0.0,0.0,0.0,0.0,0.0,0
76f897717d325b35,1547454498033,519,-4865.0,-4609.0,4863.0,0.0,0.0,0.0,0.0,0.0,0.0,0
76f897717d325b35,1547454498063,520,-4865.0,-4353.0,4863.0,0.0,0.0,0.0,0.0,0.0,0.0,0
76f897717d325b35,1547454498093,521,-4865.0,-4353.0,4863.0,0.0,0.0,0.0,0.0,0.0,0.0,0
76f897717d325b35,1547454498123,522,-4865.0,-4353.0,4863.0,0.0,0.0,0.0,0.0,0.0,0.0,0
76f897717d325b35,1547454498153,523,-4865.0,-4353.0,4863.0,0.0,0.0,0.0,0.0,0.0,0.0,0
76f897717d325b35,1547454498213,524,-4865.0,-4609.0,4863.0,0.0,0.0,0.0,0.0,0.0,0.0,0
76f897717d325b35,1547454498243,525,-4865.0,-4353.0,4863.0,0.0,0.0,0.0,0.0,0.0,0.0,0
76f897717d325b35,1547454498273,526,-4865.0,-4609.0,4863.0,0.0,0.0,0.0,0.0,0.0,0.0,0
76f897717d325b35,1547454498303,527,-4865.0,-4353.0,4863.0,0.0,0.0,0.0,0.0,0.0,0.0,0
76f897717d325b35,1547454498333,528,-4865.0,-4353.0,4863.0,0.0,0.0,0.0,0.0,0.0,0.0,0
76f897717d325b35,1547454498363,529,-4865.0,-4353.0,4863.0,0.0,0.0,0.0,0.0,0.0,0.0,0
76f897717d325b35,1547454498393,530,-4865.0,-4353.0,4863.0,0.0,0.0,0.0,0.0,0.0,0.0,0
76f897717d325b35,1547454498423,531,-4865.0,-4353.0,4863.0,0.0,0.0,0.0,0.0,0.0,0.0,0
76f897717d325b35,1547454498453,532,-4865.0,-4609.0,4863.0,0.0,0.0,0.0,0.0,0.0,0.0,0
76f897717d325b35,1547454498483,533,-4865.0,-4353.0,4863.0,0.0,0.0,0.0,0.0,0.0,0.0,0
76f897717d325b35,1547454498513,534,-4865.0,-4353.0,4863.0,0.0,0.0,0.0,0.0,0.0,0.0,0
76f897717d325b35,1547454498572,535,-4865.0,-4609.0,4863.0,0.0,0.0,0.0,0.0,0.0,0.0,0
76f897717d325b35,1547454498603,536,-4865.0,-4353.0,4863.0,0.0,0.0,0.0,0.0,0.0,0.0,0
76f897717d325b35,1547454498633,537,-4865.0,-4353.0,4863.0,0.0,0.0,0.0,0.0,0.0,0.0,0
76f897717d325b35,1547454498663,538,-4865.0,-4353.0,4863.0,0.0,0.0,0.0,0.0,0.0,0.0,0
76f897717d325b35,1547454498693,539,-4865.0,-4353.0,4863.0,0.0,0.0,0.0,0.0,0.0,0.0,0
76f897717d325b35,1547454498725,540,-4865.0,-4609.0,4863.0,0.0,0.0,0.0,0.0,0.0,0.0,0
76f897717d325b35,1547454498753,541,-4865.0,-4353.0,4863.0,0.0,0.0,0.0,0.0,0.0,0.0,0
76f897717d325b35,1547454498783,542,-4865.0,-4353.0,4863.0,0.0,0.0,0.0,0.0,0.0,0.0,0
76f897717d325b35,1547454498813,543,-4865.0,-4353.0,4863.0,0.0,0.0,0.0,0.0,0.0,0.0,0
76f897717d325b35,1547454498843,544,-4865.0,-4353.0,4863.0,0.0,0.0,0.0,0.0,0.0,0.0,0
76f897717d325b35,1547454498902,545,-4865.0,-4353.0,4863.0,0.0,0.0,0.0,0.0,0.0,0.0,0
76f897717d325b35,1547454498933,546,-4865.0,-4353.0,4863.0,0.0,0.0,0.0,0.0,0.0,0.0,0
76f897717d325b35,1547454498963,547,-4865.0,-4609.0,4863.0,0.0,0.0,0.0,0.0,0.0,0.0,0
76f897717d325b35,1547454498993,548,-4865.0,-4609.0,4863.0,0.0,0.0,0.0,0.0,0.0,0.0,0
76f897717d325b35,1547454499025,549,-4865.0,-4353.0,4863.0,0.0,0.0,0.0,0.0,0.0,0.0,0
76f897717d325b35,1547454499053,550,-4865.0,-4353.0,4863.0,0.0,0.0,0.0,0.0,0.0,0.0,0
76f897717d325b35,1547454499083,551,-4865.0,-4353.0,4863.0,0.0,0.0,0.0,0.0,0.0,0.0,0
76f897717d325b35,1547454499113,552,-4865.0,-4609.0,4863.0,0.0,0.0,0.0,0.0,0.0,0.0,0
76f897717d325b35,1547454499142,553,-4865.0,-4353.0,4863.0,0.0,0.0,0.0,0.0,0.0,0.0,0
76f897717d325b35,1547454499173,554,-4865.0,-4353.0,4863.0,0.0,0.0,0.0,0.0,0.0,0.0,0
76f897717d325b35,1547454499234,555,-4865.0,-4353.0,4863.0,0.0,0.0,0.0,0.0,0.0,0.0,0
76f897717d325b35,1547454499263,556,-4865.0,-4353.0,4863.0,0.0,0.0,0.0,0.0,0.0,0.0,0
76f897717d325b35,1547454499293,557,-4865.0,-4609.0,4863.0,0.0,0.0,0.0,0.0,0.0,0.0,0
76f897717d325b35,1547454499325,558,-4865.0,-4353.0,4863.0,0.0,0.0,0.0,0.0,0.0,0.0,0
76f897717d325b35,1547454499354,559,-4865.0,-4609.0,4863.0,0.0,0.0,0.0,0.0,0.0,0.0,0
76f897717d325b35,1547454499383,560,-4865.0,-4609.0,4863.0,0.0,0.0,0.0,0.0,0.0,0.0,0
76f897717d325b35,1547454499413,561,-4865.0,-4353.0,4863.0,0.0,0.0,0.0,0.0,0.0,0.0,0
76f897717d325b35,1547454499443,562,-4865.0,-4353.0,4863.0,0.0,0.0,0.0,0.0,0.0,0.0,0
76f897717d325b35,1547454499473,563,-4865.0,-4353.0,4863.0,0.0,0.0,0.0,0.0,0.0,0.0,0
76f897717d325b35,1547454499504,564,-4865.0,-4353.0,4863.0,0.0,0.0,0.0,0.0,0.0,0.0,0
76f897717d325b35,1547454499563,565,-4865.0,-4353.0,4863.0,0.0,0.0,0.0,0.0,0.0,0.0,0
76f897717d325b35,1547454499593,566,-4865.0,-4353.0,4863.0,0.0,0.0,0.0,0.0,0.0,0.0,0
76f897717d325b35,1547454499623,567,-4865.0,-4353.0,4863.0,0.0,0.0,0.0,0.0,0.0,0.0,0
76f897717d325b35,1547454499654,568,-4865.0,-4609.0,4863.0,0.0,0.0,0.0,0.0,0.0,0.0,0
76f897717d325b35,1547454499683,569,-4865.0,-4609.0,4863.0,0.0,0.0,0.0,0.0,0.0,0.0,0
76f897717d325b35,1547454499713,570,-4865.0,-4353.0,4863.0,0.0,0.0,0.0,0.0,0.0,0.0,0
76f897717d325b35,1547454499743,571,-4865.0,-4353.0,4863.0,0.0,0.0,0.0,0.0,0.0,0.0,0
76f897717d325b35,1547454499774,572,-4865.0,-4353.0,4863.0,0.0,0.0,0.0,0.0,0.0,0.0,0
76f897717d325b35,1547454499804,573,-4865.0,-4353.0,4863.0,0.0,0.0,0.0,0.0,0.0,0.0,0
76f897717d325b35,1547454499833,574,-4865.0,-4353.0,4863.0,0.0,0.0,0.0,0.0,0.0,0.0,0
76f897717d325b35,1547454499893,575,-4865.0,-4353.0,4863.0,0.0,0.0,0.0,0.0,0.0,0.0,0
76f897717d325b35,1547454499923,576,-4865.0,-4353.0,4863.0,0.0,0.0,0.0,0.0,0.0,0.0,0
76f897717d325b35,1547454499953,577,-4865.0,-4353.0,4863.0,0.0,0.0,0.0,0.0,0.0,0.0,0
76f897717d325b35,1547454499983,578,-4865.0,-4353.0,4863.0,0.0,0.0,0.0,0.0,0.0,0.0,0
76f897717d325b35,1547454500013,579,-4865.0,-4353.0,4863.0,0.0,0.0,0.0,0.0,0.0,0.0,0
76f897717d325b35,1547454500044,580,-4865.0,-4353.0,4863.0,0.0,0.0,0.0,0.0,0.0,0.0,0
76f897717d325b35,1547454500073,581,-4865.0,-4609.0,4863.0,0.0,0.0,0.0,0.0,0.0,0.0,0
76f897717d325b35,1547454500103,582,-4865.0,-4353.0,4863.0,0.0,0.0,0.0,0.0,0.0,0.0,0
76f897717d325b35,1547454500133,583,-4865.0,-4609.0,4863.0,0.0,0.0,0.0,0.0,0.0,0.0,0
76f897717d325b35,1547454500163,584,-4865.0,-4353.0,4863.0,0.0,0.0,0.0,0.0,0.0,0.0,0
76f897717d325b35,1547454500223,585,-4865.0,-4353.0,4863.0,0.0,0.0,0.0,0.0,0.0,0.0,0
76f897717d325b35,1547454500254,586,-4865.0,-4353.0,4863.0,0.0,0.0,0.0,0.0,0.0,0.0,0
76f897717d325b35,1547454500284,587,-4865.0,-4353.0,4863.0,0.0,0.0,0.0,0.0,0.0,0.0,0
76f897717d325b35,1547454500313,588,-4865.0,-4609.0,4863.0,0.0,0.0,0.0,0.0,0.0,0.0,0
76f897717d325b35,1547454500343,589,-4865.0,-4353.0,4863.0,0.0,0.0,0.0,0.0,0.0,0.0,0
76f897717d325b35,1547454500373,590,-4865.0,-4353.0,4863.0,0.0,0.0,0.0,0.0,0.0,0.0,0
76f897717d325b35,1547454500403,591,-4865.0,-4353.0,4863.0,0.0,0.0,0.0,0.0,0.0,0.0,0
76f897717d325b35,1547454500434,592,-4865.0,-4609.0,4863.0,0.0,0.0,0.0,0.0,0.0,0.0,0
76f897717d325b35,1547454500463,593,-4865.0,-4353.0,4863.0,0.0,0.0,0.0,0.0,0.0,0.0,0
76f897717d325b35,1547454500493,594,-4865.0,-4353.0,4863.0,0.0,0.0,0.0,0.0,0.0,0.0,0
76f897717d325b35,1547454500553,595,-4865.0,-4353.0,4863.0,0.0,0.0,0.0,0.0,0.0,0.0,0
76f897717d325b35,1547454500583,596,-4865.0,-4353.0,4863.0,0.0,0.0,0.0,0.0,0.0,0.0,0
76f897717d325b35,1547454500614,597,-4865.0,-4353.0,4863.0,0.0,0.0,0.0,0.0,0.0,0.0,0
76f897717d325b35,1547454500643,598,-4865.0,-4353.0,4863.0,0.0,0.0,0.0,0.0,0.0,0.0,0
76f897717d325b35,1547454500673,599,-4865.0,-4609.0,4863.0,0.0,0.0,0.0,0.0,0.0,0.0,0
76f897717d325b35,1547454500703,600,-4865.0,-4353.0,4863.0,0.0,0.0,0.0,0.0,0.0,0.0,0
76f897717d325b35,1547454500733,601,-4865.0,-4353.0,4863.0,0.0,0.0,0.0,0.0,0.0,0.0,0
76f897717d325b35,1547454500764,602,-4865.0,-4353.0,4863.0,0.0,0.0,0.0,0.0,0.0,0.0,0
76f897717d325b35,1547454500793,603,-4865.0,-4353.0,4863.0,0.0,0.0,0.0,0.0,0.0,0.0,0
76f897717d325b35,1547454500823,604,-4865.0,-4353.0,4863.0,0.0,0.0,0.0,0.0,0.0,0.0,0
76f897717d325b35,1547454500883,605,-4865.0,-4609.0,4863.0,0.0,0.0,0.0,0.0,0.0,0.0,0
76f897717d325b35,1547454500913,606,-4865.0,-4353.0,4863.0,0.0,0.0,0.0,0.0,0.0,0.0,0
76f897717d325b35,1547454500943,607,-4865.0,-4353.0,4863.0,0.0,0.0,0.0,0.0,0.0,0.0,0
76f897717d325b35,1547454500974,608,-4865.0,-4353.0,4863.0,0.0,0.0,0.0,0.0,0.0,0.0,0
76f897717d325b35,1547454501033,609,-4865.0,-4353.0,4863.0,0.0,0.0,0.0,0.0,0.0,0.0,0
76f897717d325b35,1547454501034,610,-4865.0,-4609.0,4863.0,0.0,0.0,0.0,0.0,0.0,0.0,0
76f897717d325b35,1547454501063,611,-4865.0,-4609.0,4863.0,0.0,0.0,0.0,0.0,0.0,0.0,0
76f897717d325b35,1547454501093,612,-4865.0,-4609.0,4863.0,0.0,0.0,0.0,0.0,0.0,0.0,0
76f897717d325b35,1547454501124,613,-4865.0,-4353.0,4863.0,0.0,0.0,0.0,0.0,0.0,0.0,0
76f897717d325b35,1547454501154,614,-4865.0,-4353.0,4863.0,0.0,0.0,0.0,0.0,0.0,0.0,0
76f897717d325b35,1547454501213,615,-4865.0,-4353.0,4863.0,0.0,0.0,0.0,0.0,0.0,0.0,0
76f897717d325b35,1547454501244,616,-4865.0,-4353.0,4863.0,0.0,0.0,0.0,0.0,0.0,0.0,0
76f897717d325b35,1547454501273,617,-4865.0,-4353.0,4863.0,0.0,0.0,0.0,0.0,0.0,0.0,0
76f897717d325b35,1547454501304,618,-4865.0,-4609.0,4863.0,0.0,0.0,0.0,0.0,0.0,0.0,0
76f897717d325b35,1547454501333,619,-4865.0,-4353.0,4863.0,0.0,0.0,0.0,0.0,0.0,0.0,0
76f897717d325b35,1547454501363,620,-4865.0,-4353.0,4863.0,0.0,0.0,0.0,0.0,0.0,0.0,0
76f897717d325b35,1547454501394,621,-4865.0,-4353.0,4863.0,0.0,0.0,0.0,0.0,0.0,0.0,0
76f897717d325b35,1547454501423,622,-4865.0,-4353.0,4863.0,0.0,0.0,0.0,0.0,0.0,0.0,0
76f897717d325b35,1547454501453,623,-4865.0,-4609.0,4863.0,0.0,0.0,0.0,0.0,0.0,0.0,0
76f897717d325b35,1547454501483,624,-4865.0,-4353.0,4863.0,0.0,0.0,0.0,0.0,0.0,0.0,0
76f897717d325b35,1547454501543,625,-4865.0,-4609.0,4863.0,0.0,0.0,0.0,0.0,0.0,0.0,0
76f897717d325b35,1547454501573,626,-4865.0,-4353.0,4863.0,0.0,0.0,0.0,0.0,0.0,0.0,0
76f897717d325b35,1547454501603,627,-4865.0,-4609.0,4863.0,0.0,0.0,0.0,0.0,0.0,0.0,0
76f897717d325b35,1547454501633,628,-4865.0,-4353.0,4863.0,0.0,0.0,0.0,0.0,0.0,0.0,0
76f897717d325b35,1547454501663,629,-4865.0,-4353.0,4863.0,0.0,0.0,0.0,0.0,0.0,0.0,0
76f897717d325b35,1547454501693,630,-4865.0,-4353.0,4863.0,0.0,0.0,0.0,0.0,0.0,0.0,0
76f897717d325b35,1547454501723,631,-4865.0,-4353.0,4863.0,0.0,0.0,0.0,0.0,0.0,0.0,0
