,ID,date,time,x,y,z,HR,y_pred
0,11,19-04-11,00:00:00.000000,0.8432246998284734,0.34961664841182916,0.550695894224078,59.00000000,1
1,11,19-04-11,16:59:33.516000,0.8243567753001715,0.45994888645491055,0.47571329157967995,59.00000000,1
2,11,19-04-11,16:59:33.649000,0.965008576329331,0.5613727637824024,0.433820459290188,58.00000000,1
3,11,19-04-11,16:59:33.768000,0.6783533447684391,0.47239868565169774,0.6111099512874044,59.00000000,1
4,11,19-04-11,16:59:33.889000,1.0,0.49996349032493614,0.7280097425191372,59.00000000,1
5,11,19-04-11,16:59:34.009000,0.8181132075471698,0.42544724351953267,0.728740431454419,59.00000000,1
6,11,19-04-11,16:59:34.129000,0.8408233276157804,0.3958415480102227,0.6653444676409187,59.00000000,1
7,11,19-04-11,16:59:34.252000,0.8384219554030875,0.43964950711938666,0.6645093945720251,59.00000000,1
8,11,19-04-11,16:59:34.376000,0.8349228130360206,0.42151880248265794,0.6394572025052193,63.00000000,1
9,11,19-04-11,16:59:34.501000,0.8350257289879932,0.43921139101861995,0.6215448851774531,62.00000000,1
10,11,19-04-11,16:59:34.626000,0.8456260720411664,0.43519532676159184,0.6326026443980516,63.00000000,1
11,11,19-04-11,16:59:34.751000,0.83221269296741,0.428039430449069,0.6291231732776619,64.00000000,1
12,11,19-04-11,16:59:34.879000,0.8380789022298456,0.4308871851040526,0.6219241475295756,64.00000000,1
13,11,19-04-11,16:59:35.017000,0.844253859348199,0.43015699160277476,0.6363952679192764,65.00000000,1
14,11,19-04-11,16:59:35.150000,0.832590051457976,0.4312887915297554,0.6277418232428672,66.00000000,1
15,11,19-04-11,16:59:35.282000,0.8380789022298456,0.42690763052208835,0.6257167710508004,66.00000000,1
16,11,19-04-11,16:59:35.414000,0.8435677530017153,0.4323110624315444,0.6326026443980516,67.00000000,1
17,11,19-04-11,16:59:35.548000,0.834271012006861,0.4294633077765608,0.6287821851078637,65.00000000,1
18,11,19-04-11,16:59:35.692000,0.8373927958833619,0.42544724351953267,0.6243423799582464,67.00000000,1
19,11,19-04-11,16:59:35.832000,0.8421955403087478,0.4330412559328222,0.6329505915100906,66.00000000,1
20,11,19-04-11,16:59:35.971000,0.8370497427101201,0.42873311427528293,0.6284585942936675,66.00000000,1
21,11,19-04-11,16:59:36.109000,0.8367066895368782,0.42509675063891933,0.6257132915796799,66.00000000,1
22,11,19-04-11,16:59:36.246000,0.8421955403087478,0.43194596568090543,0.631562282533055,66.00000000,1
23,11,19-04-11,16:59:36.385000,0.8384219554030875,0.4276378240233662,0.6294989561586639,65.00000000,1
24,11,19-04-11,16:59:36.530000,0.8109777015437393,0.414728002920774,0.6122233820459291,65.00000000,1
25,11,19-04-11,16:59:36.671000,0.8950257289879932,0.42800292077400515,0.6390396659707726,62.00000000,1
26,11,19-04-11,16:59:36.812000,0.8439108061749572,0.4380795910916393,0.6191823242867085,65.00000000,1
27,11,19-04-11,16:59:36.956000,0.8449399656946828,0.45403431909456005,0.6356297842727906,65.00000000,1
28,11,19-04-11,16:59:37.100000,0.8888507718696398,0.46221248630887185,0.6887613082811413,66.00000000,1
29,11,19-04-11,16:59:37.245000,0.8311835334476845,0.42625045637093834,0.6356645789839945,67.00000000,1
30,11,19-04-11,16:59:37.392000,0.8288164665523157,0.42800292077400515,0.6047007654836466,66.00000000,1
31,11,19-04-11,16:59:37.538000,0.8500857632933105,0.4340635268346112,0.6322825330549757,65.00000000,1
32,11,19-04-11,16:59:37.687000,0.8341680960548885,0.4139138371668492,0.6363952679192764,65.00000000,1
33,11,19-04-11,16:59:37.837000,0.8311492281303603,0.42188389923329683,0.6315414057063327,65.00000000,1
34,11,19-04-11,16:59:37.993000,0.8425385934819898,0.4276013143483023,0.6339944328462075,66.00000000,1
35,11,19-04-11,16:59:38.145000,0.8432246998284734,0.4326761591821833,0.6315692414752958,66.00000000,1
36,11,19-04-11,16:59:38.297000,0.8277186963979417,0.41863088718510405,0.6250034794711204,67.00000000,1
37,11,19-04-11,16:59:38.452000,0.8449399656946828,0.41886454910551296,0.6140814196242171,68.00000000,1
38,11,19-04-11,16:59:38.607000,0.7241166380789023,0.6453815261044177,0.7153444676409186,66.00000000,1
39,11,19-04-11,16:59:38.763000,0.8425385934819898,0.44914202263599856,0.5500695894224079,68.00000000,1
40,11,19-04-11,16:59:38.920000,0.7614065180102916,0.5937203358890106,0.7149617258176758,67.00000000,1
41,11,19-04-11,16:59:39.080000,0.6502572898799314,0.5953997809419496,0.8210160055671538,66.00000000,1
42,11,19-04-11,16:59:39.308000,0.6228130360205832,0.584811975173421,0.8710855949895617,66.00000000,1
43,11,19-04-11,16:59:39.468000,0.6272041166380788,0.5871120847024461,0.922651356993737,68.00000000,1
44,11,19-04-11,16:59:39.629000,0.610566037735849,0.5968966776195692,0.8940153096729297,67.00000000,1
45,11,19-04-11,16:59:39.791000,0.6203430531732419,0.5754289886820008,0.8707376478775227,67.00000000,1
46,11,19-04-11,16:59:39.954000,0.6152315608919382,0.5794815626140928,0.8885873347251219,68.00000000,1
47,11,19-04-11,16:59:40.120000,0.6327272727272727,0.5924059875867105,0.8941196938065414,69.00000000,1
48,11,19-04-11,16:59:40.288000,0.6367753001715266,0.5822197882438847,0.8824982602644399,68.00000000,1
49,11,19-04-11,16:59:40.455000,0.6254202401372213,0.5652792990142388,0.8715031315240085,66.00000000,1
50,11,19-04-11,16:59:40.625000,0.6299142367066896,0.5772179627601315,0.8804105775922061,66.00000000,1
51,11,19-04-11,16:59:40.819000,0.5819210977701543,0.5511135450894488,0.8898747390396661,68.00000000,1
52,11,19-04-11,16:59:40.988000,0.5253756432246998,0.5869660460021906,0.9043145441892833,68.00000000,1
53,11,19-04-11,16:59:41.161000,0.5322813036020583,0.5988316903979555,0.8940153096729297,66.00000000,1
54,11,19-04-11,16:59:41.331000,0.5721440823327616,0.5728368017524644,0.874669450243563,67.00000000,1
55,11,19-04-11,16:59:41.507000,0.573516295025729,0.5768893756845564,0.895963813500348,67.00000000,1
56,11,19-04-11,16:59:41.680000,0.5766037735849057,0.5775830595107704,0.9014613778705638,67.00000000,1
57,11,19-04-11,16:59:41.853000,0.5834305317324185,0.5789704271631982,0.8877522616562283,66.00000000,1
58,11,19-04-11,16:59:42.030000,0.5902572898799314,0.5730923694779116,0.8774878218510788,66.00000000,1
59,11,19-04-11,16:59:42.210000,0.5923156089193825,0.5767433369843009,0.8919276270006959,66.00000000,1
60,11,19-04-11,16:59:42.389000,0.5840823327615781,0.5709748083242059,0.8802366040361866,67.00000000,1
61,11,19-04-11,16:59:42.568000,0.5848027444253859,0.5775100401606426,0.8894919972164232,67.00000000,1
62,11,19-04-11,16:59:42.753000,0.586861063464837,0.5811244979919679,0.893597773138483,66.00000000,1
63,11,19-04-11,16:59:42.937000,0.5923156089193825,0.5738590726542534,0.890918580375783,67.00000000,1
64,11,19-04-11,16:59:43.118000,0.5940308747855918,0.5781672143117926,0.8891788448155882,67.00000000,1
65,11,19-04-11,16:59:43.300000,0.5909433962264151,0.5774735304855787,0.891579679888657,69.00000000,1
66,11,19-04-11,16:59:43.492000,0.5881989708404802,0.5764147499087259,0.8936325678496869,67.00000000,1
67,11,19-04-11,16:59:43.683000,0.5878559176672384,0.5731288791529756,0.8850382741823244,65.00000000,1
68,11,19-04-11,16:59:43.869000,0.5906003430531732,0.5745892661555312,0.8950243562978428,65.00000000,1
69,11,19-04-11,16:59:44.055000,0.5895368782161234,0.5662650602409639,0.8871259568545582,66.00000000,1
70,11,19-04-11,16:59:44.242000,0.5816809605488851,0.5695509309967142,0.8874391092553933,66.00000000,1
71,11,19-04-11,16:59:44.431000,0.5824699828473413,0.5891201168309602,0.8922059846903272,66.00000000,1
72,11,19-04-11,16:59:44.622000,0.5933104631217838,0.5731288791529756,0.8977731384829507,66.00000000,1
73,11,19-04-11,16:59:44.814000,0.640926243567753,0.5311427528294999,0.8699373695198331,66.00000000,1
74,11,19-04-11,16:59:45.011000,0.42662092624356773,0.43694779116465865,0.573284620737648,66.00000000,1
75,11,19-04-11,16:59:45.203000,0.8269296740994854,0.33556042351223075,0.5489213639526792,68.00000000,1
76,11,19-04-11,16:59:45.398000,0.8826758147512865,0.2425337714494341,0.5401530967292972,68.00000000,1
77,11,19-04-11,16:59:45.595000,0.8795883361921097,0.399718875502008,0.5685873347251218,68.00000000,1
78,11,19-04-11,16:59:45.798000,0.902229845626072,0.38073749543629065,0.560821155184412,68.00000000,1
79,11,19-04-11,16:59:45.996000,0.8476843910806175,0.2660825118656444,0.458803061934586,67.00000000,1
80,11,19-04-11,16:59:46.203000,0.8421955403087478,0.3546476816356334,0.5413709116214336,67.00000000,1
81,11,19-04-11,16:59:46.411000,0.8439108061749572,0.37205184373859074,0.5599164926931107,67.00000000,1
82,11,19-04-11,16:59:46.617000,0.8322813036020583,0.37578313253012047,0.5756541405706334,67.00000000,1
83,11,19-04-11,16:59:46.819000,0.8507718696397941,0.3517707192405988,0.5716771050800279,67.00000000,1
84,11,19-04-11,16:59:47.022000,0.8439108061749572,0.36590726542533775,0.5613082811412666,67.00000000,1
85,11,19-04-11,16:59:48.557000,0.834614065180103,0.36197882438846296,0.5609255393180237,67.00000000,1
86,11,19-04-11,16:59:48.764000,0.8408233276157804,0.35978459291712306,0.5674878218510787,66.00000000,1
87,11,19-04-11,16:59:48.973000,0.8514579759862779,0.34410368747718145,0.550382741823243,66.00000000,1
88,11,19-04-11,16:59:49.184000,0.8370497427101201,0.3586820007301935,0.5492693110647182,68.00000000,1
89,11,19-04-11,16:59:49.398000,0.8449399656946828,0.3568346111719606,0.5541057759220599,66.00000000,1
90,11,19-04-11,16:59:49.608000,0.7924871355060035,0.39464768163563346,0.4891440501043842,67.00000000,1
91,11,19-04-11,16:59:49.820000,0.8302572898799314,0.37614457831325304,0.5698016701461378,67.00000000,1
92,11,19-04-11,16:59:50.031000,0.8106689536878215,0.4079846659364732,0.5136047320807238,67.00000000,1
93,11,19-04-11,16:59:50.244000,0.8360205831903945,0.37316538882803946,0.5502435629784274,67.00000000,1
94,11,19-04-11,16:59:50.459000,0.8206518010291595,0.3648959474260679,0.5306193458594294,67.00000000,1
95,11,19-04-11,16:59:50.676000,0.768507718696398,0.4510770354143848,0.5600208768267224,66.00000000,1
96,11,19-04-11,16:59:50.898000,0.8012692967409949,0.26535231836436657,0.47922755741127354,66.00000000,1
97,11,19-04-11,16:59:51.116000,0.8579759862778731,0.3770719240598759,0.5764544189283229,67.00000000,1
98,11,19-04-11,16:59:51.337000,0.8338936535162951,0.35839357429718877,0.5729610299234517,66.00000000,1
99,11,19-04-11,16:59:51.564000,0.8397941680960549,0.3572033588901059,0.5434237995824636,66.00000000,1
100,11,19-04-11,18:31:46.969000,0.41818181818181815,0.7261774370208105,0.5487473903966598,66.00000000,1
101,11,19-04-11,18:31:47.207000,0.42775300171526587,0.8364366557137641,0.5498608211551845,67.00000000,1
102,11,19-04-11,18:31:47.436000,0.437598627787307,0.71960569550931,0.5790918580375783,67.00000000,1
103,11,19-04-11,18:31:47.665000,0.23560891938250428,1.0,0.5983691718858735,68.00000000,1
104,11,19-04-11,18:31:47.897000,0.4232246998284734,0.7677984665936474,0.5634307585247043,68.00000000,1
105,11,19-04-11,18:31:48.131000,0.35530017152658655,0.7838627236217598,0.5324982602644399,68.00000000,1
106,11,19-04-11,18:31:48.374000,0.460041166380789,0.7490324936108068,0.5234516353514267,68.00000000,1
107,11,19-04-11,18:31:48.618000,0.4433962264150943,0.7630522088353413,0.5198677800974253,67.00000000,1
108,11,19-04-11,18:31:48.859000,0.47406861063464834,0.7561153705732019,0.5585247042449548,67.00000000,1
109,11,19-04-11,18:31:49.104000,0.3797941680960549,0.7703541438481198,0.5893493389004872,67.00000000,1
110,11,19-04-11,18:31:49.340000,0.4343739279588336,0.6998174516246806,0.6165935977731386,68.00000000,1
111,11,19-04-11,18:31:49.577000,0.3936878216123499,0.6956918583424607,0.6098851774530272,68.00000000,1
112,11,19-04-11,18:31:49.823000,0.33005145797598623,0.7284410368747718,0.5136047320807238,68.00000000,1
113,11,19-04-11,18:31:50.067000,0.3487821612349914,0.7219058050383351,0.5522268615170495,68.00000000,1
114,11,19-04-11,18:31:50.307000,0.36257289879931387,0.7428623585250091,0.566659707724426,79.00000000,1
115,11,19-04-11,18:31:50.548000,0.38624356775300167,0.7677984665936474,0.6127522616562283,79.00000000,1
116,11,19-04-11,18:31:50.791000,0.356123499142367,0.7482657904344652,0.5370563674321504,82.00000000,1
117,11,19-04-11,18:31:51.035000,0.39008576329331046,0.7758305951077036,0.5917849686847599,82.00000000,1
118,11,19-04-11,18:31:51.280000,0.402229845626072,0.7506754289886821,0.607713987473904,83.00000000,1
119,11,19-04-11,18:31:51.530000,0.4019554030874785,0.8240233661920409,0.6425539318023661,81.00000000,1
120,11,19-04-11,18:31:51.779000,0.44219554030874786,0.7530120481927711,0.641231732776618,78.00000000,1
121,11,19-04-11,18:31:52.035000,0.47442881646655227,0.7652427893391749,0.602508698677801,78.00000000,1
122,11,19-04-11,18:31:52.286000,0.44662092624356775,0.7434465133260314,0.5735734168406403,88.00000000,1
123,11,19-04-11,18:31:52.543000,0.42404802744425385,0.7395764877692589,0.5755462769659012,87.00000000,1
124,11,19-04-11,18:31:52.798000,0.4860068610634648,0.7539247900693684,0.5751009046624914,83.00000000,1
125,11,19-04-11,18:31:53.051000,0.45971869639794166,0.7590361445783134,0.5711830201809326,83.00000000,1
126,11,19-04-11,18:31:53.306000,0.43406518010291595,0.7572106608251187,0.5638552540013919,81.00000000,1
127,11,19-04-11,18:31:53.563000,0.4296054888507718,0.8075940124132895,0.554070981210856,82.00000000,1
128,11,19-04-11,18:31:53.823000,0.5052761578044597,0.7714494341000366,0.5349338900487126,80.00000000,1
129,11,19-04-11,18:31:54.086000,0.491987512864494,0.7220883534136546,0.5415448851774531,80.00000000,1
130,11,19-04-11,18:31:54.351000,0.4551286449399657,0.7306316173786054,0.5406402226861518,149.00000000,1
131,11,19-04-11,18:31:54.614000,0.4674133790737564,0.7284045271997079,0.550347947112039,87.00000000,1
132,11,19-04-11,18:31:54.876000,0.3571183533447684,0.8948521358159913,0.4242519137091163,79.00000000,1
133,11,19-04-11,18:31:55.139000,0.4216123499142367,0.6493610806863819,0.3767571329157969,80.00000000,1
134,11,19-04-11,18:31:55.403000,0.42336192109777016,0.6555312157721797,0.3819067501739736,81.00000000,1
135,11,19-04-11,18:31:55.668000,0.39238421955403086,0.6242424242424243,0.3887265135699374,86.00000000,1
136,11,19-04-11,18:31:55.931000,0.44847341337907376,0.6795910916392844,0.35894224077940157,83.00000000,1
137,11,19-04-11,18:31:56.200000,0.49154408233276153,0.6836801752464403,0.37286012526096035,89.00000000,1
138,11,19-04-11,18:31:56.467000,0.44614065180102913,0.833150784958014,0.18093249826026447,80.00000000,1
139,11,19-04-11,18:31:56.733000,0.4658044596912521,0.6686746987951807,0.3889352818371608,79.00000000,1
140,11,19-04-11,18:31:57.000000,0.4777255574614065,0.659145673603505,0.3660055671537927,82.00000000,1
141,11,19-04-11,18:31:59.132000,0.4746552315608919,0.6598758671047829,0.3690675017397356,82.00000000,1
142,11,19-04-11,18:31:59.403000,0.46540308747855913,0.6559693318729464,0.3690327070285317,84.00000000,1
143,11,19-04-11,18:31:59.675000,0.4886174957118353,0.6514786418400876,0.36951983298538627,84.00000000,1
144,11,19-04-11,18:31:59.950000,0.4797598627787307,0.6569550930996715,0.37459986082115526,83.00000000,1
145,11,19-04-11,18:32:00.223000,0.48353344768439105,0.6569185834246075,0.3598469032707029,83.00000000,1
146,11,19-04-11,18:32:00.496000,0.4780617495711835,0.6584154801022271,0.36736256089074465,82.00000000,1
147,11,19-04-11,18:32:00.770000,0.4843396226415094,0.6775465498357065,0.3625608907446069,80.00000000,1
148,11,19-04-11,18:32:01.048000,0.4879965694682676,0.6615918218327856,0.3677800974251914,78.00000000,1
149,11,19-04-11,18:32:01.328000,0.4812075471698113,0.669258853596203,0.36840640222686155,78.00000000,1
150,11,19-04-11,18:32:01.610000,0.48808233276157803,0.6771814530850675,0.37560890744606823,77.00000000,1
151,11,19-04-11,18:32:01.890000,0.4784939965694682,0.6758305951077035,0.38830897703549067,78.00000000,1
152,11,19-04-11,18:32:04.076000,0.47816466552315606,0.6757940854326396,0.3748782185107864,80.00000000,1
153,11,19-04-11,18:32:04.359000,0.4969605488850772,0.6782402336619204,0.39182324286708425,81.00000000,1
154,11,19-04-11,18:32:04.640000,0.48338936535162946,0.6931726907630522,0.3862212943632568,81.00000000,1
155,11,19-04-11,18:32:04.922000,0.4908336192109777,0.6811610076670318,0.3862908837856646,81.00000000,1
156,11,19-04-11,18:32:05.204000,0.49362195540308745,0.6909456005841548,0.3866040361864997,80.00000000,1
157,11,19-04-11,18:32:05.486000,0.4894984562607204,0.6859072654253378,0.38590814196242174,81.00000000,1
158,11,19-04-11,18:32:05.774000,0.4887890222984562,0.6811975173420957,0.38489909533750877,85.00000000,1
159,11,19-04-11,18:32:06.062000,0.48606861063464835,0.6833515881708654,0.3787056367432151,89.00000000,1
160,11,19-04-11,18:32:06.349000,0.4860377358490566,0.6775465498357065,0.3752609603340292,89.00000000,1
161,11,19-04-11,18:32:06.636000,0.4873070325900514,0.6627236217597664,0.3780793319415449,87.00000000,1
162,11,19-04-11,18:32:06.924000,0.4857289879931389,0.6829864914202264,0.3752609603340292,83.00000000,1
163,11,19-04-11,18:32:09.063000,0.4813001715265866,0.6844468784227821,0.37077244258872655,84.00000000,1
164,11,19-04-11,18:32:09.357000,0.48431560891938247,0.6761226725082147,0.379749478079332,86.00000000,1
165,11,19-04-11,18:32:09.655000,0.49046518010291595,0.6749908725812341,0.37633959638135006,83.00000000,1
166,11,19-04-11,18:32:09.956000,0.4870668953687821,0.6797371303395401,0.3831593597773139,91.00000000,1
167,11,19-04-11,18:32:10.253000,0.48188679245283017,0.6707192405987588,0.3800974251913709,91.00000000,1
168,11,19-04-11,18:32:10.552000,0.4839656946826758,0.6746987951807228,0.379749478079332,95.00000000,1
169,11,19-04-11,18:32:10.851000,0.4798662092624357,0.6754289886820007,0.381767571329158,95.00000000,1
170,11,19-04-11,18:32:11.154000,0.4867478559176672,0.6830230010952902,0.3855601948503828,79.00000000,1
171,11,19-04-11,18:32:11.463000,0.48299828473413375,0.6848484848484848,0.38382045929018793,79.00000000,1
172,11,19-04-11,18:32:11.765000,0.48570154373927954,0.6797736400146039,0.38350730688935286,82.00000000,1
173,11,19-04-11,18:32:13.914000,0.4884048027444254,0.6739320920043812,0.38114126652748787,82.00000000,1
174,11,19-04-11,18:32:14.223000,0.47538593481989705,0.668601679445053,0.37800974251913716,83.00000000,1
175,11,19-04-11,18:32:14.530000,0.480229845626072,0.6790434465133262,0.3779749478079332,81.00000000,1
176,11,19-04-11,18:32:14.839000,0.4764871355060034,0.6815991237677985,0.3796798886569242,78.00000000,1
177,11,19-04-11,18:32:15.148000,0.47576672384219554,0.6751004016064257,0.37557411273486435,78.00000000,1
178,11,19-04-11,18:32:15.460000,0.48636706689536874,0.6761226725082147,0.37595685455810723,88.00000000,1
179,11,19-04-11,18:32:15.775000,0.48297084048027444,0.6790434465133262,0.3735212247738344,87.00000000,1
180,11,19-04-11,18:32:16.089000,0.4805626072041166,0.6765242789339174,0.37800974251913716,83.00000000,1
181,11,19-04-11,18:32:16.403000,0.470967409948542,0.6729463307776561,0.3734864300626305,83.00000000,1
182,11,19-04-11,18:32:16.718000,0.46416466552315605,0.6780576852866009,0.37860125260960337,81.00000000,1
183,11,19-04-11,18:32:17.036000,0.47712178387650084,0.6732749178532311,0.3786708420320112,82.00000000,1
184,11,19-04-11,18:32:19.208000,0.4764493996569468,0.6747353048557868,0.3762700069589423,80.00000000,1
185,11,19-04-11,18:32:19.527000,0.4778421955403087,0.6786783497626871,0.3724773834377175,80.00000000,1
186,11,19-04-11,18:32:19.851000,0.47297770154373925,0.6660460021905805,0.3738691718858734,149.00000000,1
187,11,19-04-11,18:32:20.170000,0.47882675814751285,0.6718145308506754,0.3704244954766876,87.00000000,1
188,11,19-04-11,18:32:20.489000,0.47712864493996565,0.6732749178532311,0.37181628392484345,79.00000000,1
189,11,19-04-11,18:32:20.812000,0.4754133790737564,0.6725447243519533,0.3735212247738344,80.00000000,1
190,11,19-04-11,18:32:21.138000,0.479156089193825,0.669258853596203,0.3694154488517746,81.00000000,1
191,11,19-04-11,18:32:21.469000,0.4788164665523156,0.669623950346842,0.3704592901878915,86.00000000,1
192,11,19-04-11,18:32:21.795000,0.47538593481989705,0.6678349762687112,0.37077244258872655,83.00000000,1
193,11,19-04-11,18:32:23.971000,0.4781303602058319,0.669623950346842,0.3697633959638135,89.00000000,1
194,11,19-04-11,18:32:24.304000,0.4778216123499142,0.6754289886820007,0.37077244258872655,80.00000000,1
195,11,19-04-11,18:32:24.633000,0.47711149228130356,0.6710843373493977,0.37181628392484345,79.00000000,1
196,11,19-04-11,18:32:24.964000,0.4767821612349914,0.6721796276013143,0.36631871955462775,82.00000000,1
197,11,19-04-11,18:32:25.295000,0.4695951972555746,0.6707922599488865,0.36938065414057064,82.00000000,1
198,11,19-04-11,18:32:25.634000,0.4674476843910806,0.6544724351953268,0.3632219902574809,84.00000000,1
199,11,19-04-11,18:32:25.983000,0.4664459691252144,0.6584884994523549,0.3656228253305498,84.00000000,1
200,11,19-04-11,18:32:26.322000,0.4596603773584905,0.6653888280394304,0.3566109951287405,83.00000000,1
201,11,19-04-11,18:32:26.660000,0.45889879931389366,0.652354874041621,0.35699373695198333,83.00000000,1
202,11,19-04-11,18:32:26.994000,0.45036020583190395,0.6538517707192406,0.3576548364648574,82.00000000,1
203,11,19-04-11,18:32:29.183000,0.45440823327615776,0.6465863453815262,0.35768963117606123,80.00000000,1
204,11,19-04-11,18:32:29.522000,0.4575300171526586,0.6516246805403432,0.3470076548364649,78.00000000,1
205,11,19-04-11,18:32:29.862000,0.45516295025728987,0.6545454545454545,0.35970772442588733,78.00000000,1
206,11,19-04-11,18:32:30.207000,0.45718696397941677,0.6501642935377876,0.35013917884481566,77.00000000,1
207,11,19-04-11,18:32:30.548000,0.45238421955403085,0.6454910551296094,0.34460681976339597,78.00000000,1
208,11,19-04-11,18:32:30.892000,0.44984562607204115,0.6824388462942681,0.3530967292971469,80.00000000,1
209,11,19-04-11,18:32:31.240000,0.446483704974271,0.6981380065717415,0.4042449547668755,81.00000000,1
210,11,19-04-11,18:32:31.592000,0.4262778730703259,0.7046732384081782,0.5031315240083508,81.00000000,1
211,11,19-04-11,18:32:31.939000,0.40452830188679245,0.7372763782402336,0.6115448851774531,81.00000000,1
212,11,19-04-11,18:32:34.201000,0.40466552315608917,0.7227090178897408,0.7394572025052193,80.00000000,1
213,11,19-04-11,18:32:34.550000,0.4060034305317324,0.7776560788608982,0.7963465553235909,81.00000000,1
214,11,19-04-11,18:32:34.895000,0.45862435677530017,0.6675063891931362,0.8075504523312458,85.00000000,1
215,11,19-04-11,18:32:35.241000,0.4333790737564322,0.6807959109163928,0.8393528183716077,89.00000000,1
216,11,19-04-11,18:32:35.588000,0.44758147512864493,0.7586710478276744,0.7824982602644399,89.00000000,1
217,11,19-04-11,18:32:35.944000,0.4259691252144082,0.6380795910916393,0.8222686151704941,87.00000000,1
218,11,19-04-11,18:32:38.155000,0.4250428816466552,0.6473895582329317,0.7758176757132916,83.00000000,1
219,11,19-04-11,18:32:38.514000,0.4424699828473413,0.6564804673238409,0.8353514265831594,84.00000000,1
220,11,19-04-11,18:32:38.870000,0.4350943396226415,0.6179992698064988,0.7701113430758526,86.00000000,1
221,11,19-04-11,18:32:39.239000,0.4500514579759862,0.6646951442132165,0.8161099512874044,83.00000000,1
222,11,19-04-11,18:32:39.597000,0.4727650085763293,0.6858707557502739,0.7910577592205985,91.00000000,1
223,11,19-04-11,18:32:39.957000,0.4499485420240137,0.7533406352683462,0.7952331245650662,91.00000000,1
224,11,19-04-11,18:32:40.318000,0.4441509433962264,0.5996349032493611,0.8454766875434935,95.00000000,1
225,11,19-04-11,18:32:40.682000,0.4487478559176672,0.6267981014968967,0.8646833681280446,95.00000000,1
226,11,19-04-11,18:32:41.049000,0.43955403087478556,0.6367287331142752,0.8982950591510092,94.00000000,1
227,11,19-04-11,18:32:43.266000,0.45915951972555746,0.6022635998539613,0.9194154488517746,99.00000000,1
228,11,19-04-11,18:32:43.636000,0.46774957118353344,0.5489229645856152,0.8835421016005568,79.00000000,1
229,11,19-04-11,18:32:44.004000,0.4814716981132075,0.5589996349032493,0.8973208072373,79.00000000,1
230,11,19-04-11,18:32:44.371000,0.45145797598627785,0.6184738955823293,0.8629784272790537,82.00000000,1
231,11,19-04-11,18:32:44.737000,0.4720068610634648,0.6307046367287331,0.8895267919276271,82.00000000,1
232,11,19-04-11,18:32:45.112000,0.4676878216123499,0.6450894487039065,0.8416840640222687,83.00000000,1
233,11,19-04-11,18:32:45.482000,0.4536535162950257,0.6408178167214311,0.8292623521224775,81.00000000,1
234,11,19-04-11,18:32:45.852000,0.45053173241852484,0.6838992332968237,0.8181280445372304,78.00000000,1
235,11,19-04-11,18:32:46.230000,0.43999999999999995,0.6929536327126689,0.7960681976339598,78.00000000,1
236,11,19-04-11,18:32:48.462000,0.4327272727272727,0.7272362175976634,0.7299234516353514,88.00000000,1
237,11,19-04-11,18:32:48.837000,0.43691252144082326,0.7856882073749545,0.6407794015309674,87.00000000,1
238,11,19-04-11,18:32:49.218000,0.4218867924528302,0.77364001460387,0.5713152400835074,83.00000000,1
239,11,19-04-11,18:32:49.594000,0.4416123499142367,0.7190580503833517,0.6612734864300627,83.00000000,1
240,11,19-04-11,18:32:49.970000,0.4295025728987993,0.7066812705366923,0.7602296450939459,81.00000000,1
241,11,19-04-11,18:32:50.350000,0.44277873070325896,0.7533041255932822,0.7612038970076549,82.00000000,1
242,11,19-04-11,18:32:50.735000,0.4024013722126929,0.6404162102957284,0.8283228949199722,80.00000000,1
243,11,19-04-11,18:32:51.119000,0.41269296740994854,0.6970427163198247,0.7677453027139876,80.00000000,1
244,11,19-04-11,18:32:53.366000,0.41180102915951966,0.7132530120481928,0.7353862212943634,149.00000000,1
245,11,19-04-11,18:32:53.751000,0.4229502572898799,0.696641109894122,0.7829157967988867,87.00000000,1
246,11,19-04-11,18:32:54.140000,0.41554030874785586,0.7151150054764512,0.7632219902574809,79.00000000,1
247,11,19-04-11,18:32:54.527000,0.41214408233276156,0.7176706827309237,0.7666318719554628,80.00000000,1
248,11,19-04-11,18:32:54.914000,0.4176672384219554,0.6684191310697335,0.7654140570633264,81.00000000,1
249,11,19-04-11,18:32:55.313000,0.4081303602058319,0.728075940124133,0.7215727209464162,86.00000000,1
250,11,19-04-11,18:32:55.703000,0.4175643224699828,0.70675428988682,0.7526096033402924,83.00000000,1
251,11,19-04-11,18:32:56.096000,0.4052487135506003,0.7049653158086893,0.7391440501043842,89.00000000,1
252,11,19-04-11,18:32:56.490000,0.41114922813036014,0.7143117926250456,0.7144050104384134,80.00000000,1
253,11,19-04-11,18:32:58.745000,0.40404802744425383,0.7262869660460023,0.7112386917188588,79.00000000,1
254,11,19-04-11,18:32:59.139000,0.3999313893653516,0.7241328952172326,0.7156924147529576,82.00000000,1
255,11,19-04-11,18:32:59.536000,0.39560891938250425,0.7422416940489229,0.7063674321503133,82.00000000,1
256,11,19-04-11,18:32:59.935000,0.39931389365351627,0.73311427528295,0.6830201809324984,84.00000000,1
257,11,19-04-11,18:33:00.333000,0.3946140651801029,0.7472435195326761,0.6791927627000697,84.00000000,1
258,11,19-04-11,18:33:00.731000,0.39931389365351627,0.732749178532311,0.6830201809324984,83.00000000,1
259,11,19-04-11,18:33:01.139000,0.4020583190394511,0.7338444687842278,0.6830201809324984,83.00000000,1
260,11,19-04-11,18:33:01.544000,0.40068610634648366,0.7345746622855057,0.688517745302714,82.00000000,1
261,11,19-04-11,18:33:03.863000,0.4020926243567753,0.7385542168674699,0.6881697981906751,80.00000000,1
262,11,19-04-11,18:33:04.261000,0.4020583190394511,0.7342095655348668,0.6909185803757829,78.00000000,1
263,11,19-04-11,18:33:04.662000,0.4024013722126929,0.7345746622855057,0.6909533750869868,78.00000000,1
264,11,19-04-11,18:33:05.059000,0.4027444253859348,0.7342095655348668,0.6923103688239388,77.00000000,1
265,11,19-04-11,18:33:05.461000,0.4034305317324185,0.7374589266155531,0.6878566457898401,78.00000000,1
266,11,19-04-11,18:33:06.233000,0.4033962264150943,0.7316903979554582,0.6957550452331247,80.00000000,1
267,11,19-04-11,18:33:10.566000,0.3999656946826758,0.7298649142022636,0.6940501043841337,81.00000000,1
268,11,19-04-11,18:33:11.371000,0.4054545454545454,0.7338444687842278,0.6957550452331247,81.00000000,1
269,11,19-04-11,18:33:15.730000,0.405934819897084,0.7515516611902154,0.6833333333333335,81.00000000,1
270,11,19-04-11,18:33:16.568000,0.40442538593481986,0.732749178532311,0.6985038274182325,80.00000000,1
271,11,19-04-11,18:33:20.938000,0.4061406518010291,0.7345381526104418,0.6940501043841337,81.00000000,1
272,11,19-04-11,18:33:21.748000,0.40442538593481986,0.7334793720335889,0.6930062630480167,85.00000000,1
273,11,19-04-11,18:33:26.103000,0.4051114922813036,0.7320189850310332,0.6937021572720947,89.00000000,1
274,11,19-04-11,18:33:26.913000,0.406861063464837,0.7363636363636363,0.6933542101600557,89.00000000,1
275,11,19-04-11,18:33:31.282000,0.4057975986277873,0.7349032493610808,0.6957550452331247,87.00000000,1
276,11,19-04-11,18:33:32.099000,0.39588336192109774,0.7316903979554582,0.6871259568545582,83.00000000,1
277,11,19-04-11,18:33:36.525000,0.4018181818181818,0.6988316903979555,0.7257480862908838,84.00000000,1
278,11,19-04-11,18:33:40.897000,0.392967409948542,0.7057320189850311,0.7157272094641616,86.00000000,1
279,11,19-04-11,18:33:41.728000,0.3963293310463122,0.7439576487769259,0.670946416144746,83.00000000,1
280,11,19-04-11,18:33:46.108000,0.4036363636363636,0.7176341730558599,0.7222686151704941,91.00000000,1
281,11,19-04-11,18:33:46.936000,0.40607204116638074,0.7266520627966411,0.7153792623521226,91.00000000,1
282,11,19-04-11,18:33:51.323000,0.4074442538593482,0.7255567725447244,0.7205288796102993,95.00000000,1
283,11,19-04-11,18:33:55.731000,0.40881646655231557,0.7259218692953633,0.7178148921363954,95.00000000,1
284,11,19-04-11,18:33:56.561000,0.4071355060034305,0.7284410368747718,0.7181280445372304,79.00000000,1
285,11,19-04-11,18:34:00.963000,0.40641509433962264,0.7240963855421687,0.7208768267223383,79.00000000,1
286,11,19-04-11,18:34:01.799000,0.4115608919382504,0.7266155531215772,0.72571329157968,82.00000000,1
287,11,19-04-11,18:34:06.513000,0.410188679245283,0.727710843373494,0.7202157272094643,82.00000000,1
288,11,19-04-11,18:34:10.906000,0.40264150943396226,0.7197882438846295,0.7157272094641616,83.00000000,1
289,11,19-04-11,18:34:11.747000,0.41084048027444253,0.7266520627966411,0.7339596381350035,81.00000000,1
290,11,19-04-11,18:34:16.146000,0.4081303602058319,0.7233661920408909,0.7178148921363954,78.00000000,1
291,11,19-04-11,18:34:16.999000,0.40816466552315606,0.7313253012048193,0.7167362560890745,78.00000000,1
292,11,19-04-11,18:34:21.420000,0.4105317324185248,0.728769623950347,0.7178148921363954,88.00000000,1
293,11,19-04-11,18:34:25.829000,0.40816466552315606,0.7316903979554582,0.7174321503131524,87.00000000,1
294,11,19-04-11,18:34:30.253000,0.4091595197255574,0.7295363271266886,0.7198677800974252,83.00000000,1
295,11,19-04-11,18:34:31.107000,0.4084734133790737,0.727710843373494,0.7195198329853862,83.00000000,1
296,11,19-04-11,18:34:35.615000,0.40778730703259003,0.7262504563709383,0.7171189979123174,81.00000000,1
297,11,19-04-11,18:34:36.479000,0.4108747855917667,0.7284410368747718,0.7191718858733473,82.00000000,1
298,11,19-04-11,18:34:37.328000,0.4109090909090909,0.7302300109529025,0.7157272094641616,80.00000000,1
299,11,19-04-11,18:34:38.178000,0.4081303602058319,0.7259218692953633,0.7184759916492693,80.00000000,1
300,11,19-04-11,18:34:39.038000,0.40778730703259003,0.7266520627966411,0.7212247738343772,149.00000000,1
301,11,19-04-11,18:34:39.884000,0.4098456260720411,0.7295363271266886,0.7226165622825331,87.00000000,1
302,11,19-04-11,18:34:40.733000,0.4080960548885077,0.7182913472070098,0.7164231036882395,79.00000000,1
303,11,19-04-11,18:34:41.610000,0.4091595197255574,0.7284410368747718,0.7140222686151706,80.00000000,1
304,11,19-04-11,18:34:42.467000,0.4098799313893653,0.7298649142022636,0.7174321503131524,81.00000000,1
305,11,19-04-11,18:34:43.324000,0.40912521440823324,0.722635998539613,0.7178148921363954,86.00000000,1
306,11,19-04-11,18:34:44.191000,0.4095025728987993,0.728075940124133,0.7191718858733473,83.00000000,1
307,11,19-04-11,18:34:45.050000,0.4074442538593482,0.727710843373494,0.7191718858733473,89.00000000,1
308,11,19-04-11,18:34:45.910000,0.40747855917667236,0.7335158817086528,0.7208768267223383,80.00000000,1
309,11,19-04-11,18:34:46.790000,0.4085077186963979,0.7288061336254108,0.7205288796102993,79.00000000,1
310,11,19-04-11,18:34:47.659000,0.4098456260720411,0.727345746622855,0.7205636743215033,82.00000000,1
311,11,19-04-11,18:34:48.530000,0.4078216123499142,0.7288061336254108,0.7191718858733473,82.00000000,1
312,11,19-04-11,18:34:49.407000,0.4105317324185248,0.7269806498722162,0.7157272094641616,84.00000000,1
313,11,19-04-11,18:34:50.279000,0.4098456260720411,0.7258853596202994,0.7174669450243564,84.00000000,1
314,11,19-04-11,18:34:51.156000,0.4084734133790737,0.7269806498722162,0.7188239387613083,83.00000000,1
315,11,19-04-11,18:34:55.594000,0.4095368782161235,0.7324205914567361,0.7215727209464162,83.00000000,1
316,11,19-04-11,18:34:56.495000,0.4108747855917667,0.7255202628696604,0.7185107863604733,82.00000000,1
317,11,19-04-11,18:35:00.971000,0.4115608919382504,0.728769623950347,0.7174669450243564,80.00000000,1
318,11,19-04-11,18:35:01.875000,0.4095025728987993,0.7291712303760497,0.7202157272094643,78.00000000,1
319,11,19-04-11,18:35:06.478000,0.4098456260720411,0.727345746622855,0.7184759916492693,78.00000000,1
320,11,19-04-11,18:35:10.963000,0.4095025728987993,0.728075940124133,0.7171189979123174,77.00000000,1
321,11,19-04-11,18:35:11.880000,0.4091595197255574,0.7255567725447244,0.7178148921363954,78.00000000,1
322,11,19-04-11,18:35:16.348000,0.4095025728987993,0.728075940124133,0.7191718858733473,80.00000000,1
323,11,19-04-11,18:35:20.853000,0.4098456260720411,0.7262504563709383,0.7136743215031316,81.00000000,1
324,11,19-04-11,18:35:21.773000,0.4095025728987993,0.727345746622855,0.7188239387613083,81.00000000,1
325,11,19-04-11,18:35:26.274000,0.4098456260720411,0.7251551661190215,0.7178148921363954,81.00000000,1
326,11,19-04-11,18:35:30.764000,0.4091595197255574,0.7288061336254108,0.7174321503131524,80.00000000,1
327,11,19-04-11,18:35:31.690000,0.4108747855917667,0.7295363271266886,0.727070285316632,81.00000000,1
328,11,19-04-11,18:35:36.317000,0.38425385934819895,0.7816721431179263,0.6666666666666667,85.00000000,1
329,11,19-04-11,18:35:40.812000,0.4219897084048027,0.4756115370573202,0.6790187891440502,89.00000000,1
330,11,19-04-11,18:35:41.742000,0.45080617495711833,0.7200073019350128,0.31311760612386924,89.00000000,1
331,11,19-04-11,18:35:46.251000,0.42181818181818176,0.6247170500182548,0.3606819763395964,87.00000000,1
332,11,19-04-11,18:35:50.771000,0.42329331046312174,0.6446513326031398,0.36579679888656935,83.00000000,1
333,11,19-04-11,18:35:51.707000,0.4187993138936535,0.634830230010953,0.3386569241475296,84.00000000,1
334,11,19-04-11,18:35:56.216000,0.4197598627787307,0.6250821467688938,0.3603340292275575,86.00000000,1
335,11,19-04-11,18:36:00.734000,0.39468267581475125,0.6669952537422417,0.40476687543493395,83.00000000,1
336,11,19-04-11,18:36:01.684000,0.4054888507718696,0.7083242059145674,0.46210855949895624,91.00000000,1
337,11,19-04-11,18:36:06.324000,0.40518010291595197,0.7663380795910917,0.4378914405010439,91.00000000,1
338,11,19-04-11,18:36:10.842000,0.41554030874785586,0.7339905074844835,0.4844467640918581,95.00000000,1
339,11,19-04-11,18:36:15.378000,0.39252144082332757,0.7094194961664841,0.4379958246346556,95.00000000,1
340,11,19-04-11,18:36:19.930000,0.4210291595197255,0.6715224534501643,0.40006958942240783,94.00000000,1
341,11,19-04-11,18:36:20.883000,0.4283018867924528,0.6273092369477912,0.4019485038274183,99.00000000,1
342,11,19-04-11,18:36:25.426000,0.4160205831903945,0.6855421686746987,0.3567153792623522,81.00000000,1
343,11,19-04-11,18:36:26.384000,0.4296054888507718,0.674662285505659,0.37981906750173977,96.00000000,1
344,11,19-04-11,18:36:30.931000,0.4185591766723842,0.6551661190215408,0.3715727209464162,98.00000000,1
345,11,19-04-11,18:36:35.578000,0.4278216123499142,0.6598028477546549,0.35956854558107176,99.00000000,1
346,11,19-04-11,18:36:36.528000,0.42809605488850766,0.6453450164293538,0.36718858733472515,98.00000000,1
347,11,19-04-11,18:36:41.081000,0.42566037735849055,0.639174881343556,0.35723729993041065,100.00000000,1
348,11,19-04-11,18:36:45.630000,0.4222984562607204,0.6460752099306316,0.3551148225469729,79.00000000,1
349,11,19-04-11,18:36:46.616000,0.42569468267581473,0.6453085067542899,0.3530967292971469,79.00000000,1
350,11,19-04-11,18:36:51.174000,0.4216123499142367,0.6449799196787149,0.3551148225469729,82.00000000,1
351,11,19-04-11,18:36:55.738000,0.41955403087478554,0.6446148229280759,0.353061934585943,82.00000000,1
352,11,19-04-11,18:36:56.717000,0.42473413379073754,0.6576487769258854,0.3564718162839249,83.00000000,1
353,11,19-04-11,18:37:01.289000,0.4222641509433962,0.6388097845929172,0.3441544885177454,81.00000000,1
354,11,19-04-11,18:37:05.985000,0.41780445969125213,0.6410003650967506,0.34892136395267925,78.00000000,1
355,11,19-04-11,18:37:06.958000,0.42768439108061745,0.634830230010953,0.3599860821155185,78.00000000,1
356,11,19-04-11,18:37:11.538000,0.42813036020583184,0.650346841913107,0.3493041057759221,88.00000000,1
357,11,19-04-11,18:37:16.123000,0.4178387650085763,0.6416940489229646,0.33723034098816984,87.00000000,1
358,11,19-04-11,21:06:13.514000,0.3122469982847341,0.6480832420591457,0.7677453027139876,83.00000000,1
359,11,19-04-11,21:06:15.239000,0.2945111492281303,0.654362906170135,0.7820807237299932,83.00000000,1
360,11,19-04-11,21:06:16.941000,0.2913207547169811,0.6355604235122307,0.7731732776617954,81.00000000,1
361,11,19-04-11,21:06:18.647000,0.30305317324185244,0.6495436290617014,0.7553235908141963,82.00000000,1
362,11,19-04-11,21:06:20.346000,0.3180102915951972,0.6393574297188755,0.7643702157272095,80.00000000,1
363,11,19-04-11,21:06:22.031000,0.30329331046312175,0.6332968236582694,0.7632915796798887,80.00000000,1
364,11,19-04-11,21:06:23.739000,0.30542024013722124,0.6492150419861263,0.7739039665970773,149.00000000,1
365,11,19-04-11,21:06:27.251000,0.30473413379073755,0.6448703906535231,0.7656576200417538,87.00000000,1
366,11,19-04-11,21:06:30.767000,0.3036363636363636,0.635122307411464,0.7718510786360474,79.00000000,1
367,11,19-04-11,21:06:32.601000,0.30555746140651796,0.6173420956553487,0.7636743215031316,80.00000000,1
368,11,19-04-11,21:06:36.136000,0.2871698113207547,0.628696604600219,0.7701113430758526,81.00000000,1
369,11,19-04-11,21:06:37.842000,0.31454545454545446,0.6296093464768163,0.7705636743215032,86.00000000,1
370,11,19-04-11,21:06:41.373000,0.28555746140651794,0.6446513326031398,0.7817327766179542,83.00000000,1
371,11,19-04-11,21:06:44.930000,0.31934819897084044,0.6353413654618474,0.7671189979123174,89.00000000,1
372,11,19-04-11,21:06:46.637000,0.3019210977701543,0.635122307411464,0.7745998608211553,80.00000000,1
373,11,19-04-11,21:06:50.153000,0.2899142367066895,0.6297918948521358,0.7780097425191372,79.00000000,1
374,11,19-04-11,21:06:51.866000,0.2915951972555746,0.6228915662650603,0.7845511482254698,82.00000000,1
375,11,19-04-11,21:06:55.413000,0.3108747855917667,0.6444687842278204,0.7753305497564371,82.00000000,1
376,11,19-04-11,21:06:57.137000,0.2853173241852487,0.6048557867834976,0.7811412665274879,84.00000000,1
377,11,19-04-11,21:07:00.661000,0.3087478559176672,0.6358525009127419,0.7890744606819764,84.00000000,1
378,11,19-04-11,21:07:02.428000,0.3069639794168096,0.6231836436655713,0.7873695198329854,83.00000000,1
379,11,19-04-11,21:07:05.953000,0.2994854202401372,0.6264330047462577,0.7722338204592902,83.00000000,1
380,11,19-04-11,21:07:07.679000,0.31214408233276153,0.6310697334793721,0.7712247738343773,82.00000000,1
381,11,19-04-11,21:07:11.207000,0.30970840480274436,0.6242424242424243,0.7832637439109256,80.00000000,1
382,11,19-04-11,21:07:12.951000,0.29475128644939963,0.6388097845929172,0.7742171189979123,78.00000000,1
383,11,19-04-11,21:07:16.486000,0.3042881646655231,0.6336984300839723,0.7835768963117606,78.00000000,1
384,11,19-04-11,21:07:18.223000,0.2937564322469982,0.644249726177437,0.7855601948503828,77.00000000,1
385,11,19-04-11,21:07:21.769000,0.3384905660377358,0.638882803943045,0.7809672929714684,78.00000000,1
386,11,19-04-11,21:07:25.319000,0.2807890222984562,0.6443227455275649,0.7789491997216424,80.00000000,1
387,11,19-04-11,21:07:27.059000,0.3248713550600343,0.6414749908725812,0.7630132219902576,81.00000000,1
388,11,19-04-11,21:07:30.615000,0.2940994854202401,0.6431544359255204,0.7804105775922061,81.00000000,1
389,11,19-04-11,21:07:32.403000,0.28555746140651794,0.6428623585250092,0.7889352818371609,81.00000000,1
390,11,19-04-11,21:07:35.955000,0.31118353344768435,0.6441401971522454,0.7818371607515658,80.00000000,1
391,11,19-04-11,21:07:37.703000,0.2880274442538593,0.6547645125958379,0.7830897703549061,81.00000000,1
392,11,19-04-11,21:07:41.307000,0.29807890222984557,0.6242789339174881,0.7684411969380656,85.00000000,1
393,11,19-04-11,21:07:43.065000,0.3022984562607204,0.6434465133260314,0.7776965901183022,89.00000000,1
394,11,19-04-11,21:07:46.630000,0.2910463121783876,0.6449799196787149,0.782428670842032,89.00000000,1
395,11,19-04-11,21:07:50.195000,0.30809605488850766,0.6372398685651698,0.7673973556019487,87.00000000,1
396,11,19-04-11,21:07:51.952000,0.2945111492281303,0.6525374224169405,0.7786708420320112,83.00000000,1
397,11,19-04-11,21:07:55.543000,0.31265866209262433,0.6592917123037605,0.7718510786360474,84.00000000,1
398,11,19-04-11,21:07:59.114000,0.29334476843910806,0.6326396495071194,0.7728601252609604,86.00000000,1
399,11,19-04-11,21:08:00.879000,0.2810634648370497,0.6359985396129975,0.7769311064718164,83.00000000,1
400,11,19-04-11,21:08:04.494000,0.3145797598627787,0.6354143848119752,0.7722686151704942,91.00000000,1
401,11,19-04-11,21:08:06.258000,0.28284734133790734,0.6450164293537788,0.7703897007654837,91.00000000,1
402,11,19-04-11,21:08:09.846000,0.3002058319039451,0.6380430814165754,0.7776965901183022,95.00000000,1
403,11,19-04-11,21:08:11.620000,0.30542024013722124,0.6481562614092735,0.7821503131524009,95.00000000,1
404,11,19-04-11,21:08:15.235000,0.305008576329331,0.6372763782402336,0.7704940848990954,82.00000000,1
405,11,19-04-11,21:08:17.004000,0.32727272727272727,0.6447243519532677,0.7654140570633264,83.00000000,1
406,11,19-04-11,21:08:20.615000,0.27742710120068603,0.6559328221978824,0.7813152400835074,81.00000000,1
407,11,19-04-11,21:08:22.393000,0.31252144082332756,0.6332238043081417,0.7653792623521225,78.00000000,1
408,11,19-04-11,21:08:26.014000,0.31629502572898793,0.6400876232201533,0.7677800974251915,78.00000000,1
409,11,19-04-11,21:08:27.798000,0.29475128644939963,0.6373128879152976,0.7677105080027837,100.00000000,1
410,11,19-04-11,21:08:31.474000,0.30092624356775294,0.6376414749908726,0.7649617258176757,104.00000000,1
411,11,19-04-11,21:08:35.060000,0.3061406518010291,0.6561153705732019,0.7776617954070982,101.00000000,1
412,11,19-04-11,21:08:36.855000,0.30998284734133785,0.666922234392114,0.7769659011830202,90.00000000,1
413,11,19-04-11,21:08:40.463000,0.2994168096054888,0.6724351953267615,0.7779401530967294,79.00000000,1
414,11,19-04-11,21:08:42.264000,0.3017495711835334,0.6622855056589996,0.7765831593597774,79.00000000,1
415,11,19-04-11,21:08:45.885000,0.3200686106346483,0.6378970427163199,0.7633611691022966,82.00000000,1
416,11,19-04-11,21:08:47.683000,0.30524871355060035,0.6752464403066814,0.7600904662491302,82.00000000,1
417,11,19-04-11,21:15:46.661000,0.5096775300171527,0.5110989412194231,0.29505915100904667,83.00000000,1
418,11,19-04-11,21:15:49.997000,0.514778730703259,0.558780576852866,0.27226861517049417,81.00000000,1
419,11,19-04-11,21:15:53.634000,0.5438421955403088,0.5050383351588171,0.278740431454419,78.00000000,1
420,11,19-04-11,21:15:57.239000,0.5727272727272728,0.48214676889375685,0.31604036186499657,78.00000000,1
421,11,19-04-11,21:16:00.860000,0.5465523156089194,0.5537787513691128,0.23869171885873353,88.00000000,1
422,11,19-04-11,21:16:04.510000,0.5179519725557461,0.5262869660460022,0.32428670842032015,87.00000000,1
423,11,19-04-11,21:16:08.128000,0.5023670668953688,0.42741876597298284,0.2494780793319416,83.00000000,1
424,11,19-04-11,21:16:11.731000,0.5804116638078902,0.5014968966776195,0.25932498260264447,94.00000000,1
425,11,19-04-11,21:16:15.372000,0.6074442538593482,0.4531945965680906,0.2547668754349339,79.00000000,1
426,11,19-04-11,21:16:18.985000,0.6221612349914236,0.45856151880248264,0.26684064022268617,79.00000000,1
427,11,19-04-11,21:16:22.599000,0.6108404802744425,0.45323110624315444,0.28469032707028535,82.00000000,1
428,11,19-04-11,21:16:26.234000,0.627958833619211,0.5106608251186564,0.2839248434237996,82.00000000,1
429,11,19-04-11,21:16:29.864000,0.6292967409948542,0.5110624315443593,0.2993736951983299,83.00000000,1
430,11,19-04-11,21:16:33.524000,0.6356775300171527,0.4896677619569186,0.29878218510786364,81.00000000,1
431,11,19-04-11,21:16:37.154000,0.6434305317324185,0.5287331142752829,0.3004523312456507,78.00000000,1
432,11,19-04-11,21:16:40.790000,0.6417495711835335,0.5367652427893392,0.33030619345859435,78.00000000,1
433,11,19-04-11,21:16:44.418000,0.6652487135506003,0.584811975173421,0.3550452331245651,88.00000000,1
434,11,19-04-11,21:16:48.068000,0.6857632933104632,0.5809419496166485,0.30358385525400144,87.00000000,1
435,11,19-04-11,21:16:51.696000,0.6552315608919382,0.5634538152610442,0.3323590814196243,83.00000000,1
436,11,19-04-11,21:16:55.354000,0.6358490566037736,0.5802117561153706,0.3281141266527488,83.00000000,1
437,11,19-04-11,21:16:59.000000,0.6500857632933105,0.5605695509309967,0.3244258872651357,81.00000000,1
438,11,19-04-11,21:17:03.105000,0.6326243567753002,0.5043446513326032,0.37814892136395273,82.00000000,1
439,11,19-04-11,21:17:06.756000,0.6160205831903944,0.47732749178532313,0.38670842032011143,80.00000000,1
440,11,19-04-11,21:17:10.400000,0.6346483704974271,0.5044176706827309,0.41732776617954076,80.00000000,1
441,11,19-04-11,21:17:14.060000,0.6394854202401372,0.5584884994523549,0.32748782185107866,149.00000000,1
442,11,19-04-11,21:17:17.704000,0.6324528301886793,0.5813435560423512,0.3318719554627697,87.00000000,1
443,11,19-04-11,21:17:21.369000,0.6371869639794168,0.5762687112084702,0.343249826026444,79.00000000,1
444,11,19-04-11,21:17:25.016000,0.6598970840480274,0.5989047097480833,0.3374391092553932,80.00000000,1
445,11,19-04-11,21:17:28.688000,0.6393138936535163,0.5871120847024461,0.3435629784272791,81.00000000,1
446,11,19-04-11,21:17:32.734000,0.6391766723842195,0.5657539247900694,0.341231732776618,86.00000000,1
447,11,19-04-11,21:17:36.396000,0.6474442538593481,0.5776560788608982,0.341231732776618,83.00000000,1
448,11,19-04-11,21:17:40.063000,0.6380789022298456,0.5545454545454546,0.34262352122477385,89.00000000,1
449,11,19-04-11,21:17:43.773000,0.6323499142367066,0.5690763052208836,0.3401530967292972,80.00000000,1
450,11,19-04-11,21:17:47.444000,0.6368782161234992,0.5806133625410734,0.34116214335421025,79.00000000,1
451,11,19-04-11,21:17:51.124000,0.6192795883361921,0.6052939028842643,0.3251913709116215,82.00000000,1
452,11,19-04-11,21:17:54.798000,0.6489879931389365,0.6007667031763417,0.3288100208768268,82.00000000,1
453,11,19-04-11,21:17:58.479000,0.620548885077187,0.591566265060241,0.330758524704245,84.00000000,1
454,11,19-04-11,21:18:02.442000,0.6426758147512864,0.5787513691128149,0.33124565066109957,84.00000000,1
455,11,19-04-11,21:18:06.121000,0.6351286449399657,0.5740781307046368,0.3350034794711204,83.00000000,1
456,11,19-04-11,21:18:09.820000,0.6377358490566037,0.5552756480467325,0.34192762700069596,83.00000000,1
457,11,19-04-11,21:18:13.511000,0.6356089193825043,0.5458926615553121,0.35327070285316636,82.00000000,1
458,11,19-04-11,21:18:17.210000,0.6474785591766724,0.5820372398685651,0.3521920668058456,80.00000000,1
459,11,19-04-11,21:18:20.916000,0.626655231560892,0.5897407813070464,0.3476339596381351,78.00000000,1
460,11,19-04-11,21:18:24.613000,0.634819897084048,0.5777290982110259,0.3377174669450244,78.00000000,1
461,11,19-04-11,21:18:28.305000,0.6385591766723842,0.5744432274552757,0.3319067501739736,77.00000000,1
462,11,19-04-11,21:18:32.525000,0.6343739279588336,0.5588901058780578,0.32988865692414754,78.00000000,1
463,11,19-04-11,21:18:36.227000,0.6344768439108062,0.5788243884629427,0.3356645789839945,80.00000000,1
464,11,19-04-11,21:18:39.935000,0.6345454545454545,0.5904344651332604,0.3514265831593598,81.00000000,1
465,11,19-04-11,21:18:43.646000,0.6426758147512864,0.5802117561153706,0.343597773138483,81.00000000,1
466,11,19-04-11,21:18:47.344000,0.6382161234991424,0.5755020080321285,0.33020180932498266,81.00000000,1
467,11,19-04-11,21:18:51.059000,0.6313550600343053,0.5726542533771449,0.325678496868476,80.00000000,1
468,11,19-04-11,21:18:54.797000,0.6352315608919382,0.5903979554581964,0.33977035490605434,81.00000000,1
469,11,19-04-11,21:18:58.504000,0.6266895368782162,0.5926615553121577,0.3524356297842728,85.00000000,1
470,11,19-04-11,21:19:02.535000,0.6310806174957119,0.5834976268711208,0.327383437717467,89.00000000,1
471,11,19-04-11,21:19:06.244000,0.6323842195540309,0.5701350857977364,0.3339596381350035,89.00000000,1
472,11,19-04-11,22:53:11.119000,0.630943396226415,0.4558963125228186,0.38823938761308285,87.00000000,1
473,11,19-04-11,22:53:15.133000,0.6445969125214408,0.5754289886820008,0.4663187195546278,83.00000000,1
474,11,19-04-11,22:53:23.691000,0.6894682675814752,0.7597663380795912,0.48837856645789846,84.00000000,1
475,11,19-04-11,22:53:36.765000,0.5964322469982847,0.8024826579043447,0.46788448155880313,86.00000000,1
476,11,19-04-11,22:53:54.298000,0.6389708404802744,0.8269441401971522,0.4707724425887266,83.00000000,1
477,11,19-04-11,22:54:11.898000,0.6110463121783877,0.8013873676524279,0.5714161447459987,91.00000000,1
478,11,19-04-11,22:54:34.106000,0.5987307032590051,0.7538152610441767,0.6230410577592207,91.00000000,1
479,11,19-04-11,22:54:51.681000,0.6050428816466552,0.7289156626506024,0.6774530271398749,95.00000000,1
480,11,19-04-11,22:55:09.360000,0.6225042881646655,0.7308871851040526,0.6372999304105776,95.00000000,1
481,11,19-04-11,22:55:31.803000,0.5990051457975987,0.7385542168674699,0.5952484342379959,79.00000000,1
482,11,19-04-11,22:55:58.559000,0.5994168096054888,0.7479737130339541,0.6130932498260265,79.00000000,1
483,11,19-04-11,22:56:25.318000,0.6584219554030875,0.7375684556407448,0.6549756437021573,82.00000000,1
484,11,19-04-11,22:56:52.020000,0.6451114922813036,0.628696604600219,0.6559151009046625,82.00000000,1
485,11,19-04-11,22:57:23.467000,0.6338250428816466,0.7421686746987952,0.6909533750869868,83.00000000,1
486,11,19-04-11,22:57:54.779000,0.664082332761578,0.6707922599488865,0.750034794711204,81.00000000,1
487,11,19-04-11,22:58:16.989000,0.6623670668953687,0.6690397955458196,0.768615170494085,78.00000000,1
488,11,19-04-11,22:58:43.946000,0.6834991423670669,0.6605695509309968,0.7690675017397357,78.00000000,1
489,11,19-04-11,22:59:11.073000,0.710017152658662,0.6919313618108799,0.7687543493389006,88.00000000,1
490,11,19-04-11,22:59:38.152000,0.7093653516295025,0.6368017524644031,0.7352122477383438,87.00000000,1
491,11,19-04-11,23:00:09.898000,0.7008919382504288,0.6458926615553122,0.7217466945024357,83.00000000,1
492,11,19-04-11,23:00:41.822000,0.6563636363636364,0.6885724717050019,0.7369171885873348,83.00000000,1
493,11,19-04-11,23:01:18.038000,0.6475128644939966,0.6954728002920774,0.7351426583159361,81.00000000,1
494,11,19-04-11,23:01:54.396000,0.6601029159519726,0.6859437751004016,0.714231036882394,82.00000000,1
495,11,19-04-11,23:02:30.862000,0.7006518010291596,0.6580503833515883,0.6557411273486431,80.00000000,1
496,11,19-04-11,23:03:02.957000,0.6618867924528302,0.6806133625410734,0.6128775226165624,80.00000000,1
497,11,19-04-11,23:11:18.599000,0.0,0.4863818912011683,0.2769659011830202,149.00000000,1
498,11,19-04-11,23:11:22.645000,0.19101200686106345,0.34625775830595107,0.47449547668754355,87.00000000,1
499,11,19-04-11,23:11:27.026000,0.33118353344768436,0.4711208470244615,0.5249826026443981,79.00000000,1
500,11,19-04-11,23:11:31.067000,0.3875471698113207,0.5225264695144214,0.5285316631871956,80.00000000,1
501,11,19-04-11,23:11:39.482000,0.262229845626072,0.5856882073749544,0.42811412665274884,81.00000000,1
502,11,19-04-11,23:11:52.256000,0.1685420240137221,0.6300474625775832,0.4083159359777314,86.00000000,1
503,11,19-04-11,23:12:05.400000,0.18624356775300166,0.6818181818181819,0.4608559498956159,83.00000000,1
504,11,19-04-11,23:12:22.567000,0.2024013722126929,0.5928441036874772,0.5395267919276271,89.00000000,1
505,11,19-04-11,23:12:40.100000,0.1677530017152658,0.5683096020445418,0.4823938761308282,80.00000000,1
506,11,19-04-11,23:12:57.723000,0.22579759862778725,0.49174881343556043,0.4030967292971469,79.00000000,1
507,11,19-04-11,23:13:14.890000,0.19409948542024008,0.5093464768163564,0.41047320807237303,82.00000000,1
508,11,19-04-11,23:13:37.383000,0.14271012006861056,0.49930631617378607,0.4717814892136396,82.00000000,1
509,11,19-04-11,23:13:59.118000,0.15025728987993137,0.6236217597663382,0.5608559498956159,84.00000000,1
510,11,19-04-11,23:14:25.068000,0.2900514579759862,0.5274552756480467,0.66830201809325,84.00000000,1
511,11,19-04-11,23:14:51.104000,0.33818181818181814,0.5661920408908361,0.6457202505219207,83.00000000,1
512,11,19-04-11,23:15:17.285000,0.38730703259005145,0.610806863818912,0.6575156576200418,83.00000000,1
513,11,19-04-11,23:15:39.703000,0.3197941680960549,0.7446878422782037,0.6211029923451636,82.00000000,1
