0.0,2018-12-11 16:51:51.951
0.0,2018-12-11 16:51:53.825
0.0,2018-12-11 16:51:54.947
0.0,2018-12-11 16:51:56.057
0.0,2018-12-11 16:51:57.169
0.0,2018-12-11 16:51:58.279
0.0,2018-12-11 16:51:59.397
0.0,2018-12-11 16:52:00.518
0.0,2018-12-11 16:52:01.629
0.0,2018-12-11 16:52:02.746
0.0,2018-12-11 16:52:03.847
0.0,2018-12-11 16:52:04.969
0.0,2018-12-11 16:52:06.079
0.0,2018-12-11 16:52:07.204
0.0,2018-12-11 16:52:08.365
0.0,2018-12-11 16:52:09.466
0.0,2018-12-11 16:52:10.587
0.0,2018-12-11 16:52:11.696
0.0,2018-12-11 16:52:12.836
0.0,2018-12-11 16:52:13.928
0.0,2018-12-11 16:52:15.104
0.0,2018-12-11 16:52:16.213
80.56575,2018-12-11 16:52:17.347
80.56575,2018-12-11 16:52:18.453
80.56575,2018-12-11 16:52:19.601
80.30003,2018-12-11 16:52:20.732
78.48028,2018-12-11 16:52:21.886
77.109375,2018-12-11 16:52:22.998
75.44504,2018-12-11 16:52:24.118
74.2655,2018-12-11 16:52:25.233
73.32201,2018-12-11 16:52:26.354
72.501175,2018-12-11 16:52:27.447
72.09076,2018-12-11 16:52:28.569
70.609695,2018-12-11 16:52:29.696
68.76525,2018-12-11 16:52:30.797
66.69925,2018-12-11 16:52:31.916
65.66625,2018-12-11 16:52:33.036
65.14975,2018-12-11 16:52:34.138
65.345505,2018-12-11 16:52:35.267
66.61395,2018-12-11 16:52:36.387
67.248184,2018-12-11 16:52:37.497
67.56529,2018-12-11 16:52:38.617
67.43233,2018-12-11 16:52:39.767
65.28578,2018-12-11 16:52:40.887
62.08822,2018-12-11 16:52:42.007
0.0,2018-12-11 16:52:43.117
0.0,2018-12-11 16:52:44.236
0.0,2018-12-11 16:59:17.78
0.0,2018-12-11 16:59:18.905
0.0,2018-12-11 16:59:20.014
0.0,2018-12-11 16:59:21.114
0.0,2018-12-11 16:59:22.235
0.0,2018-12-11 16:59:23.345
0.0,2018-12-11 16:59:24.463
0.0,2018-12-11 16:59:25.563
0.0,2018-12-11 16:59:26.683
0.0,2018-12-11 16:59:27.791
0.0,2018-12-11 16:59:34.556
0.0,2018-12-11 16:59:48.993
0.0,2018-12-11 16:59:50.103
0.0,2018-12-11 16:59:51.483
0.0,2018-12-11 16:59:52.583
0.0,2018-12-11 16:59:53.703
0.0,2018-12-11 16:59:54.816
0.0,2018-12-11 16:59:55.925
0.0,2018-12-11 17:00:02.083
0.0,2018-12-11 17:00:04.803
0.0,2018-12-11 17:00:06.544
0.0,2018-12-11 17:00:12.424
0.0,2018-12-11 18:04:57.302
0.0,2018-12-11 18:04:58.426
0.0,2018-12-11 18:04:59.546
0.0,2018-12-11 18:05:00.674
0.0,2018-12-11 18:05:01.795
0.0,2018-12-11 18:05:02.903
0.0,2018-12-11 18:05:04.035
0.0,2018-12-11 18:05:05.153
0.0,2018-12-11 18:05:06.297
0.0,2018-12-11 18:05:07.393
0.0,2018-12-11 18:05:08.517
0.0,2018-12-11 18:05:09.638
0.0,2018-12-11 18:05:12.406
0.0,2018-12-11 18:05:15.048
0.0,2018-12-11 18:05:16.172
0.0,2018-12-11 18:05:19.073
0.0,2018-12-11 18:05:20.193
0.0,2018-12-11 18:05:21.313
0.0,2018-12-11 18:05:22.485
0.0,2018-12-11 18:05:23.594
0.0,2018-12-11 18:05:24.725
0.0,2018-12-11 18:05:25.835
0.0,2018-12-11 18:05:26.954
0.0,2018-12-11 18:05:28.165
107.410225,2018-12-11 18:05:29.312
107.410225,2018-12-11 18:05:30.405
107.410225,2018-12-11 18:05:31.535
77.29317,2018-12-11 18:05:32.687
62.234634,2018-12-11 18:05:33.754
54.705368,2018-12-11 18:05:34.882
51.09658,2018-12-11 18:05:35.995
49.396797,2018-12-11 18:05:37.125
48.546906,2018-12-11 18:05:38.255
48.095055,2018-12-11 18:05:39.378
47.970222,2018-12-11 18:05:40.493
47.987713,2018-12-11 18:05:41.597
48.024063,2018-12-11 18:05:42.717
52.127525,2018-12-11 18:05:43.839
54.333794,2018-12-11 18:05:44.956
55.570393,2018-12-11 18:05:46.067
68.70598,2018-12-11 18:05:47.188
75.30833,2018-12-11 18:05:48.312
78.71405,2018-12-11 18:05:49.514
82.95825,2018-12-11 18:05:50.631
85.17674,2018-12-11 18:05:51.765
86.285995,2018-12-11 18:05:52.882
86.744225,2018-12-11 18:05:54.02
86.56385,2018-12-11 18:05:55.121
85.90665,2018-12-11 18:05:56.25
85.57804,2018-12-11 18:05:57.343
85.41374,2018-12-11 18:05:58.473
91.09797,2018-12-11 18:05:59.584
93.94008,2018-12-11 18:06:00.694
95.36114,2018-12-11 18:06:01.815
94.785614,2018-12-11 18:06:02.933
94.348885,2018-12-11 18:06:04.143
94.13052,2018-12-11 18:06:05.264
94.02134,2018-12-11 18:06:06.393
94.04643,2018-12-11 18:06:07.543
95.08952,2018-12-11 18:06:08.663
95.61107,2018-12-11 18:06:09.783
95.87184,2018-12-11 18:06:10.894
95.70748,2018-12-11 18:06:12.015
95.625305,2018-12-11 18:06:13.134
95.58421,2018-12-11 18:06:14.266
99.85956,2018-12-11 18:06:15.368
107.04801,2018-12-11 18:06:16.49
110.965996,2018-12-11 18:06:17.665
112.92499,2018-12-11 18:06:18.765
113.90448,2018-12-11 18:06:19.944
114.07047,2018-12-11 18:06:21.064
113.540115,2018-12-11 18:06:22.165
104.77731,2018-12-11 18:06:23.288
100.01752,2018-12-11 18:06:24.415
97.54883,2018-12-11 18:06:25.534
91.638565,2018-12-11 18:06:26.645
88.59134,2018-12-11 18:06:27.765
86.413994,2018-12-11 18:06:28.885
85.69222,2018-12-11 18:06:29.997
85.33134,2018-12-11 18:06:31.11
85.150894,2018-12-11 18:06:32.235
85.85005,2018-12-11 18:06:33.358
86.583466,2018-12-11 18:06:34.483
88.94462,2018-12-11 18:06:35.607
90.1252,2018-12-11 18:06:36.73
90.715485,2018-12-11 18:06:37.814
86.12749,2018-12-11 18:06:38.944
83.83348,2018-12-11 18:06:40.104
82.184586,2018-12-11 18:06:41.229
81.207,2018-12-11 18:06:42.349
81.373245,2018-12-11 18:06:43.476
81.6786,2018-12-11 18:06:44.599
85.39021,2018-12-11 18:06:45.696
87.81851,2018-12-11 18:06:46.815
89.11618,2018-12-11 18:06:47.934
89.77494,2018-12-11 18:06:49.054
90.33569,2018-12-11 18:06:50.174
93.69927,2018-12-11 18:06:51.284
105.479706,2018-12-11 18:06:52.394
111.36992,2018-12-11 18:06:53.515
114.31503,2018-12-11 18:06:54.654
109.405235,2018-12-11 18:06:55.754
100.174385,2018-12-11 18:06:56.875
95.41449,2018-12-11 18:06:57.984
92.99397,2018-12-11 18:06:59.104
91.75397,2018-12-11 18:07:00.224
91.133965,2018-12-11 18:07:01.343
90.82396,2018-12-11 18:07:02.463
90.639595,2018-12-11 18:07:03.583
90.45198,2018-12-11 18:07:04.703
90.35817,2018-12-11 18:07:05.823
90.311264,2018-12-11 18:07:06.933
90.28781,2018-12-11 18:07:08.063
94.00546,2018-12-11 18:07:09.169
95.86429,2018-12-11 18:07:10.296
97.023224,2018-12-11 18:07:11.419
97.60269,2018-12-11 18:07:12.515
98.43449,2018-12-11 18:07:13.644
99.05405,2018-12-11 18:07:14.764
102.097206,2018-12-11 18:07:15.884
104.5229,2018-12-11 18:07:17.005
106.56672,2018-12-11 18:07:18.104
107.76857,2018-12-11 18:07:19.234
108.3695,2018-12-11 18:07:20.354
108.66997,2018-12-11 18:07:21.474
108.8202,2018-12-11 18:07:22.584
108.4677,2018-12-11 18:07:23.704
108.02946,2018-12-11 18:07:24.824
107.76381,2018-12-11 18:07:25.934
106.093704,2018-12-11 18:07:27.055
103.94707,2018-12-11 18:07:28.227
101.85492,2018-12-11 18:07:29.344
98.65544,2018-12-11 18:07:30.454
97.055695,2018-12-11 18:07:31.579
96.25583,2018-12-11 18:07:32.694
97.036674,2018-12-11 18:07:33.804
97.75784,2018-12-11 18:07:34.924
100.09505,2018-12-11 18:07:36.044
101.60828,2018-12-11 18:07:37.154
102.36488,2018-12-11 18:07:38.275
100.42195,2018-12-11 18:07:39.394
96.52121,2018-12-11 18:07:40.515
94.50461,2018-12-11 18:07:41.629
92.4225,2018-12-11 18:07:42.745
89.65451,2018-12-11 18:07:43.876
88.27051,2018-12-11 18:07:44.993
87.57851,2018-12-11 18:07:46.119
87.407684,2018-12-11 18:07:47.215
87.32227,2018-12-11 18:07:48.334
87.69731,2018-12-11 18:07:49.454
87.88483,2018-12-11 18:07:50.584
87.38188,2018-12-11 18:07:51.684
86.64989,2018-12-11 18:07:52.804
85.09462,2018-12-11 18:07:53.924
83.52934,2018-12-11 18:07:55.056
82.746704,2018-12-11 18:07:56.154
82.35538,2018-12-11 18:07:57.276
83.31536,2018-12-11 18:07:58.404
83.79535,2018-12-11 18:07:59.524
84.03535,2018-12-11 18:08:00.624
83.80284,2018-12-11 18:08:01.752
83.54435,2018-12-11 18:08:02.875
83.4151,2018-12-11 18:08:03.982
83.49272,2018-12-11 18:08:05.118
83.681885,2018-12-11 18:08:06.225
84.225784,2018-12-11 18:08:07.344
84.88254,2018-12-11 18:08:08.445
85.27459,2018-12-11 18:08:09.569
86.84906,2018-12-11 18:08:10.693
88.12436,2018-12-11 18:08:11.827
92.38937,2018-12-11 18:08:12.939
94.52188,2018-12-11 18:08:14.034
95.588135,2018-12-11 18:08:15.165
95.14616,2018-12-11 18:08:16.284
94.16762,2018-12-11 18:08:17.385
93.60121,2018-12-11 18:08:18.504
92.67511,2018-12-11 18:08:19.634
91.56668,2018-12-11 18:08:20.744
90.63787,2018-12-11 18:08:21.904
90.137764,2018-12-11 18:08:23.024
89.43887,2018-12-11 18:08:24.134
89.082886,2018-12-11 18:08:25.265
88.81633,2018-12-11 18:08:26.374
88.771614,2018-12-11 18:08:27.495
88.74925,2018-12-11 18:08:28.614
95.57831,2018-12-11 18:08:29.724
98.99284,2018-12-11 18:08:30.854
100.7001,2018-12-11 18:08:31.965
99.86362,2018-12-11 18:08:33.134
98.48505,2018-12-11 18:08:34.244
97.548744,2018-12-11 18:08:35.354
97.0806,2018-12-11 18:08:36.484
97.09354,2018-12-11 18:08:37.593
96.47269,2018-12-11 18:08:38.714
96.16226,2018-12-11 18:08:39.834
95.76648,2018-12-11 18:08:40.954
95.56859,2018-12-11 18:08:42.054
95.42877,2018-12-11 18:08:43.184
94.78481,2018-12-11 18:08:44.334
89.97795,2018-12-11 18:08:45.504
87.574524,2018-12-11 18:08:46.624
86.37281,2018-12-11 18:08:47.734
85.81505,2018-12-11 18:08:48.917
85.53616,2018-12-11 18:08:50.04
85.39672,2018-12-11 18:08:51.134
83.69072,2018-12-11 18:08:52.254
82.73912,2018-12-11 18:08:53.374
82.26332,2018-12-11 18:08:54.483
82.02542,2018-12-11 18:08:55.603
81.90647,2018-12-11 18:08:56.724
81.264435,2018-12-11 18:08:57.844
80.46109,2018-12-11 18:08:58.954
80.04869,2018-12-11 18:09:00.074
79.77462,2018-12-11 18:09:01.194
79.63759,2018-12-11 18:09:02.314
79.56907,2018-12-11 18:09:03.424
79.32085,2018-12-11 18:09:04.544
78.757385,2018-12-11 18:09:05.665
78.47566,2018-12-11 18:09:06.775
78.33479,2018-12-11 18:09:07.894
80.58235,2018-12-11 18:09:09.015
81.70613,2018-12-11 18:09:10.118
82.26802,2018-12-11 18:09:11.239
81.94334,2018-12-11 18:09:12.367
81.149025,2018-12-11 18:09:13.465
80.567276,2018-12-11 18:09:14.586
79.74948,2018-12-11 18:09:15.704
79.34059,2018-12-11 18:09:16.826
79.65015,2018-12-11 18:09:17.935
79.80493,2018-12-11 18:09:19.054
87.56919,2018-12-11 18:09:20.237
91.718315,2018-12-11 18:09:21.334
93.92784,2018-12-11 18:09:22.454
94.897644,2018-12-11 18:09:23.574
95.38254,2018-12-11 18:09:24.694
95.581665,2018-12-11 18:09:25.794
95.38264,2018-12-11 18:09:26.924
94.24425,2018-12-11 18:09:28.044
92.60164,2018-12-11 18:09:29.144
90.78281,2018-12-11 18:09:30.265
89.7655,2018-12-11 18:09:31.375
89.151726,2018-12-11 18:09:32.544
88.48109,2018-12-11 18:09:33.664
86.67696,2018-12-11 18:09:34.784
85.504906,2018-12-11 18:09:35.902
84.56821,2018-12-11 18:09:37.014
83.47354,2018-12-11 18:09:38.134
82.62818,2018-12-11 18:09:39.244
81.32129,2018-12-11 18:09:40.365
80.536026,2018-12-11 18:09:41.484
79.450745,2018-12-11 18:09:42.598
78.84249,2018-12-11 18:09:43.715
78.47902,2018-12-11 18:09:44.834
78.29729,2018-12-11 18:09:45.949
78.21646,2018-12-11 18:09:47.072
78.166,2018-12-11 18:09:48.215
77.66396,2018-12-11 18:09:49.335
77.899796,2018-12-11 18:09:50.454
78.14267,2018-12-11 18:09:51.585
78.64203,2018-12-11 18:09:52.734
78.89707,2018-12-11 18:09:53.863
79.573166,2018-12-11 18:09:54.975
80.1738,2018-12-11 18:09:56.085
84.676216,2018-12-11 18:09:57.204
87.50111,2018-12-11 18:09:58.325
89.17349,2018-12-11 18:09:59.431
90.33245,2018-12-11 18:10:00.557
90.91193,2018-12-11 18:10:01.68
91.39609,2018-12-11 18:10:02.804
92.44572,2018-12-11 18:10:03.894
96.78909,2018-12-11 18:10:05.014
98.960785,2018-12-11 18:10:06.125
100.04663,2018-12-11 18:10:07.244
99.79361,2018-12-11 18:10:08.428
99.28123,2018-12-11 18:10:09.558
98.951965,2018-12-11 18:10:10.694
97.09016,2018-12-11 18:10:11.808
95.70004,2018-12-11 18:10:12.924
93.72783,2018-12-11 18:10:14.048
92.65167,2018-12-11 18:10:15.172
91.2847,2018-12-11 18:10:16.265
90.56087,2018-12-11 18:10:17.384
88.55061,2018-12-11 18:10:18.515
86.30304,2018-12-11 18:10:19.615
84.87167,2018-12-11 18:10:20.794
84.15599,2018-12-11 18:10:21.919
83.79816,2018-12-11 18:10:23.014
83.69838,2018-12-11 18:10:24.134
84.95422,2018-12-11 18:10:25.254
85.58214,2018-12-11 18:10:26.374
85.8961,2018-12-11 18:10:27.485
85.98596,2018-12-11 18:10:28.604
85.264305,2018-12-11 18:10:29.715
84.25851,2018-12-11 18:10:30.834
83.252335,2018-12-11 18:10:31.954
81.31753,2018-12-11 18:10:33.103
79.84863,2018-12-11 18:10:34.224
79.11418,2018-12-11 18:10:35.334
78.746956,2018-12-11 18:10:36.454
79.24776,2018-12-11 18:10:37.574
80.16708,2018-12-11 18:10:38.684
80.866356,2018-12-11 18:10:39.804
82.082375,2018-12-11 18:10:40.924
82.763336,2018-12-11 18:10:42.034
83.10381,2018-12-11 18:10:43.154
83.2011,2018-12-11 18:10:44.324
83.24975,2018-12-11 18:10:45.425
83.347015,2018-12-11 18:10:46.544
92.85356,2018-12-11 18:10:47.674
98.960464,2018-12-11 18:10:48.775
102.53282,2018-12-11 18:10:49.894
104.319,2018-12-11 18:10:51.025
105.2121,2018-12-11 18:10:52.125
99.792145,2018-12-11 18:10:53.249
96.55647,2018-12-11 18:10:54.374
94.938644,2018-12-11 18:10:55.498
94.12973,2018-12-11 18:10:56.594
93.725266,2018-12-11 18:10:57.714
93.52304,2018-12-11 18:10:58.835
93.47495,2018-12-11 18:10:59.934
92.70799,2018-12-11 18:11:01.054
92.32451,2018-12-11 18:11:02.164
92.87569,2018-12-11 18:11:03.284
93.151276,2018-12-11 18:11:04.404
93.32758,2018-12-11 18:11:05.515
93.41574,2018-12-11 18:11:06.684
93.36985,2018-12-11 18:11:07.794
93.34691,2018-12-11 18:11:08.915
92.8203,2018-12-11 18:11:10.034
91.550735,2018-12-11 18:11:11.144
86.438675,2018-12-11 18:11:12.254
83.65527,2018-12-11 18:11:13.384
82.146774,2018-12-11 18:11:14.498
76.97347,2018-12-11 18:11:15.614
72.96475,2018-12-11 18:11:16.725
70.96039,2018-12-11 18:11:17.854
69.958206,2018-12-11 18:11:18.965
74.39697,2018-12-11 18:11:20.081
76.92762,2018-12-11 18:11:21.215
78.27724,2018-12-11 18:11:22.342
92.23398,2018-12-11 18:11:23.475
99.29193,2018-12-11 18:11:24.578
102.86922,2018-12-11 18:11:25.754
104.60954,2018-12-11 18:11:26.875
105.479706,2018-12-11 18:11:27.975
105.963104,2018-12-11 18:11:29.094
107.11785,2018-12-11 18:11:30.225
107.69522,2018-12-11 18:11:31.325
107.98391,2018-12-11 18:11:32.449
107.43802,2018-12-11 18:11:33.582
106.12665,2018-12-11 18:11:34.699
104.20912,2018-12-11 18:11:35.794
103.25036,2018-12-11 18:11:36.914
102.77098,2018-12-11 18:11:38.034
102.61197,2018-12-11 18:11:39.135
102.57277,2018-12-11 18:11:40.254
102.70441,2018-12-11 18:11:41.384
103.329285,2018-12-11 18:11:42.484
104.34043,2018-12-11 18:11:43.614
104.84601,2018-12-11 18:11:44.724
105.09879,2018-12-11 18:11:45.884
104.73999,2018-12-11 18:11:47.068
104.560585,2018-12-11 18:11:48.164
104.47089,2018-12-11 18:11:49.284
105.641815,2018-12-11 18:11:50.404
106.22728,2018-12-11 18:11:51.504
106.52001,2018-12-11 18:11:52.624
105.16797,2018-12-11 18:11:53.754
104.49194,2018-12-11 18:11:54.854
104.15393,2018-12-11 18:11:56.025
104.55945,2018-12-11 18:11:57.144
106.49043,2018-12-11 18:11:58.254
107.92857,2018-12-11 18:11:59.448
109.24274,2018-12-11 18:12:00.534
109.89981,2018-12-11 18:12:01.704
110.22835,2018-12-11 18:12:02.854
103.815216,2018-12-11 18:12:03.984
99.25886,2018-12-11 18:12:05.118
96.98068,2018-12-11 18:12:06.204
95.84159,2018-12-11 18:12:07.346
96.12538,2018-12-11 18:12:08.435
96.37865,2018-12-11 18:12:09.559
96.50528,2018-12-11 18:12:10.685
96.45723,2018-12-11 18:12:11.809
96.249344,2018-12-11 18:12:12.904
92.59394,2018-12-11 18:12:14.024
90.766235,2018-12-11 18:12:15.135
89.85239,2018-12-11 18:12:16.265
90.5427,2018-12-11 18:12:17.375
91.32188,2018-12-11 18:12:18.494
91.71443,2018-12-11 18:12:19.604
92.34374,2018-12-11 18:12:20.724
92.74456,2018-12-11 18:12:21.844
93.711716,2018-12-11 18:12:22.964
94.95376,2018-12-11 18:12:24.073
95.6113,2018-12-11 18:12:25.184
95.94006,2018-12-11 18:12:26.344
96.10445,2018-12-11 18:12:27.464
95.34641,2018-12-11 18:12:28.584
91.84717,2018-12-11 18:12:29.694
90.09755,2018-12-11 18:12:30.815
89.22274,2018-12-11 18:12:31.935
89.22531,2018-12-11 18:12:33.044
89.763176,2018-12-11 18:12:34.154
90.032104,2018-12-11 18:12:35.285
90.16657,2018-12-11 18:12:36.444
89.63164,2018-12-11 18:12:37.554
89.36417,2018-12-11 18:12:38.674
88.816284,2018-12-11 18:12:39.784
88.36018,2018-12-11 18:12:40.904
88.13213,2018-12-11 18:12:42.025
88.01811,2018-12-11 18:12:43.133
87.9611,2018-12-11 18:12:44.257
88.09065,2018-12-11 18:12:45.389
88.889465,2018-12-11 18:12:46.513
95.19844,2018-12-11 18:12:47.629
101.159424,2018-12-11 18:12:48.824
104.32766,2018-12-11 18:12:49.925
106.218056,2018-12-11 18:12:51.054
108.279945,2018-12-11 18:12:52.204
109.31089,2018-12-11 18:12:53.334
109.82636,2018-12-11 18:12:54.444
105.12999,2018-12-11 18:12:55.554
102.54768,2018-12-11 18:12:56.675
100.82555,2018-12-11 18:12:57.794
97.28056,2018-12-11 18:12:58.904
95.0698,2018-12-11 18:13:00.025
93.37069,2018-12-11 18:13:01.144
92.52113,2018-12-11 18:13:02.266
91.69179,2018-12-11 18:13:03.373
90.95737,2018-12-11 18:13:04.492
90.590164,2018-12-11 18:13:05.617
90.406555,2018-12-11 18:13:06.739
90.5354,2018-12-11 18:13:07.884
91.51593,2018-12-11 18:13:09.004
92.006195,2018-12-11 18:13:10.124
92.74448,2018-12-11 18:13:11.284
93.11362,2018-12-11 18:13:12.394
93.29819,2018-12-11 18:13:13.515
93.88521,2018-12-11 18:13:14.634
94.35196,2018-12-11 18:13:15.754
94.58533,2018-12-11 18:13:16.856
94.70201,2018-12-11 18:13:17.981
93.153694,2018-12-11 18:13:19.105
92.00336,2018-12-11 18:13:20.23
90.90258,2018-12-11 18:13:21.324
88.0819,2018-12-11 18:13:22.444
86.67156,2018-12-11 18:13:23.554
85.96639,2018-12-11 18:13:24.684
85.93571,2018-12-11 18:13:25.794
86.46651,2018-12-11 18:13:26.904
86.94614,2018-12-11 18:13:28.034
87.20625,2018-12-11 18:13:29.144
87.64268,2018-12-11 18:13:30.266
88.812675,2018-12-11 18:13:31.384
89.397675,2018-12-11 18:13:32.534
89.69017,2018-12-11 18:13:33.654
89.51169,2018-12-11 18:13:34.764
89.22762,2018-12-11 18:13:35.884
86.413284,2018-12-11 18:13:37.004
82.634796,2018-12-11 18:13:38.124
80.14438,2018-12-11 18:13:39.244
78.7339,2018-12-11 18:13:40.354
77.946945,2018-12-11 18:13:41.475
77.55347,2018-12-11 18:13:42.584
77.603714,2018-12-11 18:13:43.704
82.41387,2018-12-11 18:13:44.825
85.07643,2018-12-11 18:13:45.927
87.070526,2018-12-11 18:13:47.051
88.84391,2018-12-11 18:13:48.175
90.13904,2018-12-11 18:13:49.298
91.31039,2018-12-11 18:13:50.396
92.086075,2018-12-11 18:13:51.515
92.47392,2018-12-11 18:13:52.634
92.66785,2018-12-11 18:13:53.754
98.20181,2018-12-11 18:13:54.856
100.968796,2018-12-11 18:13:56.014
102.35228,2018-12-11 18:13:57.134
103.04402,2018-12-11 18:13:58.265
103.82367,2018-12-11 18:13:59.374
113.559555,2018-12-11 18:14:00.484
118.4275,2018-12-11 18:14:01.604
120.861465,2018-12-11 18:14:02.724
110.966805,2018-12-11 18:14:03.834
100.77222,2018-12-11 18:14:04.954
95.50377,2018-12-11 18:14:06.089
92.36673,2018-12-11 18:14:07.175
89.916725,2018-12-11 18:14:08.294
88.62755,2018-12-11 18:14:09.404
87.98296,2018-12-11 18:14:10.534
87.660675,2018-12-11 18:14:11.644
88.731964,2018-12-11 18:14:12.772
90.517365,2018-12-11 18:14:13.872
93.139404,2018-12-11 18:14:15.002
95.862816,2018-12-11 18:14:16.12
97.43948,2018-12-11 18:14:17.226
101.8582,2018-12-11 18:14:18.334
104.06756,2018-12-11 18:14:19.464
105.17224,2018-12-11 18:14:20.575
105.704575,2018-12-11 18:14:21.684
105.76715,2018-12-11 18:14:22.804
105.43062,2018-12-11 18:14:23.924
105.18727,2018-12-11 18:14:25.034
104.44403,2018-12-11 18:14:26.184
104.0724,2018-12-11 18:14:27.304
103.74073,2018-12-11 18:14:28.488
103.72076,2018-12-11 18:14:29.609
103.53205,2018-12-11 18:14:30.705
103.30434,2018-12-11 18:14:31.824
102.48554,2018-12-11 18:14:32.924
101.45076,2018-12-11 18:14:34.044
94.895905,2018-12-11 18:14:35.174
91.61848,2018-12-11 18:14:36.324
89.97977,2018-12-11 18:14:37.446
89.614876,2018-12-11 18:14:38.564
91.9769,2018-12-11 18:14:39.674
94.206116,2018-12-11 18:14:40.795
95.320724,2018-12-11 18:14:41.896
95.87802,2018-12-11 18:14:43.024
93.45674,2018-12-11 18:14:44.134
89.05936,2018-12-11 18:14:45.244
86.86066,2018-12-11 18:14:46.365
85.76131,2018-12-11 18:14:47.484
86.96133,2018-12-11 18:14:48.594
90.25506,2018-12-11 18:14:49.715
93.63047,2018-12-11 18:14:50.835
96.48834,2018-12-11 18:14:51.939
98.97874,2018-12-11 18:14:53.063
100.22394,2018-12-11 18:14:54.188
100.90126,2018-12-11 18:14:55.309
101.185196,2018-12-11 18:14:56.454
101.043625,2018-12-11 18:14:57.56
99.30325,2018-12-11 18:14:58.684
93.68558,2018-12-11 18:14:59.809
90.29935,2018-12-11 18:15:00.905
87.68113,2018-12-11 18:15:02.075
86.03775,2018-12-11 18:15:03.183
85.21606,2018-12-11 18:15:04.305
84.80521,2018-12-11 18:15:05.43
87.39527,2018-12-11 18:15:06.585
89.06363,2018-12-11 18:15:07.704
90.44154,2018-12-11 18:15:08.825
91.13049,2018-12-11 18:15:09.932
91.524605,2018-12-11 18:15:11.053
91.84626,2018-12-11 18:15:12.182
96.843216,2018-12-11 18:15:13.299
106.52154,2018-12-11 18:15:14.436
111.3607,2018-12-11 18:15:15.594
113.78028,2018-12-11 18:15:16.724
105.396835,2018-12-11 18:15:17.825
100.6531,2018-12-11 18:15:18.944
98.19705,2018-12-11 18:15:20.065
96.969025,2018-12-11 18:15:21.171
96.79208,2018-12-11 18:15:22.294
96.26654,2018-12-11 18:15:23.419
96.44084,2018-12-11 18:15:24.543
96.79822,2018-12-11 18:15:25.634
97.34562,2018-12-11 18:15:26.754
99.14557,2018-12-11 18:15:27.874
100.04555,2018-12-11 18:15:28.984
100.49553,2018-12-11 18:15:30.104
100.252014,2018-12-11 18:15:31.256
97.56991,2018-12-11 18:15:32.384
94.74251,2018-12-11 18:15:33.484
93.32881,2018-12-11 18:15:34.603
92.62196,2018-12-11 18:15:35.724
93.45613,2018-12-11 18:15:36.834
93.99594,2018-12-11 18:15:37.954
94.26584,2018-12-11 18:15:39.074
94.40079,2018-12-11 18:15:40.194
92.78734,2018-12-11 18:15:41.355
91.98062,2018-12-11 18:15:42.464
91.577255,2018-12-11 18:15:43.574
92.55597,2018-12-11 18:15:44.694
93.209015,2018-12-11 18:15:45.864
94.512665,2018-12-11 18:15:46.964
96.31595,2018-12-11 18:15:48.093
97.21759,2018-12-11 18:15:49.244
97.66841,2018-12-11 18:15:50.354
97.53267,2018-12-11 18:15:51.529
97.30709,2018-12-11 18:15:52.652
97.1112,2018-12-11 18:15:53.776
95.061874,2018-12-11 18:15:54.864
93.342514,2018-12-11 18:15:55.994
92.482834,2018-12-11 18:15:57.122
92.05299,2018-12-11 18:15:58.215
93.34659,2018-12-11 18:15:59.334
94.32849,2018-12-11 18:16:00.444
95.235176,2018-12-11 18:16:01.615
98.06412,2018-12-11 18:16:02.794
100.00154,2018-12-11 18:16:03.897
101.80281,2018-12-11 18:16:05.024
103.707535,2018-12-11 18:16:06.114
104.76346,2018-12-11 18:16:07.234
106.10887,2018-12-11 18:16:08.354
107.22286,2018-12-11 18:16:09.473
107.90886,2018-12-11 18:16:10.584
108.32431,2018-12-11 18:16:11.706
108.532036,2018-12-11 18:16:12.814
108.563446,2018-12-11 18:16:13.924
105.48421,2018-12-11 18:16:15.066
100.28306,2018-12-11 18:16:16.204
97.63578,2018-12-11 18:16:17.314
96.31214,2018-12-11 18:16:18.434
95.69702,2018-12-11 18:16:19.554
95.90181,2018-12-11 18:16:20.674
97.60066,2018-12-11 18:16:21.784
99.053894,2018-12-11 18:16:22.904
101.55127,2018-12-11 18:16:24.025
103.51883,2018-12-11 18:16:25.124
104.50261,2018-12-11 18:16:26.244
104.99451,2018-12-11 18:16:27.375
103.744354,2018-12-11 18:16:28.482
103.11737,2018-12-11 18:16:29.601
102.668335,2018-12-11 18:16:30.726
99.766624,2018-12-11 18:16:31.825
98.12016,2018-12-11 18:16:32.944
97.19891,2018-12-11 18:16:34.065
96.73829,2018-12-11 18:16:35.174
96.14516,2018-12-11 18:16:36.284
95.84859,2018-12-11 18:16:37.419
95.7003,2018-12-11 18:16:38.515
98.99831,2018-12-11 18:16:39.636
116.83676,2018-12-11 18:16:40.754
125.75599,2018-12-11 18:16:41.865
130.2156,2018-12-11 18:16:42.984
122.590164,2018-12-11 18:16:44.104
117.60997,2018-12-11 18:16:45.225
114.96011,2018-12-11 18:16:46.325
113.57052,2018-12-11 18:16:47.454
112.87572,2018-12-11 18:16:48.556
112.369934,2018-12-11 18:16:49.681
109.87954,2018-12-11 18:16:50.804
106.676956,2018-12-11 18:16:51.938
104.9608,2018-12-11 18:16:53.024
104.04299,2018-12-11 18:16:54.144
101.95812,2018-12-11 18:16:55.265
100.91569,2018-12-11 18:16:56.364
100.39447,2018-12-11 18:16:57.494
100.647644,2018-12-11 18:16:58.594
100.77423,2018-12-11 18:16:59.714
100.837524,2018-12-11 18:17:00.834
100.820114,2018-12-11 18:17:01.945
100.8114,2018-12-11 18:17:03.065
100.80705,2018-12-11 18:17:04.184
101.74638,2018-12-11 18:17:05.285
102.21605,2018-12-11 18:17:06.404
102.45088,2018-12-11 18:17:07.534
101.686584,2018-12-11 18:17:08.642
99.59672,2018-12-11 18:17:09.76
97.71648,2018-12-11 18:17:10.866
96.35718,2018-12-11 18:17:12.009
95.61569,2018-12-11 18:17:13.104
91.72418,2018-12-11 18:17:14.227
89.77843,2018-12-11 18:17:15.385
88.80554,2018-12-11 18:17:16.508
92.12489,2018-12-11 18:17:17.603
94.27855,2018-12-11 18:17:18.729
95.737045,2018-12-11 18:17:19.844
96.46629,2018-12-11 18:17:20.964
98.199524,2018-12-11 18:17:22.065
99.508606,2018-12-11 18:17:23.194
100.84011,2018-12-11 18:17:24.294
101.63163,2018-12-11 18:17:25.425
102.02739,2018-12-11 18:17:26.534
102.0995,2018-12-11 18:17:27.644
102.06505,2018-12-11 18:17:28.765
101.87688,2018-12-11 18:17:29.875
101.47466,2018-12-11 18:17:30.994
101.10941,2018-12-11 18:17:32.115
99.85178,2018-12-11 18:17:33.265
99.2225,2018-12-11 18:17:34.384
98.1252,2018-12-11 18:17:35.494
96.304504,2018-12-11 18:17:36.615
94.955505,2018-12-11 18:17:37.734
94.281006,2018-12-11 18:17:38.839
93.943756,2018-12-11 18:17:39.964
94.57191,2018-12-11 18:17:41.088
95.195755,2018-12-11 18:17:42.213
95.51555,2018-12-11 18:17:43.354
96.18692,2018-12-11 18:17:44.484
96.61143,2018-12-11 18:17:45.586
97.83043,2018-12-11 18:17:46.718
99.90987,2018-12-11 18:17:47.834
100.949585,2018-12-11 18:17:48.924
101.46945,2018-12-11 18:17:50.054
98.839554,2018-12-11 18:17:51.154
97.04683,2018-12-11 18:17:52.276
96.15047,2018-12-11 18:17:53.394
96.18007,2018-12-11 18:17:54.515
96.57977,2018-12-11 18:17:55.676
101.853226,2018-12-11 18:17:56.794
104.48995,2018-12-11 18:17:57.954
105.80832,2018-12-11 18:17:59.08
103.78731,2018-12-11 18:18:00.174
102.13201,2018-12-11 18:18:01.294
101.22787,2018-12-11 18:18:02.414
100.775795,2018-12-11 18:18:03.534
100.385544,2018-12-11 18:18:04.634
99.94931,2018-12-11 18:18:05.764
99.7312,2018-12-11 18:18:06.864
98.39189,2018-12-11 18:18:07.994
96.23714,2018-12-11 18:18:09.114
92.81853,2018-12-11 18:18:10.214
91.10922,2018-12-11 18:18:11.334
90.25458,2018-12-11 18:18:12.444
90.403824,2018-12-11 18:18:13.575
90.98431,2018-12-11 18:18:14.685
91.27455,2018-12-11 18:18:15.787
91.41967,2018-12-11 18:18:16.92
91.188286,2018-12-11 18:18:18.036
91.00327,2018-12-11 18:18:19.159
90.706276,2018-12-11 18:18:20.254
90.19789,2018-12-11 18:18:21.374
89.313896,2018-12-11 18:18:22.495
86.32736,2018-12-11 18:18:23.614
84.83409,2018-12-11 18:18:24.726
84.08746,2018-12-11 18:18:25.844
83.82071,2018-12-11 18:18:26.944
84.776535,2018-12-11 18:18:28.065
86.16087,2018-12-11 18:18:29.174
87.12475,2018-12-11 18:18:30.294
87.60669,2018-12-11 18:18:31.415
87.57596,2018-12-11 18:18:32.535
87.35924,2018-12-11 18:18:33.634
87.25087,2018-12-11 18:18:34.765
86.708694,2018-12-11 18:18:35.915
86.22951,2018-12-11 18:18:37.034
85.53713,2018-12-11 18:18:38.154
83.12057,2018-12-11 18:18:39.266
81.912285,2018-12-11 18:18:40.385
81.30814,2018-12-11 18:18:41.487
82.89151,2018-12-11 18:18:42.609
83.78636,2018-12-11 18:18:43.736
84.23379,2018-12-11 18:18:44.859
84.35434,2018-12-11 18:18:46.044
83.401566,2018-12-11 18:18:47.174
76.51224,2018-12-11 18:18:48.284
73.06757,2018-12-11 18:18:49.434
71.345245,2018-12-11 18:18:50.564
75.599045,2018-12-11 18:18:51.674
78.31949,2018-12-11 18:18:52.784
80.7612,2018-12-11 18:18:53.904
84.15662,2018-12-11 18:18:55.024
85.854324,2018-12-11 18:18:56.134
86.703186,2018-12-11 18:18:57.244
87.04549,2018-12-11 18:18:58.375
86.70508,2018-12-11 18:18:59.525
86.53488,2018-12-11 18:19:00.636
86.961334,2018-12-11 18:19:01.804
89.38429,2018-12-11 18:19:02.924
91.411896,2018-12-11 18:19:04.044
92.4257,2018-12-11 18:19:05.144
92.9326,2018-12-11 18:19:06.275
93.18605,2018-12-11 18:19:07.375
94.968445,2018-12-11 18:19:08.504
96.626434,2018-12-11 18:19:09.608
97.45543,2018-12-11 18:19:10.734
97.86993,2018-12-11 18:19:11.847
93.28606,2018-12-11 18:19:12.97
90.900345,2018-12-11 18:19:14.065
89.70749,2018-12-11 18:19:15.184
89.11106,2018-12-11 18:19:16.295
90.71075,2018-12-11 18:19:17.414
91.51059,2018-12-11 18:19:18.534
91.91051,2018-12-11 18:19:19.654
91.04979,2018-12-11 18:19:20.764
90.52835,2018-12-11 18:19:21.884
90.26763,2018-12-11 18:19:23.004
90.22835,2018-12-11 18:19:24.154
90.37451,2018-12-11 18:19:25.275
91.55246,2018-12-11 18:19:26.394
96.10007,2018-12-11 18:19:27.494
98.37387,2018-12-11 18:19:28.624
99.51077,2018-12-11 18:19:29.724
100.195564,2018-12-11 18:19:30.854
100.537964,2018-12-11 18:19:31.975
100.70916,2018-12-11 18:19:33.075
100.794754,2018-12-11 18:19:34.194
100.506546,2018-12-11 18:19:35.301
98.42585,2018-12-11 18:19:36.425
97.114456,2018-12-11 18:19:37.549
96.41475,2018-12-11 18:19:38.674
94.808395,2018-12-11 18:19:39.764
92.09341,2018-12-11 18:19:40.894
90.735916,2018-12-11 18:19:42.004
91.96898,2018-12-11 18:19:43.115
92.746994,2018-12-11 18:19:44.234
95.49765,2018-12-11 18:19:45.354
98.94577,2018-12-11 18:19:46.465
101.284424,2018-12-11 18:19:47.584
103.1911,2018-12-11 18:19:48.684
105.1526,2018-12-11 18:19:49.815
106.52107,2018-12-11 18:19:50.925
107.20531,2018-12-11 18:19:52.034
107.547424,2018-12-11 18:19:53.155
104.111115,2018-12-11 18:19:54.276
102.244385,2018-12-11 18:19:55.388
100.98468,2018-12-11 18:19:56.503
100.35483,2018-12-11 18:19:57.628
99.537575,2018-12-11 18:19:58.749
99.12895,2018-12-11 18:19:59.894
98.92464,2018-12-11 18:20:00.999
98.82711,2018-12-11 18:20:02.124
98.933014,2018-12-11 18:20:03.249
99.50218,2018-12-11 18:20:04.369
99.270546,2018-12-11 18:20:05.464
99.00006,2018-12-11 18:20:06.574
91.200584,2018-12-11 18:20:07.684
78.99042,2018-12-11 18:20:08.804
72.57237,2018-12-11 18:20:09.914
69.36336,2018-12-11 18:20:11.034
67.75885,2018-12-11 18:20:12.163
74.72766,2018-12-11 18:20:13.276
78.8042,2018-12-11 18:20:14.375
81.27746,2018-12-11 18:20:15.494
82.700645,2018-12-11 18:20:16.604
83.41224,2018-12-11 18:20:17.724
83.768036,2018-12-11 18:20:18.844
82.39744,2018-12-11 18:20:19.948
81.71214,2018-12-11 18:20:21.072
81.36949,2018-12-11 18:20:22.195
81.24944,2018-12-11 18:20:23.32
82.38113,2018-12-11 18:20:24.415
83.06154,2018-12-11 18:20:25.534
83.40175,2018-12-11 18:20:26.654
83.57495,2018-12-11 18:20:27.756
83.661545,2018-12-11 18:20:28.874
94.75375,2018-12-11 18:20:29.984
100.48141,2018-12-11 18:20:31.104
103.34635,2018-12-11 18:20:32.224
104.778824,2018-12-11 18:20:33.325
105.66886,2018-12-11 18:20:34.454
107.34665,2018-12-11 18:20:35.564
108.53673,2018-12-11 18:20:36.675
109.13177,2018-12-11 18:20:37.794
109.42929,2018-12-11 18:20:38.944
109.10614,2018-12-11 18:20:40.065
108.7312,2018-12-11 18:20:41.175
108.54373,2018-12-11 18:20:42.294
108.352295,2018-12-11 18:20:43.415
108.25658,2018-12-11 18:20:44.584
107.95126,2018-12-11 18:20:45.684
107.7986,2018-12-11 18:20:46.815
107.50176,2018-12-11 18:20:47.925
105.61189,2018-12-11 18:20:49.027
104.666954,2018-12-11 18:20:50.154
104.19449,2018-12-11 18:20:51.268
109.48802,2018-12-11 18:20:52.385
112.233986,2018-12-11 18:20:53.509
114.35063,2018-12-11 18:20:54.604
118.01049,2018-12-11 18:20:55.724
120.811584,2018-12-11 18:20:56.846
122.700874,2018-12-11 18:20:57.944
123.64552,2018-12-11 18:20:59.064
124.11784,2018-12-11 18:21:00.184
118.89371,2018-12-11 18:21:01.294
108.19783,2018-12-11 18:21:02.415
102.76398,2018-12-11 18:21:03.535
99.05192,2018-12-11 18:21:04.634
96.26526,2018-12-11 18:21:05.744
94.87193,2018-12-11 18:21:06.865
94.17526,2018-12-11 18:21:07.984
94.36698,2018-12-11 18:21:09.162
95.32997,2018-12-11 18:21:10.254
95.81146,2018-12-11 18:21:11.365
96.34357,2018-12-11 18:21:12.484
96.81842,2018-12-11 18:21:13.604
97.428375,2018-12-11 18:21:14.717
97.968765,2018-12-11 18:21:15.832
99.79587,2018-12-11 18:21:16.955
101.313934,2018-12-11 18:21:18.08
102.15196,2018-12-11 18:21:19.174
102.57379,2018-12-11 18:21:20.294
103.31897,2018-12-11 18:21:21.414
103.764366,2018-12-11 18:21:22.515
104.26929,2018-12-11 18:21:23.637
104.52175,2018-12-11 18:21:24.744
104.64798,2018-12-11 18:21:25.904
103.785965,2018-12-11 18:21:27.034
99.39209,2018-12-11 18:21:28.134
97.13643,2018-12-11 18:21:29.265
95.87515,2018-12-11 18:21:30.414
94.84769,2018-12-11 18:21:31.534
94.333954,2018-12-11 18:21:32.654
94.07709,2018-12-11 18:21:33.765
94.44224,2018-12-11 18:21:34.884
94.79346,2018-12-11 18:21:35.984
96.537506,2018-12-11 18:21:37.104
97.95862,2018-12-11 18:21:38.224
100.13429,2018-12-11 18:21:39.344
102.51729,2018-12-11 18:21:40.454
105.07774,2018-12-11 18:21:41.604
106.50171,2018-12-11 18:21:42.724
107.59484,2018-12-11 18:21:43.844
108.1414,2018-12-11 18:21:44.964
108.41469,2018-12-11 18:21:46.124
108.368835,2018-12-11 18:21:47.224
108.0446,2018-12-11 18:21:48.358
107.88248,2018-12-11 18:21:49.464
107.80142,2018-12-11 18:21:50.574
109.04732,2018-12-11 18:21:51.694
110.32467,2018-12-11 18:21:52.824
111.26776,2018-12-11 18:21:53.925
111.7393,2018-12-11 18:21:55.095
111.67066,2018-12-11 18:21:56.204
111.31944,2018-12-11 18:21:57.315
110.71095,2018-12-11 18:21:58.425
110.35731,2018-12-11 18:21:59.534
110.17851,2018-12-11 18:22:00.665
110.08911,2018-12-11 18:22:01.762
110.04639,2018-12-11 18:22:02.934
110.02305,2018-12-11 18:22:04.054
110.01138,2018-12-11 18:22:05.165
96.25495,2018-12-11 18:22:06.276
89.371216,2018-12-11 18:22:07.383
84.98892,2018-12-11 18:22:08.519
82.797775,2018-12-11 18:22:09.639
81.702194,2018-12-11 18:22:10.755
87.37125,2018-12-11 18:22:11.844
90.26895,2018-12-11 18:22:12.974
98.42648,2018-12-11 18:22:14.085
102.50525,2018-12-11 18:22:15.284
104.54463,2018-12-11 18:22:16.404
104.89022,2018-12-11 18:22:17.525
104.54043,2018-12-11 18:22:18.674
104.36553,2018-12-11 18:22:19.794
104.27808,2018-12-11 18:22:20.944
104.07424,2018-12-11 18:22:22.074
103.857086,2018-12-11 18:22:23.174
102.115616,2018-12-11 18:22:24.344
92.78122,2018-12-11 18:22:25.464
87.79592,2018-12-11 18:22:26.574
83.61022,2018-12-11 18:22:27.696
81.37292,2018-12-11 18:22:28.794
80.140915,2018-12-11 18:22:29.915
79.092255,2018-12-11 18:22:31.034
78.52634,2018-12-11 18:22:32.144
78.19835,2018-12-11 18:22:33.272
77.79209,2018-12-11 18:22:34.384
76.379105,2018-12-11 18:22:35.534
75.67261,2018-12-11 18:22:36.654
75.31937,2018-12-11 18:22:37.765
91.64289,2018-12-11 18:22:38.875
99.82184,2018-12-11 18:22:40.004
104.05325,2018-12-11 18:22:41.107
106.16896,2018-12-11 18:22:42.231
107.346115,2018-12-11 18:22:43.336
109.273735,2018-12-11 18:22:44.445
110.91044,2018-12-11 18:22:45.565
113.374146,2018-12-11 18:22:46.674
114.84424,2018-12-11 18:22:47.794
115.579285,2018-12-11 18:22:48.914
115.94681,2018-12-11 18:22:50.034
115.84819,2018-12-11 18:22:51.144
111.12631,2018-12-11 18:22:52.265
108.75147,2018-12-11 18:22:53.364
107.41472,2018-12-11 18:22:54.535
106.746346,2018-12-11 18:22:55.654
106.22829,2018-12-11 18:22:56.754
105.15822,2018-12-11 18:22:57.884
104.623184,2018-12-11 18:22:58.984
103.79219,2018-12-11 18:23:00.112
103.37669,2018-12-11 18:23:01.215
99.94609,2018-12-11 18:23:02.334
98.23079,2018-12-11 18:23:03.462
97.37314,2018-12-11 18:23:04.557
101.13779,2018-12-11 18:23:05.681
103.45928,2018-12-11 18:23:06.804
104.6595,2018-12-11 18:23:07.929
105.259605,2018-12-11 18:23:09.024
105.55966,2018-12-11 18:23:10.144
105.18262,2018-12-11 18:23:11.256
104.994095,2018-12-11 18:23:12.365
104.642,2018-12-11 18:23:13.484
104.723785,2018-12-11 18:23:14.594
104.76468,2018-12-11 18:23:15.704
104.74742,2018-12-11 18:23:16.844
104.51866,2018-12-11 18:23:17.934
103.07492,2018-12-11 18:23:19.054
101.89046,2018-12-11 18:23:20.165
100.959915,2018-12-11 18:23:21.286
100.4937,2018-12-11 18:23:22.404
99.79059,2018-12-11 18:23:23.525
98.85954,2018-12-11 18:23:24.629
98.39401,2018-12-11 18:23:25.753
98.161255,2018-12-11 18:23:26.877
99.0815,2018-12-11 18:23:27.964
99.78883,2018-12-11 18:23:29.093
100.26907,2018-12-11 18:23:30.194
0.0,2018-12-11 18:23:31.373
0.0,2018-12-11 18:23:33.025
0.0,2018-12-11 18:23:34.175
0.0,2018-12-11 18:23:35.283
0.0,2018-12-11 18:23:36.987
0.0,2018-12-11 18:23:38.107
0.0,2018-12-11 18:23:39.211
0.0,2018-12-11 18:23:52.941
0.0,2018-12-11 18:23:54.064
0.0,2018-12-11 18:23:55.233
0.0,2018-12-11 18:23:56.333
0.0,2018-12-11 18:23:57.453
0.0,2018-12-11 18:23:58.573
0.0,2018-12-11 18:23:59.685
0.0,2018-12-11 18:24:00.795
0.0,2018-12-11 18:24:01.905
0.0,2018-12-11 18:24:03.024
0.0,2018-12-11 18:24:04.133
0.0,2018-12-11 18:24:05.256
0.0,2018-12-11 18:24:06.383
0.0,2018-12-11 18:24:07.507
0.0,2018-12-11 18:24:08.634
0.0,2018-12-11 18:24:09.755
0.0,2018-12-11 18:24:10.915
0.0,2018-12-11 18:24:16.304
0.0,2018-12-11 18:24:17.425
0.0,2018-12-11 18:24:18.582
0.0,2018-12-11 18:24:19.644
0.0,2018-12-11 18:24:20.754
0.0,2018-12-11 18:24:21.965
0.0,2018-12-11 18:24:23.085
0.0,2018-12-11 18:24:24.265
0.0,2018-12-11 18:24:25.365
0.0,2018-12-11 18:24:26.475
0.0,2018-12-11 18:24:27.605
0.0,2018-12-11 18:24:28.705
0.0,2018-12-11 18:24:29.886
0.0,2018-12-11 18:24:30.954
0.0,2018-12-11 18:24:32.359
0.0,2018-12-11 18:24:33.254
0.0,2018-12-11 18:24:34.374
0.0,2018-12-11 18:24:35.542
0.0,2018-12-11 18:24:36.654
0.0,2018-12-11 18:24:37.765
0.0,2018-12-11 18:24:38.885
0.0,2018-12-11 18:24:40.232
0.0,2018-12-11 18:24:41.194
0.0,2019-01-14 14:12:30.59
0.0,2019-01-14 14:12:31.711
0.0,2019-01-14 14:12:32.819
0.0,2019-01-14 14:12:52.959
0.0,2019-01-14 14:12:54.07
0.0,2019-01-14 14:12:55.17
0.0,2019-01-14 14:12:56.271
0.0,2019-01-14 14:12:57.432
0.0,2019-01-14 14:12:58.554
0.0,2019-01-14 14:12:59.641
0.0,2019-01-14 14:13:00.76
68.74017,2019-01-14 14:13:01.86
68.74017,2019-01-14 14:13:02.971
0.0,2019-01-14 14:13:04.079
0.0,2019-01-14 14:13:05.178
0.0,2019-01-14 14:13:06.299
0.0,2019-01-14 14:13:07.471
0.0,2019-01-14 14:19:21.891
0.0,2019-01-14 14:19:22.993
0.0,2019-01-14 14:19:24.103
0.0,2019-01-14 14:19:25.219
0.0,2019-01-14 14:19:26.41
0.0,2019-01-14 14:19:27.661
0.0,2019-01-14 14:50:51.776
0.0,2019-01-14 14:50:52.925
0.0,2019-01-14 14:50:54.047
0.0,2019-01-14 14:50:55.167
0.0,2019-01-14 14:50:56.269
0.0,2019-01-14 14:50:57.389
0.0,2019-01-14 14:50:58.51
0.0,2019-01-14 14:50:59.678
0.0,2019-01-14 14:51:00.788
0.0,2019-01-14 14:51:01.91
0.0,2019-01-14 14:51:03.012
0.0,2019-01-14 14:51:04.227
0.0,2019-01-14 14:51:05.347
0.0,2019-01-14 14:51:06.457
0.0,2019-01-14 14:51:07.568
0.0,2019-01-14 14:51:08.677
93.70663,2019-01-14 14:51:09.807
93.70663,2019-01-14 14:51:10.927
93.70663,2019-01-14 14:51:12.031
93.00855,2019-01-14 14:51:13.237
92.53164,2019-01-14 14:51:14.357
91.4086,2019-01-14 14:51:15.477
90.823326,2019-01-14 14:51:16.577
86.336525,2019-01-14 14:51:17.708
83.14526,2019-01-14 14:51:18.808
81.54964,2019-01-14 14:51:19.938
80.75182,2019-01-14 14:51:21.058
80.74203,2019-01-14 14:51:22.159
81.008385,2019-01-14 14:51:23.287
82.18521,2019-01-14 14:51:24.388
83.283264,2019-01-14 14:51:25.508
90.03459,2019-01-14 14:51:26.628
93.410255,2019-01-14 14:51:27.735
95.09808,2019-01-14 14:51:28.861
95.27903,2019-01-14 14:51:29.982
95.080376,2019-01-14 14:51:31.08
94.87999,2019-01-14 14:51:32.208
94.7798,2019-01-14 14:51:33.318
94.6448,2019-01-14 14:51:34.427
94.5773,2019-01-14 14:51:35.547
94.616165,2019-01-14 14:51:36.658
94.84464,2019-01-14 14:51:37.829
95.50811,2019-01-14 14:51:38.947
96.40665,2019-01-14 14:51:40.047
96.89169,2019-01-14 14:51:41.168
97.83962,2019-01-14 14:51:42.279
99.661545,2019-01-14 14:51:43.397
102.150635,2019-01-14 14:51:44.568
103.568436,2019-01-14 14:51:45.677
104.27734,2019-01-14 14:51:46.797
104.63179,2019-01-14 14:51:47.918
104.794106,2019-01-14 14:51:49.029
103.85124,2019-01-14 14:51:50.147
103.02806,2019-01-14 14:51:51.248
102.04425,2019-01-14 14:51:52.368
101.368004,2019-01-14 14:51:53.478
100.61904,2019-01-14 14:51:54.608
99.69221,2019-01-14 14:51:55.718
99.11853,2019-01-14 14:51:56.822
97.36812,2019-01-14 14:51:57.948
95.04144,2019-01-14 14:51:59.079
92.97256,2019-01-14 14:52:00.169
91.93811,2019-01-14 14:52:01.288
91.42089,2019-01-14 14:52:02.397
98.346985,2019-01-14 14:52:03.527
101.81003,2019-01-14 14:52:04.637
103.54155,2019-01-14 14:52:05.747
103.10736,2019-01-14 14:52:06.878
102.687965,2019-01-14 14:52:07.992
102.15541,2019-01-14 14:52:09.15
94.64352,2019-01-14 14:52:10.267
90.88757,2019-01-14 14:52:11.368
89.0096,2019-01-14 14:52:12.498
88.15891,2019-01-14 14:52:13.608
89.05217,2019-01-14 14:52:14.728
89.498795,2019-01-14 14:52:15.846
89.72211,2019-01-14 14:52:16.959
89.294846,2019-01-14 14:52:18.069
88.75232,2019-01-14 14:52:19.251
88.23273,2019-01-14 14:52:20.337
87.97293,2019-01-14 14:52:21.508
87.84303,2019-01-14 14:52:22.628
88.9254,2019-01-14 14:52:23.79
89.16405,2019-01-14 14:52:24.91
89.28337,2019-01-14 14:52:26.02
88.35768,2019-01-14 14:52:27.12
87.61406,2019-01-14 14:52:28.3
87.13977,2019-01-14 14:52:29.4
87.00511,2019-01-14 14:52:30.53
86.937775,2019-01-14 14:52:31.63
87.511505,2019-01-14 14:52:32.75
88.143845,2019-01-14 14:52:33.861
88.460014,2019-01-14 14:52:34.98
88.6181,2019-01-14 14:52:36.091
88.24837,2019-01-14 14:52:37.261
86.81648,2019-01-14 14:52:38.371
85.597275,2019-01-14 14:52:39.481
84.98767,2019-01-14 14:52:40.611
84.68287,2019-01-14 14:52:41.721
85.48784,2019-01-14 14:52:42.841
88.474976,2019-01-14 14:52:43.951
90.0182,2019-01-14 14:52:45.061
91.06305,2019-01-14 14:52:46.181
92.72246,2019-01-14 14:52:47.289
95.01332,2019-01-14 14:52:48.414
97.895134,2019-01-14 14:52:49.535
99.336044,2019-01-14 14:52:50.63
100.056496,2019-01-14 14:52:51.751
99.426346,2019-01-14 14:52:52.976
98.15987,2019-01-14 14:52:54.081
97.52663,2019-01-14 14:52:55.181
97.21001,2019-01-14 14:52:56.312
99.59152,2019-01-14 14:52:57.412
101.879395,2019-01-14 14:52:58.537
103.71718,2019-01-14 14:52:59.662
106.78395,2019-01-14 14:53:00.751
109.422134,2019-01-14 14:53:01.92
112.204796,2019-01-14 14:53:03.037
113.59613,2019-01-14 14:53:04.162
114.291794,2019-01-14 14:53:05.287
109.509895,2019-01-14 14:53:06.38
107.05019,2019-01-14 14:53:07.5
105.82034,2019-01-14 14:53:08.6
105.27417,2019-01-14 14:53:09.721
105.00108,2019-01-14 14:53:10.831
105.12147,2019-01-14 14:53:11.951
105.181656,2019-01-14 14:53:13.111
105.3221,2019-01-14 14:53:14.221
105.39232,2019-01-14 14:53:15.351
105.69329,2019-01-14 14:53:16.45
105.84378,2019-01-14 14:53:17.58
105.91902,2019-01-14 14:53:18.681
105.460175,2019-01-14 14:53:19.811
105.00319,2019-01-14 14:53:20.922
95.36626,2019-01-14 14:53:22.062
90.41968,2019-01-14 14:53:23.151
87.94638,2019-01-14 14:53:24.272
86.70973,2019-01-14 14:53:25.421
86.091415,2019-01-14 14:53:26.541
85.01662,2019-01-14 14:53:27.651
83.60211,2019-01-14 14:53:28.762
82.89485,2019-01-14 14:53:29.922
82.54123,2019-01-14 14:53:31.041
86.56767,2019-01-14 14:53:32.151
90.04371,2019-01-14 14:53:33.278
91.78172,2019-01-14 14:53:34.391
92.650734,2019-01-14 14:53:35.496
92.53204,2019-01-14 14:53:36.621
91.03714,2019-01-14 14:53:37.745
89.56293,2019-01-14 14:53:38.84
87.744835,2019-01-14 14:53:39.961
80.081406,2019-01-14 14:53:41.08
76.1245,2019-01-14 14:53:42.246
74.058685,2019-01-14 14:53:43.391
73.02578,2019-01-14 14:53:44.512
72.59668,2019-01-14 14:53:45.62
74.607864,2019-01-14 14:53:46.745
76.62767,2019-01-14 14:53:47.871
78.26639,2019-01-14 14:53:48.963
79.08575,2019-01-14 14:53:50.09
79.37279,2019-01-14 14:53:51.2
79.63895,2019-01-14 14:53:52.312
80.20777,2019-01-14 14:53:53.43
84.38028,2019-01-14 14:53:54.59
86.46654,2019-01-14 14:53:55.69
87.50966,2019-01-14 14:53:56.871
86.82483,2019-01-14 14:53:57.995
86.48242,2019-01-14 14:53:59.091
86.31122,2019-01-14 14:54:00.2
86.51262,2019-01-14 14:54:01.311
86.632126,2019-01-14 14:54:02.43
87.42724,2019-01-14 14:54:03.54
87.8248,2019-01-14 14:54:04.663
88.08472,2019-01-14 14:54:05.83
88.153534,2019-01-14 14:54:06.941
87.958405,2019-01-14 14:54:08.151
85.56818,2019-01-14 14:54:09.273
84.37306,2019-01-14 14:54:10.372
83.775505,2019-01-14 14:54:11.496
88.48834,2019-01-14 14:54:12.621
92.18132,2019-01-14 14:54:13.721
94.549225,2019-01-14 14:54:14.84
96.29817,2019-01-14 14:54:15.95
98.0318,2019-01-14 14:54:17.061
99.75734,2019-01-14 14:54:18.182
101.5677,2019-01-14 14:54:19.29
104.530975,2019-01-14 14:54:20.411
107.12901,2019-01-14 14:54:21.53
108.42803,2019-01-14 14:54:22.631
109.077545,2019-01-14 14:54:23.761
104.69731,2019-01-14 14:54:24.861
101.66922,2019-01-14 14:54:25.991
92.41623,2019-01-14 14:54:27.102
87.789734,2019-01-14 14:54:28.21
85.62052,2019-01-14 14:54:29.335
84.53592,2019-01-14 14:54:30.467
88.524925,2019-01-14 14:54:31.55
90.61673,2019-01-14 14:54:32.671
99.058685,2019-01-14 14:54:33.834
103.27966,2019-01-14 14:54:34.991
105.39015,2019-01-14 14:54:36.101
101.67062,2019-01-14 14:54:37.206
99.81085,2019-01-14 14:54:38.334
98.88097,2019-01-14 14:54:39.456
99.28909,2019-01-14 14:54:40.552
100.25508,2019-01-14 14:54:41.671
100.73807,2019-01-14 14:54:42.834
100.97957,2019-01-14 14:54:43.956
100.01521,2019-01-14 14:54:45.061
99.50745,2019-01-14 14:54:46.171
98.99194,2019-01-14 14:54:47.281
98.215805,2019-01-14 14:54:48.4
96.61641,2019-01-14 14:54:49.521
94.48027,2019-01-14 14:54:50.621
93.4122,2019-01-14 14:54:51.75
92.87816,2019-01-14 14:54:52.851
94.03263,2019-01-14 14:54:53.971
94.88365,2019-01-14 14:54:55.091
95.357864,2019-01-14 14:54:56.25
97.6958,2019-01-14 14:54:57.371
99.29785,2019-01-14 14:54:58.471
100.09888,2019-01-14 14:54:59.581
100.066315,2019-01-14 14:55:00.751
99.74432,2019-01-14 14:55:01.871
98.318726,2019-01-14 14:55:02.971
92.47063,2019-01-14 14:55:04.091
89.37117,2019-01-14 14:55:05.201
87.53852,2019-01-14 14:55:06.322
86.62219,2019-01-14 14:55:07.491
85.066246,2019-01-14 14:55:08.591
80.842865,2019-01-14 14:55:09.721
76.54268,2019-01-14 14:55:10.831
73.46477,2019-01-14 14:55:11.941
67.73689,2019-01-14 14:55:13.048
64.857025,2019-01-14 14:55:14.173
63.41709,2019-01-14 14:55:15.296
62.713055,2019-01-14 14:55:16.39
69.23328,2019-01-14 14:55:17.511
72.55176,2019-01-14 14:55:18.63
74.211,2019-01-14 14:55:19.74
75.04062,2019-01-14 14:55:20.861
75.467545,2019-01-14 14:55:21.971
84.86131,2019-01-14 14:55:23.082
89.5582,2019-01-14 14:55:24.19
91.90664,2019-01-14 14:55:25.361
92.03647,2019-01-14 14:55:26.48
87.99192,2019-01-14 14:55:27.59
85.96965,2019-01-14 14:55:28.69
84.95851,2019-01-14 14:55:29.811
84.83076,2019-01-14 14:55:30.922
84.76688,2019-01-14 14:55:32.052
84.73494,2019-01-14 14:55:33.151
84.37098,2019-01-14 14:55:34.264
83.81822,2019-01-14 14:55:35.389
83.54184,2019-01-14 14:55:36.515
83.403656,2019-01-14 14:55:37.611
83.879814,2019-01-14 14:55:38.73
85.16495,2019-01-14 14:55:39.889
85.80751,2019-01-14 14:55:41.015
86.12879,2019-01-14 14:55:42.162
83.31456,2019-01-14 14:55:43.282
81.41981,2019-01-14 14:55:44.39
80.47243,2019-01-14 14:55:45.516
80.48638,2019-01-14 14:55:46.64
80.79085,2019-01-14 14:55:47.741
81.28139,2019-01-14 14:55:48.84
90.89213,2019-01-14 14:55:49.971
96.12467,2019-01-14 14:55:51.08
98.740944,2019-01-14 14:55:52.231
100.04908,2019-01-14 14:55:53.39
100.70315,2019-01-14 14:55:54.516
101.03018,2019-01-14 14:55:55.671
103.13518,2019-01-14 14:55:56.791
105.11281,2019-01-14 14:55:57.912
106.10162,2019-01-14 14:55:59.015
106.59604,2019-01-14 14:56:00.14
106.74269,2019-01-14 14:56:01.266
106.81601,2019-01-14 14:56:02.361
106.657486,2019-01-14 14:56:03.481
102.51152,2019-01-14 14:56:04.58
93.41629,2019-01-14 14:56:05.7
88.394745,2019-01-14 14:56:06.811
85.88397,2019-01-14 14:56:07.931
84.628586,2019-01-14 14:56:09.103
84.10545,2019-01-14 14:56:10.2
86.36757,2019-01-14 14:56:11.33
87.49863,2019-01-14 14:56:12.48
88.06415,2019-01-14 14:56:13.601
89.03252,2019-01-14 14:56:14.764
89.51671,2019-01-14 14:56:15.912
93.23634,2019-01-14 14:56:17.031
96.18363,2019-01-14 14:56:18.139
97.83252,2019-01-14 14:56:19.264
98.48172,2019-01-14 14:56:20.386
98.54142,2019-01-14 14:56:21.48
98.57127,2019-01-14 14:56:22.6
98.5862,2019-01-14 14:56:23.712
98.59366,2019-01-14 14:56:24.821
100.915634,2019-01-14 14:56:25.941
102.1057,2019-01-14 14:56:27.1
102.805115,2019-01-14 14:56:28.27
103.271454,2019-01-14 14:56:29.382
104.085915,2019-01-14 14:56:30.545
105.20671,2019-01-14 14:56:31.6
105.76711,2019-01-14 14:56:32.731
106.04732,2019-01-14 14:56:33.831
106.11778,2019-01-14 14:56:35.007
105.610115,2019-01-14 14:56:36.161
103.43953,2019-01-14 14:56:37.267
92.73532,2019-01-14 14:56:38.389
87.073944,2019-01-14 14:56:39.516
84.091965,2019-01-14 14:56:40.611
82.60098,2019-01-14 14:56:41.711
81.855484,2019-01-14 14:56:42.832
80.88956,2019-01-14 14:56:43.94
80.39223,2019-01-14 14:56:45.1
79.981125,2019-01-14 14:56:46.22
79.77557,2019-01-14 14:56:47.32
79.6728,2019-01-14 14:56:48.44
79.6133,2019-01-14 14:56:49.6
79.363335,2019-01-14 14:56:50.711
79.013306,2019-01-14 14:56:51.821
76.57692,2019-01-14 14:56:52.931
73.46395,2019-01-14 14:56:54.051
71.90747,2019-01-14 14:56:55.161
71.12923,2019-01-14 14:56:56.281
82.20149,2019-01-14 14:56:57.401
87.89345,2019-01-14 14:56:58.501
91.20187,2019-01-14 14:56:59.631
94.645996,2019-01-14 14:57:00.771
96.36806,2019-01-14 14:57:01.881
97.229095,2019-01-14 14:57:03.001
97.57341,2019-01-14 14:57:04.117
97.73795,2019-01-14 14:57:05.281
92.946655,2019-01-14 14:57:06.381
87.233734,2019-01-14 14:57:07.501
84.37727,2019-01-14 14:57:08.606
82.949036,2019-01-14 14:57:09.733
83.314445,2019-01-14 14:57:10.864
91.124245,2019-01-14 14:57:11.95
95.16141,2019-01-14 14:57:13.071
97.312485,2019-01-14 14:57:14.172
98.38803,2019-01-14 14:57:15.29
99.07938,2019-01-14 14:57:16.4
99.27147,2019-01-14 14:57:17.571
99.31346,2019-01-14 14:57:18.671
98.902374,2019-01-14 14:57:19.8
98.62079,2019-01-14 14:57:20.951
91.13371,2019-01-14 14:57:22.112
87.39018,2019-01-14 14:57:23.236
85.51842,2019-01-14 14:57:24.361
85.64025,2019-01-14 14:57:25.451
86.765015,2019-01-14 14:57:26.571
87.9581,2019-01-14 14:57:27.691
89.43675,2019-01-14 14:57:28.802
97.86966,2019-01-14 14:57:29.9
102.08612,2019-01-14 14:57:31.021
104.19435,2019-01-14 14:57:32.13
104.41387,2019-01-14 14:57:33.251
104.06618,2019-01-14 14:57:34.421
103.4215,2019-01-14 14:57:35.581
103.09917,2019-01-14 14:57:36.69
102.58766,2019-01-14 14:57:37.8
102.33191,2019-01-14 14:57:38.921
102.20404,2019-01-14 14:57:40.021
102.14011,2019-01-14 14:57:41.14
101.96512,2019-01-14 14:57:42.251
100.90444,2019-01-14 14:57:43.421
100.20097,2019-01-14 14:57:44.521
94.81067,2019-01-14 14:57:45.651
90.036995,2019-01-14 14:57:46.75
85.5876,2019-01-14 14:57:47.871
83.3629,2019-01-14 14:57:48.991
82.25055,2019-01-14 14:57:50.101
85.65265,2019-01-14 14:57:51.222
87.69711,2019-01-14 14:57:52.323
88.89424,2019-01-14 14:57:53.448
89.49281,2019-01-14 14:57:54.574
89.7921,2019-01-14 14:57:55.663
85.2108,2019-01-14 14:57:56.79
82.92015,2019-01-14 14:57:57.896
81.774826,2019-01-14 14:57:59.011
81.336006,2019-01-14 14:58:00.136
86.87282,2019-01-14 14:58:01.241
89.665726,2019-01-14 14:58:02.34
92.03154,2019-01-14 14:58:03.461
93.26692,2019-01-14 14:58:04.572
93.88461,2019-01-14 14:58:05.691
94.19345,2019-01-14 14:58:06.812
94.5081,2019-01-14 14:58:07.916
95.13515,2019-01-14 14:58:09.039
103.49968,2019-01-14 14:58:10.165
107.933136,2019-01-14 14:58:11.261
110.52187,2019-01-14 14:58:12.381
112.205,2019-01-14 14:58:13.48
113.04657,2019-01-14 14:58:14.601
113.467354,2019-01-14 14:58:15.711
108.65756,2019-01-14 14:58:16.83
106.05508,2019-01-14 14:58:17.951
104.75383,2019-01-14 14:58:19.051
104.10321,2019-01-14 14:58:20.17
103.7779,2019-01-14 14:58:21.281
103.53403,2019-01-14 14:58:22.401
103.412094,2019-01-14 14:58:23.505
103.35112,2019-01-14 14:58:24.633
103.57477,2019-01-14 14:58:25.756
104.354645,2019-01-14 14:58:26.852
104.74458,2019-01-14 14:58:27.978
104.30292,2019-01-14 14:58:29.072
104.05066,2019-01-14 14:58:30.191
103.9003,2019-01-14 14:58:31.301
103.508354,2019-01-14 14:58:32.421
102.72953,2019-01-14 14:58:33.54
102.34012,2019-01-14 14:58:34.641
98.46184,2019-01-14 14:58:35.8
96.52269,2019-01-14 14:58:36.921
95.553116,2019-01-14 14:58:38.04
95.85031,2019-01-14 14:58:39.161
96.32701,2019-01-14 14:58:40.276
96.62468,2019-01-14 14:58:41.382
96.788536,2019-01-14 14:58:42.491
96.87047,2019-01-14 14:58:43.621
96.91143,2019-01-14 14:58:44.733
96.37511,2019-01-14 14:58:45.845
96.10694,2019-01-14 14:58:46.94
95.972855,2019-01-14 14:58:48.061
96.13767,2019-01-14 14:58:49.181
98.32483,2019-01-14 14:58:50.29
99.41841,2019-01-14 14:58:51.413
99.9652,2019-01-14 14:58:52.511
100.11366,2019-01-14 14:58:53.63
99.55042,2019-01-14 14:58:54.741
99.24754,2019-01-14 14:58:55.85
98.594376,2019-01-14 14:58:56.98
98.26642,2019-01-14 14:58:58.096
97.72937,2019-01-14 14:58:59.212
96.75993,2019-01-14 14:59:00.321
96.27521,2019-01-14 14:59:01.447
96.03285,2019-01-14 14:59:02.57
96.56534,2019-01-14 14:59:03.65
97.20294,2019-01-14 14:59:04.771
97.52174,2019-01-14 14:59:05.881
97.64493,2019-01-14 14:59:07.07
97.70651,2019-01-14 14:59:08.151
97.7316,2019-01-14 14:59:09.281
97.74414,2019-01-14 14:59:10.391
97.75612,2019-01-14 14:59:11.501
98.041306,2019-01-14 14:59:12.621
98.33113,2019-01-14 14:59:13.726
98.53035,2019-01-14 14:59:14.841
99.456406,2019-01-14 14:59:16.0
100.62514,2019-01-14 14:59:17.121
101.4513,2019-01-14 14:59:18.226
101.86438,2019-01-14 14:59:19.34
102.19838,2019-01-14 14:59:20.5
102.36539,2019-01-14 14:59:21.621
107.0879,2019-01-14 14:59:22.73
109.44916,2019-01-14 14:59:23.85
110.62978,2019-01-14 14:59:24.976
110.51583,2019-01-14 14:59:26.071
109.258865,2019-01-14 14:59:27.191
108.55681,2019-01-14 14:59:28.301
108.20578,2019-01-14 14:59:29.476
108.0157,2019-01-14 14:59:30.621
107.392525,2019-01-14 14:59:31.74
106.910355,2019-01-14 14:59:32.85
106.669266,2019-01-14 14:59:33.971
106.21902,2019-01-14 14:59:35.121
106.3236,2019-01-14 14:59:36.242
106.45447,2019-01-14 14:59:37.4
107.28706,2019-01-14 14:59:38.511
108.34863,2019-01-14 14:59:39.621
108.87941,2019-01-14 14:59:40.742
109.144806,2019-01-14 14:59:41.85
108.10867,2019-01-14 14:59:42.961
107.59061,2019-01-14 14:59:44.09
107.33157,2019-01-14 14:59:45.191
108.66069,2019-01-14 14:59:46.303
111.947495,2019-01-14 14:59:47.421
113.73355,2019-01-14 14:59:48.541
114.62659,2019-01-14 14:59:49.662
115.375885,2019-01-14 14:59:50.821
115.750534,2019-01-14 14:59:51.931
117.1134,2019-01-14 14:59:53.041
118.0296,2019-01-14 14:59:54.154
119.180664,2019-01-14 14:59:55.271
119.756195,2019-01-14 14:59:56.396
120.04396,2019-01-14 14:59:57.541
115.05269,2019-01-14 14:59:58.661
111.494576,2019-01-14 14:59:59.771
109.433174,2019-01-14 15:00:00.904
108.12151,2019-01-14 15:00:01.991
107.40381,2019-01-14 15:00:03.111
101.39447,2019-01-14 15:00:04.23
98.3898,2019-01-14 15:00:05.331
96.88747,2019-01-14 15:00:06.451
97.911,2019-01-14 15:00:07.561
103.73064,2019-01-14 15:00:08.68
106.80609,2019-01-14 15:00:09.8
108.34382,2019-01-14 15:00:10.961
108.94704,2019-01-14 15:00:12.073
109.198715,2019-01-14 15:00:13.186
109.23053,2019-01-14 15:00:14.301
109.24644,2019-01-14 15:00:15.411
109.254395,2019-01-14 15:00:16.531
109.75293,2019-01-14 15:00:17.651
110.26405,2019-01-14 15:00:18.751
110.519615,2019-01-14 15:00:19.92
110.87039,2019-01-14 15:00:21.031
111.04578,2019-01-14 15:00:22.157
112.14555,2019-01-14 15:00:23.262
113.34679,2019-01-14 15:00:24.421
114.19949,2019-01-14 15:00:25.531
114.625854,2019-01-14 15:00:26.641
115.26207,2019-01-14 15:00:27.762
117.77394,2019-01-14 15:00:28.873
119.02988,2019-01-14 15:00:29.986
119.016235,2019-01-14 15:00:31.116
119.009415,2019-01-14 15:00:32.211
118.75618,2019-01-14 15:00:33.33
118.10567,2019-01-14 15:00:34.45
117.78041,2019-01-14 15:00:35.551
117.46788,2019-01-14 15:00:36.671
117.311615,2019-01-14 15:00:37.78
116.57361,2019-01-14 15:00:38.9
116.02165,2019-01-14 15:00:40.006
114.91539,2019-01-14 15:00:41.121
114.17111,2019-01-14 15:00:42.29
113.671936,2019-01-14 15:00:43.4
113.42235,2019-01-14 15:00:44.521
110.927925,2019-01-14 15:00:45.621
108.616585,2019-01-14 15:00:46.736
107.460915,2019-01-14 15:00:47.851
106.88308,2019-01-14 15:00:48.971
107.14049,2019-01-14 15:00:50.075
108.56021,2019-01-14 15:00:51.207
109.78667,2019-01-14 15:00:52.326
110.55113,2019-01-14 15:00:53.421
110.933365,2019-01-14 15:00:54.54
111.08992,2019-01-14 15:00:55.651
111.05153,2019-01-14 15:00:56.761
110.97641,2019-01-14 15:00:57.871
110.49194,2019-01-14 15:00:58.99
109.694145,2019-01-14 15:01:00.161
106.920425,2019-01-14 15:01:01.261
104.832825,2019-01-14 15:01:02.371
102.65735,2019-01-14 15:01:03.49
101.19472,2019-01-14 15:01:04.611
100.46341,2019-01-14 15:01:05.731
100.09775,2019-01-14 15:01:06.841
99.91492,2019-01-14 15:01:07.941
99.36264,2019-01-14 15:01:09.061
99.0865,2019-01-14 15:01:10.181
98.94844,2019-01-14 15:01:11.29
100.855896,2019-01-14 15:01:12.425
109.88052,2019-01-14 15:01:13.562
114.852844,2019-01-14 15:01:14.681
117.339005,2019-01-14 15:01:15.841
118.58209,2019-01-14 15:01:16.961
119.47141,2019-01-14 15:01:18.111
123.77872,2019-01-14 15:01:19.221
125.93237,2019-01-14 15:01:20.341
127.0092,2019-01-14 15:01:21.461
123.88013,2019-01-14 15:01:22.572
116.35458,2019-01-14 15:01:23.681
112.59181,2019-01-14 15:01:24.791
110.710434,2019-01-14 15:01:25.918
109.97808,2019-01-14 15:01:27.041
109.61191,2019-01-14 15:01:28.166
109.42882,2019-01-14 15:01:29.25
107.52853,2019-01-14 15:01:30.37
105.818855,2019-01-14 15:01:31.528
103.7906,2019-01-14 15:01:32.666
102.776474,2019-01-14 15:01:33.75
101.773895,2019-01-14 15:01:34.881
101.12301,2019-01-14 15:01:35.981
96.6771,2019-01-14 15:01:37.1
94.41594,2019-01-14 15:01:38.211
93.285355,2019-01-14 15:01:39.331
92.44107,2019-01-14 15:01:40.481
92.01892,2019-01-14 15:01:41.611
91.807846,2019-01-14 15:01:42.711
91.90139,2019-01-14 15:01:43.833
91.948166,2019-01-14 15:01:44.95
94.96545,2019-01-14 15:01:46.06
104.207436,2019-01-14 15:01:47.181
108.82843,2019-01-14 15:01:48.348
111.13893,2019-01-14 15:01:49.45
107.01779,2019-01-14 15:01:50.571
104.56381,2019-01-14 15:01:51.681
103.33682,2019-01-14 15:01:52.801
102.694046,2019-01-14 15:01:53.901
102.372665,2019-01-14 15:01:55.031
102.39833,2019-01-14 15:01:56.134
102.49364,2019-01-14 15:01:57.258
102.54129,2019-01-14 15:01:58.383
111.16887,2019-01-14 15:01:59.473
115.48265,2019-01-14 15:02:00.633
117.63954,2019-01-14 15:02:01.758
118.58061,2019-01-14 15:02:02.883
114.99226,2019-01-14 15:02:03.981
112.85188,2019-01-14 15:02:05.133
111.78169,2019-01-14 15:02:06.265
111.592804,2019-01-14 15:02:07.411
112.35188,2019-01-14 15:02:08.541
112.731415,2019-01-14 15:02:09.681
113.633804,2019-01-14 15:02:10.801
114.16283,2019-01-14 15:02:11.912
114.42734,2019-01-14 15:02:13.031
115.95363,2019-01-14 15:02:14.151
116.71677,2019-01-14 15:02:15.256
117.09834,2019-01-14 15:02:16.388
114.90383,2019-01-14 15:02:17.505
113.5531,2019-01-14 15:02:18.6
112.76799,2019-01-14 15:02:19.72
100.302444,2019-01-14 15:02:20.821
93.729034,2019-01-14 15:02:21.941
90.312164,2019-01-14 15:02:23.051
88.60373,2019-01-14 15:02:24.171
87.87967,2019-01-14 15:02:25.29
93.6218,2019-01-14 15:02:26.392
103.01936,2019-01-14 15:02:27.521
108.05767,2019-01-14 15:02:28.621
110.65781,2019-01-14 15:02:29.79
117.29022,2019-01-14 15:02:30.901
120.60643,2019-01-14 15:02:32.021
122.26453,2019-01-14 15:02:33.121
115.359055,2019-01-14 15:02:34.291
110.89398,2019-01-14 15:02:35.411
107.75503,2019-01-14 15:02:36.521
106.18555,2019-01-14 15:02:37.621
105.40081,2019-01-14 15:02:38.741
105.456894,2019-01-14 15:02:39.862
105.565506,2019-01-14 15:02:40.969
105.7706,2019-01-14 15:02:42.096
105.873146,2019-01-14 15:02:43.216
105.77363,2019-01-14 15:02:44.362
105.69177,2019-01-14 15:02:45.468
95.42393,2019-01-14 15:02:46.593
90.29001,2019-01-14 15:02:47.717
87.723045,2019-01-14 15:02:48.862
93.75691,2019-01-14 15:02:49.967
96.77984,2019-01-14 15:02:51.092
98.291306,2019-01-14 15:02:52.231
99.173645,2019-01-14 15:02:53.321
99.488205,2019-01-14 15:02:54.43
99.35877,2019-01-14 15:02:55.55
99.25563,2019-01-14 15:02:56.651
95.79976,2019-01-14 15:02:57.761
94.07182,2019-01-14 15:02:58.881
93.207855,2019-01-14 15:03:00.001
99.010635,2019-01-14 15:03:01.121
102.34328,2019-01-14 15:03:02.236
104.0096,2019-01-14 15:03:03.331
104.84276,2019-01-14 15:03:04.5
92.64992,2019-01-14 15:03:05.624
85.76694,2019-01-14 15:03:06.731
80.58685,2019-01-14 15:03:07.831
77.99681,2019-01-14 15:03:08.951
76.7018,2019-01-14 15:03:10.081
81.847496,2019-01-14 15:03:11.182
88.24895,2019-01-14 15:03:12.306
91.962006,2019-01-14 15:03:13.401
94.48082,2019-01-14 15:03:14.531
96.42078,2019-01-14 15:03:15.64
97.39075,2019-01-14 15:03:16.751
97.87573,2019-01-14 15:03:17.871
94.57962,2019-01-14 15:03:18.971
92.931564,2019-01-14 15:03:20.09
92.05754,2019-01-14 15:03:21.2
91.385284,2019-01-14 15:03:22.321
89.79166,2019-01-14 15:03:23.441
88.99484,2019-01-14 15:03:24.541
88.596436,2019-01-14 15:03:25.672
88.80281,2019-01-14 15:03:26.823
89.52107,2019-01-14 15:03:27.941
89.8802,2019-01-14 15:03:29.051
90.05977,2019-01-14 15:03:30.171
90.14955,2019-01-14 15:03:31.276
90.40073,2019-01-14 15:03:32.4
90.68245,2019-01-14 15:03:33.526
97.74547,2019-01-14 15:03:34.621
101.834236,2019-01-14 15:03:35.776
104.02363,2019-01-14 15:03:36.902
105.118324,2019-01-14 15:03:38.026
105.7675,2019-01-14 15:03:39.123
105.84525,2019-01-14 15:03:40.221
105.693924,2019-01-14 15:03:41.402
104.9709,2019-01-14 15:03:42.526
104.231514,2019-01-14 15:03:43.672
102.740906,2019-01-14 15:03:44.777
100.94697,2019-01-14 15:03:45.903
99.69383,2019-01-14 15:03:47.027
99.06726,2019-01-14 15:03:48.111
98.78936,2019-01-14 15:03:49.241
98.72833,2019-01-14 15:03:50.341
98.619896,2019-01-14 15:03:51.461
98.565674,2019-01-14 15:03:52.621
98.40355,2019-01-14 15:03:53.741
97.23183,2019-01-14 15:03:54.84
93.54673,2019-01-14 15:03:55.961
0.0,2019-01-14 15:03:57.118
0.0,2019-01-14 15:03:58.228
0.0,2019-01-14 15:03:59.4
0.0,2019-01-14 15:04:00.532
0.0,2019-01-14 15:04:02.133
0.0,2019-01-14 15:08:38.869
0.0,2019-01-14 15:08:39.997
