date,time,x,y,z,label
2018-10-05,14:42:29,0.59017074,0.4141969,9.877279,walking_down
2018-10-05,14:42:30,0.59256494,0.61411275,9.82700125,walking_down
2018-10-05,14:42:31,0.56742581,0.68115038,9.8449575,walking_down
2018-10-05,14:42:32,0.54587799,0.79966334,9.81742412,walking_down
2018-10-05,14:42:33,3.34769259,-0.79188223,7.06050065,walking_down
2018-10-05,14:42:34,8.23126542,-4.51857682,1.87968775,walking_down
2018-10-05,14:42:35,7.24964275,-5.01465553,2.98796378,walking_down
2018-10-05,14:42:36,9.41400125,-4.7812209,2.43131185,walking_down
2018-10-05,14:42:37,8.38329745,-4.63517448,2.26132352,walking_down
2018-10-05,14:42:38,8.53006202,-5.59309452,2.25605626,walking_down
2018-10-05,14:42:39,8.536526,-4.65193388,2.93888258,walking_down
2018-10-05,14:42:40,8.56884792,-3.86903002,1.4425065,walking_down
2018-10-05,14:42:41,9.11233162,-3.79361255,0.4288614,walking_down
2018-10-05,14:42:42,8.24922182,-3.72777208,2.0219034,walking_down
2018-10-05,14:42:43,6.42220662,-3.43160924,2.30106728,walking_down
2018-10-05,14:42:44,10.72362912,-4.2999862,2.07577282,walking_down
2018-10-05,14:42:45,6.4978634,-2.97479568,1.94409178,walking_down
2018-10-05,14:42:46,7.44117893,-3.98395157,4.91290195,walking_down
2018-10-05,14:42:47,-0.22266076,1.5375563,9.6005094,walking_down
2018-10-05,14:42:48,-0.44651862,1.66157595,9.7120795,walking_down
2018-10-05,14:42:49,-0.34476504,1.8303672,9.7001085,walking_down
2018-10-05,19:24:9,-0.31124622,1.86268892,9.677364,walking_down
2018-10-05,19:24:10,0.055066638,1.4449008,9.56723,walking_down
2018-10-05,19:24:11,0.09097966,1.38743982,9.587581,walking_down
2018-10-05,19:24:12,0.06703765,1.3072341,9.62349375,walking_down
2018-10-05,19:24:13,0.10055647,1.32997908,9.61152275,walking_down
2018-10-05,19:24:14,0.11731588,1.38265148,9.6304372,walking_down
2018-10-05,19:24:15,0.10564415,1.50355867,9.324219,walking_down
2018-10-05,19:24:16,7.942465,-4.49032518,0.96606038,walking_down
2018-10-05,19:24:17,8.05828435,-3.33153162,2.84790295,walking_down
2018-10-05,19:24:18,8.83173124,-3.98107864,2.83497428,walking_down
2018-10-05,19:24:19,7.20953992,-3.48595755,2.53426248,walking_down
2018-10-05,19:24:20,9.31524025,-3.01669415,3.29801278,walking_down
2018-10-05,19:24:21,8.61104575,-3.2429462,1.7729064,walking_down
2018-10-05,19:24:22,8.75775052,-2.75716268,1.61321309,walking_down
2018-10-05,19:24:23,8.31805538,-2.6563667,1.96923093,walking_down
2018-10-05,19:24:24,8.95491283,-2.26970318,2.14520468,walking_down
2018-10-05,19:24:25,8.6364841,-2.08774388,2.1140801,walking_down
2018-10-05,19:24:26,8.66054584,-2.62212974,2.08511032,walking_down
2018-10-05,19:24:27,2.32596695,-1.5421652,7.93199,walking_down
2018-10-05,19:24:28,-0.10654198,0.35913026,9.62708525,walking_down
2018-10-05,19:24:29,-0.28012159,0.55425771,9.6785605,walking_down
2018-10-05,19:24:30,-0.22266075,0.73861122,9.683349,walking_down
2018-10-05,19:24:31,-0.34213142,0.72472487,9.7070514,walking_down
2018-10-05,19:24:32,-0.36391867,0.62009825,9.716868,walking_down
2018-10-05,19:50:43,-0.30605879,0.56702677,9.66459433,walking
2018-10-05,19:50:44,-0.2669535,0.80325466,9.783905,walking
2018-10-05,19:50:45,-0.30286652,0.92416185,9.73452438,walking
2018-10-05,19:50:46,-0.33877954,0.9153033,9.752541,walking
2018-10-05,19:50:47,4.09887322,-1.57837743,5.11910242,walking
2018-10-05,19:50:48,8.92678072,-4.0426095,1.52031808,walking
2018-10-05,19:50:49,9.318233,-3.47997219,1.08217918,walking
2018-10-05,19:50:50,9.24880125,-3.92050525,1.1097125,walking
2018-10-05,19:50:51,9.16668,-4.1256884,1.87657526,walking
2018-10-05,19:50:52,9.23563325,-3.97437485,1.74896439,walking
2018-10-05,19:50:53,9.78031395,-4.02465297,1.60650931,walking
2018-10-05,19:50:54,9.9790325,-4.21499213,1.70946,walking
2018-10-05,19:50:55,10.0257194,-3.74261612,1.40826941,walking
2018-10-05,19:50:56,9.09676925,-3.79361258,1.7262194,walking
2018-10-05,19:50:57,10.66616825,-3.6260185,1.38983406,walking
2018-10-05,19:50:58,8.876503,-4.12042123,1.3099276,walking
2018-10-05,19:50:59,9.370666,-3.66504394,0.99263603,walking
2018-10-05,19:51:0,9.15303308,-3.61165328,1.22702842,walking
2018-10-05,19:51:1,9.32900662,-3.72178648,1.48799636,walking
2018-10-05,19:51:2,9.9981865,-3.89177488,1.60650933,walking
2018-10-05,19:51:3,9.04050575,-3.6056678,1.29167183,walking
2018-10-05,19:51:4,9.242337,-4.13239206,1.70993887,walking
2018-10-05,19:51:5,8.53054058,-3.4799722,1.17345812,walking
2018-10-05,19:51:6,8.676587,-3.27885928,1.2234371,walking
2018-10-05,19:51:7,9.95509065,-3.65834022,1.87226577,walking
2018-10-05,19:51:8,9.359174,-3.41125858,1.84018346,walking
2018-10-05,19:51:9,9.16261,-3.80199222,1.9249382,walking
2018-10-05,19:51:10,10.71405275,-4.49990198,1.60291804,walking
2018-10-05,19:51:11,9.76355438,-4.20541528,1.53109202,walking
2018-10-05,19:51:12,9.28543248,-3.44573504,1.82677586,walking
2018-10-05,19:51:13,9.87608175,-4.16591093,1.49278477,walking
2018-10-05,19:51:14,9.200917,-4.24611675,1.37307467,walking
2018-10-05,19:51:31,10.911574,-2.64319875,1.42933835,walking
2018-10-05,19:51:32,-0.53510407,3.13680333,9.28551233,walking
2018-10-05,19:51:33,-0.52193598,2.83593195,9.343372,walking
2018-10-05,19:51:34,-0.47381252,2.81342644,9.36085,walking
2018-10-05,19:51:35,-0.45370121,2.541445,9.435549,walking
2018-10-05,19:51:36,-0.52792147,2.5390508,9.40562125,walking
2018-10-05,19:52:31,-0.5303157,2.5079262,9.397242,walking_up
2018-10-05,19:52:32,0.3774858,0.31723172,9.828198,walking_up
2018-10-05,19:52:33,0.4261679,0.44173022,9.80784725,walking_up
2018-10-05,19:52:34,0.24690205,0.54108958,9.77432825,walking_up
2018-10-05,19:52:35,8.01818152,-4.88776267,1.96055192,walking_up
2018-10-05,19:52:36,9.4738565,-3.371036,1.27102182,walking_up
2018-10-05,19:52:37,10.0963486,-3.38875306,1.23085915,walking_up
2018-10-05,19:52:38,9.65581575,-3.26808528,1.81271,walking_up
2018-10-05,19:52:39,8.2803466,-2.86825362,1.56131882,walking_up
2018-10-05,19:52:40,9.78390512,-3.16872588,1.50176305,walking_up
2018-10-05,19:52:41,8.83029472,-3.51420922,2.40186313,walking_up
2018-10-05,19:52:42,8.63827982,-3.11126508,1.71933608,walking_up
2018-10-05,19:52:43,8.6418708,-3.7098155,1.9165585,walking_up
2018-10-05,19:52:44,9.1123316,-3.1567549,1.09654435,walking_up
2018-10-05,19:52:45,9.1817634,-3.45483304,1.32303588,walking_up
2018-10-05,19:52:46,8.6334913,-3.22738388,1.56161812,walking_up
2018-10-05,19:52:47,8.68017815,-3.72896912,1.7396868,walking_up
2018-10-05,19:52:48,10.17775112,-3.2022448,1.48380653,walking_up
2018-10-05,19:52:49,8.98304485,-2.97240142,2.05781637,walking_up
2018-10-05,19:52:50,9.4805598,-3.33033458,2.28071658,walking_up
2018-10-05,19:52:51,5.65510428,-4.41251382,4.08271243,walking_up
2018-10-05,19:52:52,0.0700304,1.61488902,9.13986475,walking_up
2018-10-05,19:52:53,-0.31603462,1.62925423,9.6570125,walking_up
2018-10-05,19:52:54,-0.20709845,1.44825258,9.6653918,walking_up
2018-10-05,19:52:55,-0.32561144,1.28927765,9.68095437,walking_up
2018-10-05,19:52:56,-0.29209261,1.24737912,9.71327575,walking_up
2018-10-20,11:21:20,-0.075417355,1.0079589,9.610326,walking
2018-10-20,11:21:21,0.032621,0.84156191,9.599552,walking
2018-10-20,11:21:22,0.00933739,0.71778167,9.6792788,walking
2018-10-20,11:21:23,0.02932897,0.56024321,9.68694025,walking
2018-10-20,11:21:24,0.09696517,0.5626374,9.66060375,walking
2018-10-20,11:21:25,0.12090719,0.5398925,9.66060375,walking
2018-10-20,11:21:26,0.21547815,0.545878,9.6893345,walking
2018-10-20,11:21:27,0.12258313,0.62488666,9.6390562,walking
2018-10-20,11:21:28,9.0105783,-4.31165795,0.8834604,walking
2018-10-20,11:21:29,9.64982975,-3.58292287,0.51624973,walking
2018-10-20,11:21:30,9.36491975,-4.0665516,1.98838455,walking
2018-10-20,11:21:31,9.4867849,-3.28795718,1.86843506,walking
2018-10-20,11:21:32,9.34097825,-3.44286205,1.8710686,walking
2018-10-20,11:21:33,8.89445925,-3.2178071,1.89501062,walking
2018-10-20,11:21:34,9.8365775,-3.62721558,2.03267726,walking
2018-10-20,11:21:35,9.0318866,-3.35020646,1.66444898,walking
2018-10-20,11:21:36,9.16261,-3.3782186,1.6424224,walking
2018-10-20,11:21:37,9.461885,-3.29442158,1.78248315,walking
2018-10-20,11:21:38,9.56603275,-3.60327362,1.32638776,walking
2018-10-20,11:21:39,9.3124871,-3.49385858,0.80564889,walking
2018-10-20,11:21:40,8.9100215,-3.04542455,0.16699557,walking
2018-10-20,11:21:41,9.4894185,-3.35307945,1.15161102,walking
2018-10-20,11:21:42,8.948329,-3.58292285,1.6891093,walking
2018-10-20,11:21:43,9.8813492,-3.56376928,1.9393034,walking
2018-10-20,11:21:44,8.76996088,-3.70981552,1.98479318,walking
2018-10-20,11:21:45,8.930372,-3.29801285,1.851915,walking
2018-10-20,11:21:46,8.9567085,-3.33033458,1.90339038,walking
2018-10-20,11:21:47,9.0395478,-3.62410316,1.93834571,walking
2018-10-20,11:21:48,8.97705938,-3.47757795,1.77530058,walking
2018-10-20,11:21:49,8.876503,-3.47398662,1.79086287,walking
2018-10-20,11:21:50,9.7204585,-3.93965885,2.44447995,walking
2018-10-21,17:39:30,0.8535329,1.73978657,9.680955,walking
2018-10-21,17:39:31,0.51355626,1.75854115,9.67257525,walking
2018-10-21,17:39:32,0.35434186,1.5897499,9.716868,walking
2018-10-21,17:39:33,0.2777274,1.50475578,9.72764175,walking
2018-10-21,17:39:34,0.25019407,1.80139732,9.680955,walking
2018-10-21,17:39:35,0.18435353,1.68551795,9.65461875,walking
2018-10-21,17:39:36,4.5753196,-2.80809945,6.32877272,walking
2018-10-21,17:39:37,9.3948476,-2.35828858,1.18393272,walking
2018-10-21,17:39:38,9.6582098,-2.65229663,0.87340479,walking
2018-10-21,17:39:39,9.8688995,-5.40969877,2.09851781,walking
2018-10-21,17:39:40,11.20935325,-5.56053352,0.94092125,walking
2018-10-21,17:39:41,9.828198,-4.7034092,1.19710086,walking
2018-10-21,17:39:42,11.8778737,-5.28974928,-0.12210429,walking
2018-10-21,17:39:43,10.9148665,-4.47476298,0.57281275,walking
2018-10-21,17:39:44,9.90361525,-4.7668556,1.23181678,walking
2018-10-21,17:39:45,11.15189225,-4.8470612,0.54527942,walking
2018-10-21,17:39:46,9.752302,-4.42304832,1.01633862,walking
2018-10-21,17:39:47,9.83627832,-4.92247868,1.5275007,walking
2018-10-21,17:39:48,10.0804865,-4.92846425,0.96007488,walking
2018-10-21,17:39:49,9.47265888,-3.96599508,1.00556474,walking
2018-10-21,17:39:50,10.70016652,-5.06948262,1.23157733,walking
2018-10-21,17:39:51,9.59087268,-4.07612835,1.18393271,walking
2018-10-21,17:39:52,9.995792,-4.6435542,0.8379706,walking
2018-10-21,17:39:53,10.68502313,-4.75249032,1.10013564,walking
2018-10-21,17:39:54,9.00818392,-3.87908556,1.34937205,walking
2018-10-21,17:39:55,9.388862,-4.36462962,1.19231248,walking
2018-10-21,17:39:56,9.15782145,-4.58729062,0.79248078,walking
2018-10-21,17:39:57,10.562919,-4.50947897,1.01184948,walking
2018-10-21,17:39:58,9.4046638,-4.44124412,1.51600853,walking
2018-10-21,17:41:33,8.88847388,-4.75129325,1.45687178,walking
2018-10-21,17:41:34,-0.22266077,1.2545617,9.829395,walking
2018-10-21,17:41:35,-0.18435353,1.35392108,9.75158375,walking
2018-10-21,17:41:36,-0.1460463,1.40539642,9.74679525,walking
2018-10-21,17:41:37,-0.09935937,1.64481658,9.682152,walking
2018-10-21,17:41:38,0.39671922,1.66732204,9.7173467,walking
2018-10-21,17:41:39,0.25617958,1.7058687,9.7120795,walking
2018-10-21,17:41:40,0.23582886,1.75854113,9.691729,walking
2018-10-21,17:41:41,0.15921442,1.86987152,9.58279275,walking
2018-10-21,17:41:42,9.2332387,-5.41903622,2.17489272,walking
2018-10-21,17:41:43,10.941202,-5.2899887,-0.19093757,walking
2018-10-21,17:41:44,11.00794097,-5.23971048,0.9998785,walking
2018-10-21,17:41:45,12.24215175,-6.41765758,0.22565351,walking
2018-10-21,17:41:46,12.8403428,-4.90188866,0.18650833,walking
2018-10-21,17:41:47,12.03265932,-4.58250218,-0.65960258,walking
2018-10-21,17:41:48,13.01547882,-5.48990428,-0.12509704,walking
2018-10-21,17:41:49,11.020211,-4.0485952,-0.00658406,walking
2018-10-21,17:41:50,10.8828437,-4.76398258,0.4060566,walking
2018-10-21,17:41:51,9.72015958,-4.45201812,0.64164604,walking
2018-10-21,17:41:52,10.1223855,-5.08049595,0.69581486,walking
2018-10-21,17:41:53,9.66539238,-4.0318357,0.53779756,walking
2018-10-21,17:41:54,11.52149675,-3.96240378,0.48751932,walking
2018-10-21,17:41:55,10.5258684,-4.4211329,0.565271,walking
2018-10-21,17:41:56,9.995493,-4.9188874,1.18303494,walking
2018-10-21,17:41:57,10.85950025,-4.26167905,1.1851298,walking
2018-10-21,17:41:58,9.08120688,-4.13718062,0.43155483,walking
2018-10-21,17:41:59,10.4291425,-4.61266912,0.49536035,walking
2018-10-21,17:42:0,10.532991,-4.711789,0.82420391,walking
2018-10-21,17:42:1,10.901698,-4.95719472,1.08726686,walking
2018-10-21,17:42:2,11.10969425,-5.00627568,1.22223996,walking
2018-10-21,17:42:3,9.8930808,-4.17309358,1.18082033,walking
2018-10-21,17:43:43,8.35935535,-3.81635765,1.20907185,walking_up
2018-10-21,17:43:44,0.50397944,0.49320555,9.862914,walking_up
2018-10-21,17:43:45,0.45729252,0.44173021,9.83897212,walking_up
2018-10-21,17:43:46,0.51355627,0.55832785,9.8284377,walking_up
2018-10-21,17:43:47,0.50397947,0.5590461,9.87368825,walking_up
2018-10-21,17:43:48,0.48841714,0.53630118,9.85573138,walking_up
2018-10-21,17:43:49,0.48123454,0.5518635,9.84495738,walking_up
2018-10-21,17:43:50,0.49919106,0.52863974,9.8581257,walking_up
2018-10-21,17:43:51,0.85473001,0.86191262,9.115923,walking_up
2018-10-21,17:43:52,10.68292793,-5.8059391,0.93643212,walking_up
2018-10-21,17:43:53,10.30584138,-3.9647981,2.02549463,walking_up
2018-10-21,17:43:54,9.3768908,-3.74692562,1.5006856,walking_up
2018-10-21,17:43:55,9.7034005,-3.85346772,1.70467162,walking_up
2018-10-21,17:43:56,9.29189675,-3.75889672,0.92176765,walking_up
2018-10-21,17:43:57,10.579678,-3.66911412,0.59735334,walking_up
2018-10-21,17:43:58,8.83939265,-3.56017792,1.33476745,walking_up
2018-10-21,17:43:59,8.70364124,-3.973896,1.61656499,walking_up
2018-10-21,17:44:0,8.2061264,-4.07134,0.51475337,walking_up
2018-10-21,17:44:1,7.38970342,-4.13239222,0.48901568,walking_up
2018-10-21,17:44:2,9.39843875,-3.56257212,0.9864111,walking_up
2018-10-21,17:44:3,9.80593206,-3.17519034,0.96917286,walking_up
2018-10-21,17:44:4,10.12627625,-4.34068768,1.5406688,walking_up
2018-10-21,17:44:5,9.67856035,-3.75769958,1.32159935,walking_up
2018-10-21,17:44:6,10.72452737,-3.80199235,0.78410106,walking_up
2018-10-21,17:44:7,9.9543726,-3.41173736,1.01992994,walking_up
2018-10-21,17:44:8,9.7635545,-3.5098997,0.45429978,walking_up
2018-10-21,17:44:9,10.16937175,-4.0785227,1.24498484,walking_up
2018-10-21,17:44:10,10.01973438,-4.00310525,1.17914435,walking_up
2018-10-21,17:44:11,9.9170227,-3.74501034,0.95792008,walking_up
2018-10-21,17:44:12,8.8992476,-4.1347863,0.04608838,walking_up
2018-10-21,17:44:13,10.0137485,-3.5517983,-0.41569329,walking_up
2018-10-21,17:45:56,9.303469,-3.6176388,0.82360535,standing
2018-10-21,17:45:57,0.03112462,0.59136784,9.677363,standing
2018-10-21,17:45:58,0.16549919,1.02112699,9.69412275,standing
2018-10-21,17:45:59,3.46536762,-0.9919177,3.2111034,standing
2018-10-21,17:46:0,-0.05805939,-3.47757807,10.8669825,standing
2018-10-21,17:46:1,2.32955824,-5.43543638,9.0135705,standing
2018-10-21,17:46:2,2.77278491,-2.80271235,8.94623378,standing
2018-10-21,17:46:3,-0.10773908,-0.14891935,9.6764056,standing
2018-10-21,17:46:4,4.24821156,-2.07487507,5.87776504,standing
2018-10-21,17:46:5,9.05008262,-4.03183568,1.06302555,standing
2018-10-21,17:46:6,8.759187,-4.09887322,1.39581962,standing
2018-10-21,17:46:7,8.77474925,-4.16591102,1.66636435,standing
2018-10-21,17:46:8,8.10676714,-4.08474758,2.06763254,standing
2018-10-21,17:46:9,8.6322945,-4.2521024,1.91416423,standing
2018-10-21,17:46:10,8.69454362,-3.96719215,1.93212078,standing
2018-10-21,17:46:11,8.662222,-3.9863458,2.0003555,standing
2018-10-21,17:46:12,8.6545604,-3.99544372,1.97473756,standing
2018-10-21,17:46:13,8.663419,-3.9899371,1.9452889,standing
2018-10-21,17:46:14,8.67419287,-3.89177485,1.92613527,standing
2018-10-21,17:46:15,8.86692588,-3.7098155,0.78769237,standing
2018-10-21,17:46:16,8.9658064,-3.62290604,0.7891289,standing
2018-10-21,17:46:17,8.926781,-3.7780503,0.79607208,standing
2018-10-21,17:46:18,8.890868,-3.8582561,0.87268652,standing
2018-10-21,17:46:19,8.86932,-3.9025488,0.8655039,standing
2018-10-21,17:46:20,8.862377,-3.8833952,0.88968536,standing
2018-10-21,17:46:21,8.85016675,-3.9025488,0.9840169,standing
2018-10-21,17:46:22,8.75439875,-4.06655138,1.18512985,standing
2018-10-21,17:46:23,8.677784,-4.38138908,1.46525148,standing
2018-10-21,17:46:24,8.6957408,-4.24156782,1.3982138,standing
2018-10-21,17:46:25,8.69095225,-4.19105018,1.36828625,standing
2018-10-21,17:46:26,8.6562365,-4.23773735,1.39222828,standing
2018-10-21,17:47:45,8.659828,-4.2137952,1.412579,standing
2018-10-21,17:47:46,3.4500446,-4.0880995,8.24563,standing
2018-10-21,17:47:47,4.34308188,-2.02220258,7.41843403,standing
2018-10-21,17:47:48,1.62865568,-3.75889682,0.57251355,standing
2018-10-21,17:47:49,3.94205305,-1.03818565,12.13560962,standing
2018-10-21,17:47:50,-1.49039054,-2.69617045,7.41963134,standing
2018-10-21,17:47:51,2.08343442,0.32585068,6.5378465,standing
2018-10-21,17:47:52,-0.5662287,0.68653741,9.08479825,standing
2018-10-21,17:47:53,4.27604407,-2.23169519,5.2863973,standing
2018-10-21,17:47:54,9.3014735,-4.14915155,1.00556474,standing
2018-10-21,17:47:55,8.9907062,-3.3142934,3.0722396,standing
2018-10-21,17:47:56,8.46589715,-3.59249962,1.25815305,standing
2018-10-21,17:47:57,9.3577375,-2.9628246,0.39893384,standing
2018-10-21,17:47:58,9.0405055,-3.4727896,1.04267485,standing
2018-10-21,17:47:59,8.689037,-4.03830008,0.67899562,standing
2018-10-21,17:48:0,8.73674137,-4.1922471,0.65481418,standing
2018-10-21,17:48:1,8.74242725,-4.19583848,0.6787562,standing
2018-10-21,17:48:2,8.75798975,-4.19823268,0.66558808,standing
2018-10-21,17:48:3,8.7773828,-4.14651796,0.65409591,standing
2018-10-21,17:48:4,8.7903115,-4.1479545,0.7086837,standing
2018-10-21,17:48:5,8.7891145,-4.1335893,0.6931214,standing
2018-10-21,17:48:6,8.81066225,-4.0174706,0.688333,standing
2018-10-21,17:48:7,8.8204784,-4.04979228,0.6703765,standing
2018-10-21,17:48:8,8.8130565,-4.03782125,0.6907272,standing
2018-10-21,17:48:9,8.8070705,-4.03542718,0.6895301,standing
2018-10-21,17:48:10,8.808268,-4.0569749,0.688333,standing
2018-10-21,17:48:11,8.81784475,-4.0521865,0.66678518,standing
2018-10-21,17:48:12,8.8166476,-4.0354271,0.68282634,standing
2018-10-21,17:48:13,8.821436,-4.0904937,0.6715736,standing
2018-10-21,17:48:14,8.7951,-4.0426097,0.6943185,standing
2018-10-21,17:48:15,8.8046765,-4.05936912,0.6811504,standing
2018-10-21,18:45:53,8.792706,-4.00909075,0.6536171,running
2018-10-21,18:45:54,-0.4381389,0.33339257,8.7340477,running
2018-10-21,18:45:55,-0.04578911,1.2485762,9.15423,running
2018-10-21,18:45:56,-0.18794483,1.47722237,9.4307605,running
2018-10-21,18:45:57,-0.22816742,1.67809596,9.3637228,running
2018-10-21,18:45:58,-0.36272156,1.76452665,9.30027625,running
2018-10-21,18:45:59,-0.20709845,2.38103355,9.12430275,running
2018-10-21,18:46:0,-0.55186348,-0.92775314,9.52533125,running
2018-10-21,18:46:1,-0.46375687,0.38426938,9.5686662,running
2018-10-21,18:46:2,-0.49799395,0.79966338,9.487024,running
2018-10-21,18:46:3,-0.49081135,1.18991826,8.76636975,running
2018-10-21,18:46:4,13.69124238,-6.54694445,0.05805939,running
2018-10-21,18:46:5,9.334753,-4.24204654,0.57149592,running
2018-10-21,18:46:6,9.76834275,-4.44124428,0.58298812,running
2018-10-21,18:46:7,8.8920651,-5.01226127,0.68713588,running
2018-10-21,18:46:8,3.80079538,-9.04529392,-0.40132808,running
2018-10-21,18:46:9,7.55634,-7.18787232,1.23971764,running
2018-10-21,18:46:10,3.8600516,-8.46978772,1.20458275,running
2018-10-21,18:46:11,5.19781195,-8.07803642,0.48273092,running
2018-10-21,18:46:12,8.65982775,-13.32463005,1.62087451,running
2018-10-21,18:46:13,2.5613169,-6.72746764,1.79924254,running
2018-10-21,18:46:14,0.42975903,-3.18548535,0.82240829,running
2018-10-21,18:46:15,10.0400846,-13.83220082,1.99317288,running
2018-10-21,18:46:16,5.53240149,-6.55442615,2.03866274,running
2018-10-21,18:46:17,11.9793879,-14.93263632,0.32501285,running
2018-10-21,18:46:18,7.76559332,-17.9651318,2.82970694,running
2018-10-21,18:46:19,12.12663137,-6.6935894,2.36666838,running
2018-10-21,18:46:20,14.69740528,-11.65257945,1.68462015,running
2018-10-21,18:46:21,4.84945562,-11.33175668,4.18865584,running
2018-10-21,18:46:22,10.06259032,-14.54549386,1.77530054,running
2018-10-21,18:46:23,8.6759884,-8.24592975,1.08726685,running
2018-10-22,16:6:57,0.0676362,0.63805475,9.48103875,walking
2018-10-22,16:6:58,-0.25617958,0.53510408,9.61990225,walking
2018-10-22,16:6:59,-0.28850131,0.50397947,9.5887775,walking
2018-10-22,16:7:0,-0.15705963,0.6339846,9.479602,walking
2018-10-22,16:7:1,4.84855778,-6.4811039,1.11150816,walking
2018-10-22,16:7:2,10.89122325,-4.82072515,1.23181679,walking
2018-10-22,16:7:3,10.2316209,-4.19464138,1.72861367,walking
2018-10-22,16:7:4,10.378864,-3.43927078,1.35870948,walking
2018-10-22,16:7:5,10.14471156,-4.61482382,1.55575223,walking
2018-10-22,16:7:6,10.33457175,-3.65355185,1.47003985,walking
2018-10-22,16:7:7,9.6474356,-3.7804445,1.4018051,walking
2018-10-22,16:7:8,11.39640038,-3.10408252,1.74657016,walking
2018-10-22,16:7:9,9.38143986,-4.59471246,1.29047474,walking
2018-10-22,16:7:10,11.71482875,-3.80678073,1.36948341,walking
2018-10-22,16:7:11,9.9155865,-3.59489398,1.51104053,walking
2018-10-22,16:7:12,9.85692838,-3.39617508,1.6771383,walking
2018-10-22,16:7:13,9.5863836,-3.77302246,1.87753296,walking
2018-10-22,16:7:14,8.2192945,-3.43208813,1.8363527,walking
2018-10-22,16:7:15,9.9203749,-4.19583845,2.46004222,walking
2018-10-22,16:7:16,9.69531975,-4.06774873,2.2086511,walking
2018-10-22,16:7:17,9.12071125,-4.01747047,1.82318461,walking
2018-10-22,16:7:18,9.34409012,-3.57861334,1.74154234,walking
2018-10-22,16:7:19,9.16979258,-3.82114582,1.6986861,walking
2018-10-22,16:7:20,9.29189692,-3.56017798,1.15400522,walking
2018-10-22,16:7:21,9.437943,-3.6894649,1.43652101,walking
2018-10-22,16:7:22,9.5662724,-3.74429206,1.697489,walking
2018-10-22,16:7:23,9.67257475,-3.59130255,1.34314715,walking
2018-10-22,16:7:24,8.61074615,-3.5158852,1.13155959,walking
2018-10-22,16:7:25,8.77834062,-3.8043865,1.7492636,walking
2018-10-22,16:7:26,10.2060032,-3.37366964,1.5768212,walking
2018-10-22,16:45:20,11.018116,-3.9971197,1.9129672,walking
2018-10-22,16:45:21,-0.08738836,1.29406602,9.247604,walking
2018-10-22,16:45:22,-0.1484405,1.48081378,9.37928525,walking
2018-10-22,16:45:23,-0.16400282,1.09103769,9.4585332,walking
2018-10-22,16:45:24,-0.26815058,0.64404027,9.546879,walking
2018-10-22,16:45:25,0.85562781,-1.48530285,5.43334142,walking
2018-10-22,16:45:26,8.65982765,-5.49828405,0.49350483,walking
2018-10-22,16:45:27,9.1961288,-4.5207316,0.88082681,walking
2018-10-22,16:45:28,10.22563548,-4.93804093,1.25097035,walking
2018-10-22,16:45:29,8.87171445,-5.16070168,1.42455,walking
2018-10-22,16:45:30,9.97424452,-4.78600925,1.15161097,walking
2018-10-22,16:45:31,8.90499392,-4.61266894,1.41425494,walking
2018-10-22,16:45:32,9.63666175,-4.54898318,1.47243402,walking
2018-10-22,16:45:33,9.1530329,-4.7321398,1.48081371,walking
2018-10-22,16:45:34,8.98903032,-4.27484715,1.19261174,walking
2018-10-22,16:45:35,8.8666866,-4.7256754,0.85496944,walking
2018-10-22,16:45:36,9.15063875,-4.89135405,1.09774146,walking
2018-10-22,16:45:37,8.9710738,-4.4783543,0.73142862,walking
2018-10-22,16:45:38,9.46547625,-4.54060355,0.50068744,walking
2018-10-22,16:45:39,9.92971208,-4.65480694,0.95265285,walking
2018-10-22,16:45:40,8.36174925,-3.74213725,1.17914432,walking
2018-10-22,16:45:41,8.11754113,-4.7333368,1.55263978,walking
2018-10-22,16:45:42,9.6653922,-4.69742375,1.08457334,walking
2018-10-22,16:45:43,9.3852705,-4.67348162,0.42377371,walking
2018-10-22,16:45:44,10.4248328,-4.92487288,0.42137952,walking
2018-10-22,16:45:45,8.56884768,-4.4388498,1.21415951,walking
2018-10-22,16:45:46,9.48822175,-4.09169065,1.4305355,walking
2018-10-22,16:45:47,10.14782425,-4.09887335,1.23181675,walking
2018-10-22,16:45:48,9.1444139,-4.1702206,1.1384429,walking
2018-10-22,16:45:49,9.41639555,-4.55018035,1.39701671,walking
2018-10-22,16:45:50,9.5744129,-4.0677486,1.91775558,walking
2018-10-22,17:6:39,10.06881525,-4.17907905,0.8367735,sitting
2018-10-22,17:6:40,-1.0187328,-2.52947415,9.3134445,sitting
2018-10-22,17:6:41,-0.05925652,-3.2417491,7.19846678,sitting
2018-10-22,17:6:42,2.55551104,-3.91751244,1.57448692,sitting
2018-10-22,17:6:43,-2.2583308,-4.26886162,-2.7991208,sitting
2018-10-22,17:6:44,-2.04823953,-5.99053231,-2.01017175,sitting
2018-10-22,17:6:45,-1.07858785,-0.75926125,9.15303312,sitting
2018-10-22,17:6:46,-1.18632692,-6.37935038,7.73087758,sitting
2018-10-22,17:6:47,0.24450786,-5.32949287,8.3880855,sitting
2018-10-22,17:6:48,-1.55742818,-4.2987891,8.7196824,sitting
2018-10-22,17:6:49,-1.6065093,-4.38976855,8.68855812,sitting
2018-10-22,17:6:50,-1.6232687,-4.37181215,8.68017825,sitting
2018-10-22,17:6:51,-1.6256629,-4.40413395,8.69095225,sitting
2018-10-22,17:6:52,-1.63595796,-4.38593802,8.6861639,sitting
2018-10-22,17:6:53,-1.638831,-4.39216285,8.688558,sitting
2018-10-22,17:6:54,-1.66037888,-4.41610513,8.66701038,sitting
2018-10-22,17:6:55,-1.6448165,-4.41131665,8.68257262,sitting
2018-10-22,17:6:56,-1.64840782,-4.40652785,8.67778425,sitting
2018-10-22,17:6:57,-1.64936552,-4.4060494,8.6813758,sitting
2018-10-22,17:6:58,-1.661576,-4.45082118,8.65863063,sitting
2018-10-22,17:6:59,-1.6472107,-4.40892235,8.67658725,sitting
2018-10-22,17:7:0,-1.65798465,-4.4220907,8.67539,sitting
2018-10-22,17:7:1,-1.65798468,-4.40700718,8.676587,sitting
2018-10-22,17:7:2,-1.638831,-4.38737425,8.6825725,sitting
2018-10-22,17:7:3,-1.66157598,-4.4220906,8.6694045,sitting
2018-10-22,17:7:4,-1.66157598,-4.41251375,8.67658712,sitting
2018-10-22,17:7:5,-1.6551116,-4.41754172,8.6727562,sitting
2018-10-22,17:7:6,-1.6436194,-4.40772538,8.6813755,sitting
2018-10-22,17:7:7,-1.65678755,-4.40293675,8.67778425,sitting
2018-10-22,17:7:8,-1.6460136,-4.39216275,8.68017838,sitting
2018-10-22,17:7:9,-1.66756148,-4.42999164,8.667968,sitting
2018-10-22,17:38:29,-1.6460136,-4.41131675,8.674193,sitting
2018-10-22,17:38:30,-0.98481497,-2.40457663,9.27473867,sitting
2018-10-22,17:38:31,-0.78769235,-1.11599725,10.075998,sitting
2018-10-22,17:38:32,-3.6691142,-0.00778122,4.68156195,sitting
2018-10-22,17:38:33,-2.39946894,-5.19206598,-0.32632984,sitting
2018-10-22,17:38:34,0.83198513,-6.77050311,-3.18189396,sitting
2018-10-22,17:38:35,-2.54862775,-9.43824233,6.43202295,sitting
2018-10-22,17:38:36,-2.39899008,-5.23522143,7.69496425,sitting
2018-10-22,17:38:37,-1.82031156,-5.59501,7.83526448,sitting
2018-10-22,17:38:38,-1.8195933,-5.6982,7.7703817,sitting
2018-10-22,17:38:39,-1.827973,-5.73052173,7.75721365,sitting
2018-10-22,17:38:40,-1.8339585,-5.7436898,7.7667905,sitting
2018-10-22,17:38:41,-3.43496118,-8.91624668,3.53527822,sitting
2018-10-22,17:38:42,-2.99424838,-7.892486,4.1695023,sitting
2018-10-22,17:38:43,-1.2743139,-7.32266575,6.06690715,sitting
2018-10-22,17:38:44,-1.1145009,-7.1071877,6.72890395,sitting
2018-10-22,17:38:45,-1.09774147,-6.90487768,6.80551838,sitting
2018-10-22,17:38:46,-1.07356008,-7.06696522,6.79330796,sitting
2018-10-22,17:38:47,-1.07619367,-7.04493855,6.7911532,sitting
2018-10-22,17:38:48,-1.1061212,-7.04134735,6.7899561,sitting
2018-10-22,17:38:49,-1.05704008,-7.0664864,6.74446632,sitting
2018-10-22,17:38:50,-1.06494093,-6.92139776,7.0346433,sitting
2018-10-22,17:38:51,-0.5892729,-4.80546212,8.24084225,sitting
2018-10-22,17:38:52,-0.4563947,-4.9081135,8.42040725,sitting
2018-10-22,17:38:53,-0.67516488,-4.7285484,8.53532888,sitting
2018-10-22,17:38:54,-0.98258037,-4.32344954,8.690473,sitting
2018-10-22,17:38:55,-1.03668932,-4.2999864,8.70411975,sitting
2018-10-22,17:38:56,-1.04746327,-4.29878925,8.71369675,sitting
2018-10-22,17:38:57,-1.0618285,-4.29639515,8.72447075,sitting
2018-10-22,17:38:58,-2.41024284,-7.076542,6.22731852,sitting
2018-10-22,17:38:59,-2.48159005,-7.99872892,5.30315682,sitting
2018-10-27,9:52:48,0.29927522,-0.8702923,9.653421,standing
2018-10-27,9:52:49,0.28107928,-0.60693014,9.730036,standing
2018-10-27,9:52:50,0.19393034,-0.61530985,9.76475175,standing
2018-10-27,9:52:51,0.29328972,-0.37618894,9.71327625,standing
2018-10-27,9:52:52,0.2801216,-0.00658406,9.7144735,standing
2018-10-27,9:52:53,0.26958711,0.03303999,9.7903696,standing
2018-10-27,9:52:54,0.45130702,0.09337387,9.672575,standing
2018-10-27,9:52:55,0.44173021,0.16519992,9.72524725,standing
2018-10-27,9:52:56,0.82061261,0.13168109,8.79270562,standing
2018-10-27,9:52:57,9.0685178,-4.24324372,2.2610841,standing
2018-10-27,9:52:58,2.6084828,-1.52211375,6.7971386,standing
2018-10-27,9:52:59,-1.40419932,1.04147776,9.80066475,standing
2018-10-27,9:53:0,1.2910733,-1.80822087,0.4785415,standing
2018-10-27,9:53:1,2.22989966,-4.02495238,13.276147,standing
2018-10-27,9:53:2,3.9995141,-3.38947128,11.68777454,standing
2018-10-27,9:53:3,3.97317767,-1.00736035,17.57553532,standing
2018-10-27,9:53:4,4.15064786,-5.04578018,2.41964,standing
2018-10-27,9:53:5,8.22647713,-4.32033698,0.75896194,standing
2018-10-27,9:53:6,8.32727306,-4.40317636,1.50451635,standing
2018-10-27,9:53:7,7.15267765,-6.20457355,0.97922854,standing
2018-10-27,9:53:8,-2.14640178,-6.13514185,-6.43681135,standing
2018-10-27,9:53:9,-2.39300452,-7.2352776,-6.16267512,standing
2018-10-27,9:53:10,-0.60118406,-6.51773532,-6.49762412,standing
2018-10-27,9:53:11,8.94354062,-3.58771132,0.69431848,standing
2018-10-27,9:53:12,8.98244625,-3.64038375,0.69431849,standing
2018-10-27,9:53:13,8.92199275,-3.85705903,1.11689513,standing
2018-10-27,9:53:14,9.0472092,-3.99568322,1.33596456,standing
2018-10-27,9:53:15,8.950723,-3.87022708,1.44370363,standing
2018-10-27,9:53:16,8.9231895,-3.87980382,1.37187753,standing
2018-10-27,9:53:17,8.99142425,-3.98275455,1.3275848,standing
2018-10-27,9:54:29,8.853758,-3.9181111,1.39342545,standing
2018-10-27,9:54:30,-0.04189853,-0.8463503000000001,9.725247,standing
2018-10-27,9:54:31,-0.02663549,-0.65002578,9.67377225,standing
2018-10-27,9:54:32,3.72274429,-1.64984437,12.4103448,standing
2018-10-27,9:54:33,4.4651861,-0.82390472,10.10831968,standing
2018-10-27,9:54:34,0.49739548,0.61949962,7.1071876,standing
2018-10-27,9:54:35,-1.19350952,0.36152446,9.1458505,standing
2018-10-27,9:54:36,-0.77643962,-0.30573957,9.3393024,standing
2018-10-27,9:54:37,6.72890368,-7.81108308,-0.54468088,standing
2018-10-27,9:54:38,7.4723035,-5.07690463,3.66911405,standing
2018-10-27,9:54:39,9.21288775,-2.9065609,0.93044666,standing
2018-10-27,9:54:40,9.23682975,-2.46123933,0.63446346,standing
2018-10-27,9:54:41,9.2938122,-2.4207773,0.46447512,standing
2018-10-27,9:54:42,9.32302175,-2.39659585,0.79367784,standing
2018-10-27,9:54:43,9.289503,-2.4552538,1.13126035,standing
2018-10-27,9:54:44,9.32302175,-2.4756045,1.2138603,standing
2018-10-27,9:54:45,9.2495196,-2.45716916,1.38001786,standing
2018-10-27,9:54:46,9.23084525,-2.5462334,1.5466543,standing
2018-10-27,9:54:47,9.217677,-2.5163059,1.6938977,standing
2018-10-27,9:54:48,9.230845,-2.52588275,1.76213242,standing
2018-10-27,9:54:49,9.2294086,-2.49739172,1.7841591,standing
2018-10-27,9:54:50,9.22725375,-2.4588451,1.77530055,standing
2018-10-27,9:54:51,9.29189725,-2.4863784,1.8016368,standing
2018-10-27,9:54:52,9.23443625,-2.4624364,1.78966575,standing
2018-10-27,9:54:53,9.2009175,-2.4061728,1.8267759,standing
2018-10-27,9:54:54,9.2322814,-2.45429612,1.80905882,standing
2018-10-27,9:54:55,9.26316675,-2.38821625,1.8112136,standing
2018-10-27,9:54:56,9.1542305,-2.3666684,1.8171991,standing
2018-10-27,9:54:57,9.24880125,-2.48757553,1.8183962,standing
2018-10-27,9:54:58,9.2686734,-2.46483062,1.778413,standing
2018-10-27,9:54:59,9.26196975,-2.40497558,1.75135852,standing
2018-10-30,1:0:13,-0.8415619000000001,1.6304513,10.14543,laying
2018-10-30,1:0:14,1.38175368,0.62758016,9.4786445,laying
2018-10-30,1:0:15,0.0341174,-2.23977569,9.0153665,laying
2018-10-30,1:0:16,-0.55335987,-2.90536374,9.00698675,laying
2018-10-30,1:0:17,-0.62416838,-2.2843078,9.4300421,laying
2018-10-30,1:0:18,-1.18034145,-2.39539882,9.49420675,laying
2018-10-30,1:0:19,-2.68988562,-5.64911875,7.66503675,laying
2018-10-30,1:0:20,-2.5594016,-6.266823,-6.13274768,laying
2018-10-30,1:0:21,-0.78769237,-3.11126505,-8.77594638,laying
2018-10-30,1:0:22,0.85808189,-7.74883378,-5.2224719,laying
2018-10-30,1:0:23,0.85024092,-0.27593178,6.52360125,laying
2018-10-30,1:0:24,5.78199702,-1.9063831,4.53282242,laying
2018-10-30,1:0:25,11.78276458,-8.31745675,3.3315321,laying
2018-10-30,1:0:26,14.04151434,-11.85824136,9.8519009,laying
2018-10-30,1:0:27,8.4012538,-7.42082816,-1.26353993,laying
2018-10-30,1:0:28,-6.54933882,-7.26999343,1.72502225,laying
2018-10-30,1:0:29,-1.78876793,-3.96599507,9.02135175,laying
2018-10-30,1:0:30,4.47452359,-4.74171642,5.15687102,laying
2018-10-30,1:0:31,9.18176365,-2.64080457,0.13796591,laying
2018-10-30,1:0:32,3.87172338,-5.01226135,5.94240868,laying
2018-10-30,1:0:33,-2.85867685,-3.49673162,7.20894132,laying
2018-10-30,1:0:34,-2.21296062,-5.37306744,5.61464232,laying
2018-10-30,1:0:35,-1.875857,-9.184158,2.78445655,laying
2018-10-30,1:0:36,-1.88184253,-9.22366225,2.7712884,laying
2018-10-30,1:0:37,-1.14083718,-7.93199038,5.03620323,laying
2018-10-30,1:0:38,-0.24253263,-4.68473436,8.49726134,laying
2018-10-30,1:0:39,-1.44130938,-7.98945132,5.59644655,laying
2018-10-30,1:0:40,-1.4389153,-7.91882233,5.7185507,laying
2018-10-30,1:0:41,-1.48560212,-7.82784228,5.781997,laying
2018-10-30,1:0:42,-1.4698004,-7.76511426,5.8693853,laying
2018-10-30,1:0:43,-1.42574712,-7.7967178,5.93402905,laying
2018-10-30,1:0:44,-1.47961663,-7.75481915,5.90170713,laying
2018-10-30,1:0:45,-1.68432088,-7.44117905,6.16028092,laying
2018-10-30,1:0:46,-1.67282872,-6.8696828,6.90463832,laying
2018-10-30,1:0:47,-1.65678755,-6.51941135,7.25203685,laying
2018-10-30,1:0:48,-1.62686,-6.43322012,7.28316142,laying
2018-10-30,1:0:49,-1.6328455,-6.40688398,7.29992082,laying
2018-10-30,1:0:50,-1.6208745,-6.41047525,7.31787725,laying
2018-10-30,1:0:51,-1.62494464,-6.39946198,7.31261008,laying
2018-10-30,1:0:52,-1.6304513,-6.38892738,7.3190745,laying
2018-10-30,1:0:53,-1.6364368,-6.39012458,7.31548305,laying
2018-10-30,1:0:54,-1.6340426,-6.3973072,7.32386288,laying
2018-10-30,1:0:55,-1.62590232,-6.39850428,7.31165234,laying
2018-10-30,1:0:56,-1.6292542,-6.38413905,7.33343962,laying
2018-10-30,1:0:57,-1.6364368,-6.38533603,7.31069475,laying
2018-10-30,1:3:17,-1.6412252,-6.37216785,7.3298483,laying
2018-10-30,1:3:18,0.9888053,-1.1887212,9.694122,laying
2018-10-30,1:3:19,1.87286432,-2.74854361,11.6483895,laying
2018-10-30,1:3:20,1.60866414,-5.68407424,0.39360688,laying
2018-10-30,1:3:21,0.07691374,-3.73854598,6.8973958,laying
2018-10-30,1:3:22,-0.64374094,-4.78989965,5.32171189,laying
2018-10-30,1:3:23,-1.82857152,-6.2285157,4.4927196,laying
2018-10-30,1:3:24,-6.61877058,-0.5992687,1.86628022,laying
2018-10-30,1:3:25,-2.13443085,-8.55927108,4.59926163,laying
2018-10-30,1:3:26,-2.08415263,-9.59715775,2.33913507,laying
2018-10-30,1:3:27,-2.25294385,-6.09324313,7.20175865,laying
2018-10-30,1:3:28,-1.22343708,-1.59094704,9.5847075,laying
2018-10-30,1:3:29,-0.23104046,-3.4823664,9.4295635,laying
2018-10-30,1:3:30,-0.14604631,-3.85586182,9.174581,laying
2018-10-30,1:3:31,-0.17717093,-4.00310527,9.2535895,laying
2018-10-30,1:3:32,-0.16310499,-3.98993713,9.19493175,laying
2018-10-30,1:3:33,-1.3860033,-3.26209982,9.221986,laying
2018-10-30,1:3:34,-1.5801731,-3.3506854,9.16859525,laying
2018-10-30,1:3:35,-1.5574282,-3.39617518,9.1243025,laying
2018-10-30,1:3:36,-1.53468328,-3.3782186,9.1841575,laying
2018-10-30,1:3:37,-1.61297364,-3.31860306,9.2042686,laying
2018-10-30,1:3:38,-1.5981296,-3.29681562,9.19134,laying
2018-10-30,1:3:39,-1.5849615,-3.2980127,9.1937345,laying
2018-10-30,1:3:40,-1.5897499,-3.2836475,9.1817635,laying
2018-10-30,1:3:41,-1.58903164,-3.29274546,9.1918188,laying
2018-10-30,1:3:42,-1.5729905,-3.289633,9.20450825,laying
2018-10-30,1:3:43,-1.5741876,-3.28963318,9.19732525,laying
2018-10-30,1:3:44,-1.590947,-3.3279405,9.16620075,laying
2018-10-30,1:3:45,-1.57753948,-3.31381456,9.1717074,laying
2018-10-30,1:3:46,-1.5825673,-3.3243492,9.19134,laying
2018-10-30,1:3:47,-1.6112977,-3.3566709,9.167398,laying
2018-10-30,1:5:17,-1.6244658,-3.357868,9.0572645,sitting
2018-10-30,1:5:18,1.4508862,-1.2162545,9.679757,sitting
2018-10-30,1:5:19,1.15071322,-2.81318701,9.89583425,sitting
2018-10-30,1:5:20,0.63236852,-2.40168357,2.9870658,sitting
2018-10-30,1:5:21,0.03292019,-3.88130021,6.35181712,sitting
2018-10-30,1:5:22,-0.76045834,-3.55449175,6.23180775,sitting
2018-10-30,1:5:23,-0.08571239,-4.38833226,5.85382334,sitting
2018-10-30,1:5:24,-3.15196655,-5.25766698,6.40209543,sitting
2018-10-30,1:5:25,-3.78283873,-4.72376,6.95395867,sitting
2018-10-30,1:5:26,-0.30077159,-9.21169075,3.47907434,sitting
2018-10-30,1:5:27,0.24229321,-9.1008392,-2.9824571,sitting
2018-10-30,1:5:28,0.18315643,-9.181763,-3.31716652,sitting
2018-10-30,1:5:29,0.26216509,-9.238027,-3.05739555,sitting
2018-10-30,1:5:30,0.23463176,-9.25478625,-2.9891608,sitting
2018-10-30,1:5:31,0.17597383,-9.24999775,-3.0466216,sitting
2018-10-30,1:5:32,0.19728222,-9.3881438,-2.62141144,sitting
2018-10-30,1:5:33,0.22146366,-9.24880112,-3.08732315,sitting
2018-10-30,1:5:34,0.19153613,-9.14704725,-3.26808538,sitting
2018-10-30,1:5:35,-1.66397022,-9.49899525,-2.42053788,sitting
2018-10-30,1:5:36,-0.79942394,-8.8604618,-3.9497145,sitting
2018-10-30,1:5:37,-0.79966337,-8.96149675,-3.65714308,sitting
2018-10-30,1:5:38,-0.93613284,-8.99022725,-3.5350387,sitting
2018-10-30,1:5:39,-1.02232414,-8.916007,-3.61763875,sitting
2018-10-30,1:5:40,-1.1489774,-8.9380334,-3.61644168,sitting
2018-10-30,1:5:41,-1.14921685,-8.962694,-3.42131425,sitting
2018-10-30,1:5:42,-0.9864111,-9.012972,-3.4859576,sitting
2018-10-30,1:5:43,-0.91578216,-8.974665,-3.55658663,sitting
2018-10-30,1:5:44,-0.97276416,-8.9887906,-3.53695414,sitting
2018-10-30,1:5:45,-1.0223241,-8.96149675,-3.55538948,sitting
2018-10-30,1:5:46,-0.9947908,-8.938752,-3.5889084,sitting
2018-10-30,1:5:47,-0.9947908,-8.99022725,-3.56376925,sitting
