date,time,heart rate
2018-10-05,14:42:48.81,91.99695
2018-10-05,14:42:49.908,91.99695
2018-10-05,19:24:30.911,91.52906999999999
2018-10-05,19:24:32.011,91.52906999999999
2018-10-05,19:50:44.718,90.44916500000001
2018-10-05,19:50:45.822,89.174286
2018-10-05,19:50:46.922,86.45309
2018-10-05,19:50:48.013,84.96936
2018-10-05,19:50:49.145,84.03406
2018-10-05,19:50:50.253,82.86216
2018-10-05,19:50:51.344,79.80096400000001
2018-10-05,19:50:52.445,76.90419
2018-10-05,19:50:53.523,75.4558
2018-10-05,19:50:54.624,74.73161
2018-10-05,19:50:55.724,82.08887
2018-10-05,19:50:56.813,86.71722
2018-10-05,19:50:57.963,89.354095
2018-10-05,19:50:59.043,91.29729
2018-10-05,19:51:00.155,92.35766600000001
2018-10-05,19:51:01.264,93.12077
2018-10-05,19:51:02.344,93.60332
2018-10-05,19:51:03.423,93.84459
2018-10-05,19:51:04.573,94.16557
2018-10-05,19:51:05.666,94.326065
2018-10-05,19:51:06.753,94.19440999999999
2018-10-05,19:51:07.852,93.62196999999999
2018-10-05,19:51:08.977,90.9783
2018-10-05,19:51:10.043,89.65647
2018-10-05,19:51:11.183,88.99556
2018-10-05,19:51:12.271,90.44986
2018-10-05,19:51:13.388,91.610176
2018-10-05,19:51:14.463,99.44117
2018-10-05,19:51:32.366,105.9895
2018-10-05,19:51:33.464,111.54646000000001
2018-10-05,19:51:34.555,116.91196000000001
2018-10-05,19:51:35.694,119.59471
2018-10-05,19:52:32.46,107.45787
2018-10-05,19:52:33.56,97.16495
2018-10-05,19:52:34.661,91.002464
2018-10-05,19:52:35.751,87.427666
2018-10-05,19:52:36.832,84.87602
2018-10-05,19:52:37.946,82.24906999999999
2018-10-05,19:52:39.023,80.24797
2018-10-05,19:52:40.122,78.18918599999999
2018-10-05,19:52:41.269,76.481346
2018-10-05,19:52:42.356,75.627426
2018-10-05,19:52:43.462,75.20047
2018-10-05,19:52:44.564,80.2253
2018-10-05,19:52:45.632,87.99498
2018-10-05,19:52:46.731,93.87812
2018-10-05,19:52:47.831,98.06699
2018-10-05,19:52:48.931,100.35475
2018-10-05,19:52:50.061,101.49863
2018-10-05,19:52:51.161,102.07056999999999
2018-10-05,19:52:52.242,102.0843
2018-10-05,19:52:53.354,100.14456
2018-10-05,19:52:54.439,99.1747
2018-10-05,19:52:55.519,98.68975999999999
2018-10-19,23:29:00.171,110.007324
2018-10-19,23:29:01.25,111.89358500000002
2018-10-19,23:29:02.401,94.316376
2018-10-19,23:29:03.491,84.63363000000001
2018-10-19,23:29:04.593,79.30341999999999
2018-10-19,23:29:05.692,74.5672
2018-10-19,23:29:06.822,72.060135
2018-10-19,23:29:07.913,65.47057
2018-10-19,23:29:09.006,62.17579
2018-10-19,23:29:10.154,60.528397
2018-10-19,23:29:11.241,68.7137
2018-10-19,23:29:12.34,73.025475
2018-10-19,23:29:13.432,75.52733
2018-10-19,23:29:14.522,76.95065
2018-10-19,23:29:15.621,77.662315
2018-10-19,23:29:16.713,77.84575
2018-10-19,23:29:17.817,76.27239
2018-10-19,23:29:18.912,75.48572
2018-10-19,23:29:19.99,75.09238
2018-10-19,23:29:21.101,76.33798
2018-10-19,23:29:22.242,77.39336999999999
2018-10-19,23:29:23.322,77.92107
2018-10-19,23:29:24.432,78.18491
2018-10-19,23:29:25.524,76.65434
2018-10-19,23:29:26.61,74.58677
2018-10-19,23:29:27.71,73.53137
2018-10-19,23:29:28.79,72.72022
2018-10-19,23:29:29.889,72.31465
2018-10-19,23:29:31.072,71.97269
2018-10-19,23:29:32.179,71.801704
2018-10-19,23:29:33.272,71.85539
2018-10-19,23:29:34.366,72.03692
2018-10-19,23:29:35.46,72.98704000000001
2018-10-19,23:29:36.552,73.55024
2018-10-19,23:29:37.631,74.12109
2018-10-19,23:29:38.742,79.58923
2018-10-19,23:29:39.823,82.3233
2018-10-19,23:29:40.913,83.69034
2018-10-19,23:29:42.013,82.92821500000001
2018-10-19,23:29:43.102,81.860916
2018-10-19,23:29:44.194,80.24858
2018-10-19,23:29:45.292,78.88555
2018-10-19,23:29:46.4,77.416504
2018-10-19,23:29:47.524,76.58658
2018-10-19,23:29:48.628,75.49339
2018-10-19,23:29:49.712,74.0253
2018-10-19,23:29:50.812,73.29125
2018-10-19,23:29:51.903,72.924225
2018-10-19,23:29:52.99,72.966415
2018-10-19,23:29:54.09,76.91771
2018-10-20,11:21:21.05,78.89336
2018-10-20,11:21:22.149,79.88118
2018-10-20,11:21:23.241,79.46907
2018-10-20,11:21:24.34,78.84853000000001
2018-10-20,11:21:25.441,78.40907
2018-10-20,11:21:26.533,77.784515
2018-10-20,11:21:27.635,77.3741
2018-10-20,11:21:28.721,77.15434
2018-10-20,11:21:29.853,77.05901999999999
2018-10-20,11:21:30.951,77.10948
2018-10-20,11:21:32.05,88.00591
2018-10-20,11:21:33.14,93.88101999999999
2018-10-20,11:21:34.221,97.18954000000001
2018-10-20,11:21:35.327,98.843796
2018-10-20,11:21:36.411,99.67093
2018-10-20,11:21:37.521,100.8784
2018-10-20,11:21:38.611,102.21684
2018-10-20,11:21:39.69,102.88606
2018-10-20,11:21:40.802,103.22067
2018-10-20,11:21:41.896,103.23978000000001
2018-10-20,11:21:42.981,103.24933
2018-10-20,11:21:44.081,103.10539
2018-10-20,11:21:45.171,102.10469
2018-10-20,11:21:46.301,98.48214
2018-10-20,11:21:47.399,96.5981
2018-10-20,11:21:48.491,95.278725
2018-10-20,11:21:49.598,94.99638
2018-10-20,11:22:20.37,96.5721
2018-10-20,11:22:21.546,98.64479
2018-10-20,11:22:22.64,99.98056
2018-10-20,11:22:23.73,100.648445
2018-10-20,11:22:24.821,100.68297
2018-10-20,11:22:25.96,100.19556999999999
2018-10-20,11:22:27.099,99.20039
2018-10-20,11:22:28.201,98.23357
2018-10-20,11:22:29.291,97.75015
2018-10-20,11:22:30.392,97.22894000000001
2018-10-20,11:22:31.484,96.96834
2018-10-20,11:22:32.59,96.838036
2018-10-20,11:22:33.661,97.206436
2018-10-20,11:22:34.76,97.39063
2018-10-20,11:22:35.959,97.54451999999999
2018-10-20,11:22:37.041,97.667046
2018-10-20,11:22:38.149,97.72831
2018-10-21,17:39:30.499,96.44592
2018-10-21,17:39:31.61,95.71914
2018-10-21,17:39:32.69,94.461815
2018-10-21,17:39:33.8,93.04054000000001
2018-10-21,17:39:34.9,92.06459
2018-10-21,17:39:36.01,91.154945
2018-10-21,17:39:37.12,90.70012
2018-10-21,17:39:38.235,90.89438
2018-10-21,17:39:39.328,93.15603
2018-10-21,17:39:40.431,94.71515
2018-10-21,17:39:41.539,96.3634
2018-10-21,17:39:42.642,97.303894
2018-10-21,17:39:43.731,104.44057
2018-10-21,17:39:44.83,108.05995
2018-10-21,17:39:45.939,110.15306000000001
2018-10-21,17:39:47.039,111.68011499999999
2018-10-21,17:39:48.159,113.00388999999998
2018-10-21,17:39:49.27,114.56615
2018-10-21,17:39:50.349,115.347275
2018-10-21,17:39:51.461,115.73783999999999
2018-10-21,17:39:52.556,115.70213000000001
2018-10-21,17:39:53.676,115.38297
2018-10-21,17:39:54.77,115.1046
2018-10-21,17:39:55.87,114.89662
2018-10-21,17:39:56.969,114.79263
2018-10-21,17:39:58.119,114.61353999999999
2018-10-21,17:41:13.371,114.05245
2018-10-21,17:41:14.492,113.20608500000002
2018-10-21,17:41:15.589,112.59454
2018-10-21,17:41:16.68,112.28877
2018-10-21,17:41:17.841,112.32425
2018-10-21,17:41:18.998,112.0706
2018-10-21,17:41:20.091,111.94378
2018-10-21,17:41:21.199,106.482796
2018-10-21,17:41:34.758,103.75230400000001
2018-10-21,17:41:35.868,102.387054
2018-10-21,17:41:36.968,103.08697
2018-10-21,17:41:38.068,104.61546
2018-10-21,17:41:39.221,105.67871000000001
2018-10-21,17:41:40.32,106.21033
2018-10-21,17:41:41.419,106.17715
2018-10-21,17:41:42.522,105.47323
2018-10-21,17:41:43.631,104.474754
2018-10-21,17:41:44.735,102.39014399999999
2018-10-21,17:41:45.88,101.34784
2018-10-21,17:41:47.03,100.82669
2018-10-21,17:41:48.133,103.66075
2018-10-21,17:41:49.233,111.686745
2018-10-21,17:41:50.331,116.04198999999998
2018-10-21,17:41:51.429,118.21961
2018-10-21,17:41:52.54,119.308426
2018-10-21,17:41:53.693,119.85283000000001
2018-10-21,17:41:54.822,119.86072
2018-10-21,17:41:55.941,119.47301999999999
2018-10-21,17:41:57.041,118.0822
2018-10-21,17:41:58.131,116.752365
2018-10-21,17:41:59.23,115.75126999999999
2018-10-21,17:42:00.33,115.029976
2018-10-21,17:42:01.43,114.61
2018-10-21,17:42:02.558,114.20568
2018-10-21,17:42:03.697,113.77573000000001
2018-10-21,17:42:57.423,112.809875
2018-10-21,17:42:58.57,112.36030600000001
2018-10-21,17:42:59.684,110.89363
2018-10-21,17:43:45.046,109.39203
2018-10-21,17:43:46.136,108.623695
2018-10-21,17:43:47.236,107.956116
2018-10-21,17:43:48.437,107.62233
2018-10-21,17:43:49.56,107.45543
2018-10-21,17:43:50.654,102.31481
2018-10-21,17:43:51.738,92.6252
2018-10-21,17:43:52.838,87.780396
2018-10-21,17:43:53.948,85.29021999999999
2018-10-21,17:43:55.097,84.1129
2018-10-21,17:43:56.198,83.52425
2018-10-21,17:43:57.296,83.321915
2018-10-21,17:43:58.398,83.59091
2018-10-21,17:43:59.537,90.811325
2018-10-21,17:44:00.688,94.42154000000001
2018-10-21,17:44:01.827,96.22664
2018-10-21,17:44:02.93,95.43259
2018-10-21,17:44:04.039,95.03555
2018-10-21,17:44:05.126,94.837036
2018-10-21,17:44:06.288,94.75455500000001
2018-10-21,17:44:07.378,95.10306
2018-10-21,17:44:08.478,95.32028000000001
2018-10-21,17:44:09.579,96.04303
2018-10-21,17:44:10.693,96.82907
2018-10-21,17:44:11.878,97.85385
2018-10-21,17:44:13.028,98.36624
2018-10-21,17:44:25.402,99.55705
2018-10-21,17:44:26.481,99.455505
2018-10-21,17:44:27.591,99.204865
2018-10-21,17:44:28.779,99.079544
2018-10-21,17:45:57.7,97.59875500000001
2018-10-21,17:45:58.841,96.85835
2018-10-21,17:45:59.94,95.677216
2018-10-21,17:46:01.04,95.08665
2018-10-21,17:46:02.141,95.35197
2018-10-21,17:46:03.232,95.77904000000001
2018-10-21,17:46:04.34,96.43469
2018-10-21,17:46:05.431,96.93524000000001
2018-10-21,17:46:06.554,97.30972
2018-10-21,17:46:07.632,101.96401999999999
2018-10-21,17:46:08.742,104.29117
2018-10-21,17:46:09.832,105.45473999999999
2018-10-21,17:46:10.94,104.44006
2018-10-21,17:46:12.033,103.71664399999999
2018-10-21,17:46:13.127,103.234406
2018-10-21,17:46:14.244,102.379745
2018-10-21,17:46:15.332,101.952415
2018-10-21,17:46:16.432,101.738754
2018-10-21,17:46:17.522,102.02472
2018-10-21,17:46:18.632,102.16771
2018-10-21,17:46:19.723,102.2392
2018-10-21,17:46:20.823,102.05561999999999
2018-10-21,17:46:21.936,101.85469
2018-10-21,17:46:23.012,93.15654
2018-10-21,17:46:24.11,88.428085
2018-10-21,17:46:25.222,85.328964
2018-10-21,17:46:26.361,83.72970600000001
2018-10-21,17:47:27.432,82.93008
2018-10-21,17:47:28.532,82.53026
2018-10-21,17:47:29.635,84.8622
2018-10-21,17:47:30.741,86.46512
2018-10-21,17:47:31.822,87.53392
2018-10-21,17:47:32.923,88.023
2018-10-21,17:47:46.69,88.60503
2018-10-21,17:47:47.772,89.270615
2018-10-21,17:47:48.87,106.85531599999999
2018-10-21,17:47:49.98,116.2572
2018-10-21,17:47:51.083,121.02548
2018-10-21,17:47:52.162,124.31599399999999
2018-10-21,17:47:53.261,125.96126000000001
2018-10-21,17:47:54.372,126.78388999999999
2018-10-21,17:47:55.475,123.10608
2018-10-21,17:47:56.552,120.882034
2018-10-21,17:47:57.662,119.19778400000001
2018-10-21,17:47:58.762,118.92788999999999
2018-10-21,17:47:59.843,118.79293999999999
2018-10-21,17:48:00.962,118.153244
2018-10-21,17:48:02.045,117.83339
2018-10-21,17:48:03.133,116.15253999999999
2018-10-21,17:48:04.242,114.38248
2018-10-21,17:48:05.333,110.94697
2018-10-21,17:48:06.433,108.51633000000001
2018-10-21,17:48:07.535,96.663574
2018-10-21,17:48:08.673,90.7372
2018-10-21,17:48:09.772,87.774
2018-10-21,17:48:10.872,86.292404
2018-10-21,17:48:11.962,85.56875600000001
2018-10-21,17:48:13.052,85.206924
2018-10-21,17:48:14.162,84.96866999999999
2018-10-21,17:48:15.353,84.27116
2018-10-21,17:49:28.383,83.278984
2018-10-21,17:49:29.472,82.51913
2018-10-21,17:49:30.572,80.34314
2018-10-21,17:49:31.662,79.25515
2018-10-21,17:49:32.772,78.08423
2018-10-21,17:49:33.873,78.125694
2018-10-21,17:49:35.05,78.47737
2018-10-21,17:49:36.144,82.36385
2018-10-21,18:45:54.558,76.354996
2018-10-21,18:45:55.669,78.0437
2018-10-21,18:45:56.758,79.48549
2018-10-21,18:45:57.87,80.206375
2018-10-21,18:45:58.977,80.56681999999999
2018-10-21,18:46:00.059,80.71379
2018-10-21,18:46:01.162,80.10985600000001
2018-10-21,18:46:02.26,79.57426
2018-10-21,18:46:03.37,79.30646
2018-10-21,18:46:04.459,79.17256
2018-10-21,18:46:05.6,79.10560600000001
2018-10-21,18:46:06.71,80.22839
2018-10-21,18:46:07.81,81.42015
2018-10-21,18:46:08.9,85.54903
2018-10-21,18:46:10.013,89.20342
2018-10-21,18:46:11.15,92.73085
2018-10-21,18:46:12.24,95.49412
2018-10-21,18:46:13.34,98.26108
2018-10-21,18:46:14.452,100.374725
2018-10-21,18:46:15.543,101.43155
2018-10-21,18:46:16.64,101.95996
2018-10-21,18:46:17.749,90.890945
2018-10-21,18:46:18.838,85.125824
2018-10-21,18:46:19.949,82.18703000000001
2018-10-21,18:46:21.056,80.17197
2018-10-21,18:46:22.131,79.16444
2018-10-21,18:46:57.372,78.396935
2018-10-21,18:46:58.503,78.27691999999999
2018-10-21,18:46:59.582,78.21808
2018-10-21,18:47:00.682,77.9895
2018-10-21,18:47:01.769,78.15358
2018-10-21,18:47:02.869,78.23563
2018-10-22,16:04:49.062,0.0
2018-10-22,16:04:50.162,0.0
2018-10-22,16:04:51.263,0.0
2018-10-22,16:04:52.366,0.0
2018-10-22,16:04:53.501,0.0
2018-10-22,16:04:54.646,0.0
2018-10-22,16:04:55.748,0.0
2018-10-22,16:04:56.842,0.0
2018-10-22,16:04:57.935,0.0
2018-10-22,16:04:59.033,0.0
2018-10-22,16:05:00.123,0.0
2018-10-22,16:05:01.215,0.0
2018-10-22,16:05:02.326,0.0
2018-10-22,16:05:03.417,0.0
2018-10-22,16:05:04.506,0.0
2018-10-22,16:05:05.613,0.0
2018-10-22,16:05:06.713,0.0
2018-10-22,16:05:07.805,0.0
2018-10-22,16:05:08.894,0.0
2018-10-22,16:05:10.043,55.326027
2018-10-22,16:05:11.141,55.326027
2018-10-22,16:05:12.241,55.326027
2018-10-22,16:05:13.334,54.12936800000001
2018-10-22,16:05:14.437,53.531036
2018-10-22,16:05:15.564,53.231873
2018-10-22,16:05:16.663,53.626132999999996
2018-10-22,16:05:17.762,54.300014000000004
2018-10-22,16:06:15.385,54.821404
2018-10-22,16:06:16.476,54.80790699999999
2018-10-22,16:06:17.576,54.801155
2018-10-22,16:06:18.683,54.797782999999995
2018-10-22,16:06:19.763,54.796096999999996
2018-10-22,16:06:20.863,55.172630000000005
2018-10-22,16:06:21.953,55.409565
2018-10-22,16:06:23.093,59.959686
2018-10-22,16:06:24.193,75.48361
2018-10-22,16:06:25.293,84.08978
2018-10-22,16:06:57.27,90.20259
2018-10-22,16:06:58.36,90.97385
2018-10-22,16:06:59.442,91.49309000000001
2018-10-22,16:07:00.592,91.7527
2018-10-22,16:07:01.733,91.88251
2018-10-22,16:07:02.833,92.16121
2018-10-22,16:07:03.914,92.30057
2018-10-22,16:07:05.055,92.7036
2018-10-22,16:07:06.161,92.90512
2018-10-22,16:07:07.256,93.43695
2018-10-22,16:07:08.356,93.702866
2018-10-22,16:07:09.432,93.835815
2018-10-22,16:07:10.521,93.9023
2018-10-22,16:07:11.66,94.033585
2018-10-22,16:07:12.752,93.90784000000001
2018-10-22,16:07:13.86,93.676346
2018-10-22,16:07:14.947,75.98621999999999
2018-10-22,16:07:16.059,66.83877
2018-10-22,16:07:17.148,62.26504
2018-10-22,16:07:18.234,60.28057
2018-10-22,16:07:19.324,64.94221
2018-10-22,16:07:20.423,71.91367
2018-10-22,16:07:21.533,89.64007600000001
2018-10-22,16:07:22.612,99.53963
2018-10-22,16:07:23.7,104.48940999999999
2018-10-22,16:07:24.784,105.92793999999999
2018-10-22,16:07:25.942,98.0397
2018-10-22,16:08:32.406,93.18443
2018-10-22,16:08:33.518,90.75679000000001
2018-10-22,16:08:34.593,90.45413
2018-10-22,16:08:35.692,96.79753000000001
2018-10-22,16:08:36.792,101.10251
2018-10-22,16:45:21.201,104.73114
2018-10-22,16:45:22.291,107.05542
2018-10-22,16:45:23.391,108.21756
2018-10-22,16:45:24.491,108.79863
2018-10-22,16:45:25.638,106.71965
2018-10-22,16:45:26.723,101.77869
2018-10-22,16:45:27.814,99.08171
2018-10-22,16:45:28.91,97.73321999999999
2018-10-22,16:45:30.05,97.28546999999999
2018-10-22,16:45:31.142,96.86998
2018-10-22,16:45:32.233,96.89779
2018-10-22,16:45:33.341,97.97936999999999
2018-10-22,16:45:34.422,98.67041
2018-10-22,16:45:35.518,99.811386
2018-10-22,16:45:36.623,104.85745
2018-10-22,16:45:37.703,107.93831000000002
2018-10-22,16:45:38.812,109.974655
2018-10-22,16:45:39.891,110.99283
2018-10-22,16:45:41.033,112.4268
2018-10-22,16:45:42.132,113.1438
2018-10-22,16:45:43.233,113.50228999999999
2018-10-22,16:45:44.324,113.42378000000001
2018-10-22,16:45:45.465,113.24348
2018-10-22,16:45:46.55,113.06526000000001
2018-10-22,16:45:47.709,112.80423
2018-10-22,16:45:48.794,112.62057
2018-10-22,16:45:49.88,112.41761000000001
2018-10-22,16:45:50.971,110.29335
2018-10-22,16:46:46.368,106.59241999999999
2018-10-22,16:46:47.514,105.9756
2018-10-22,16:46:48.643,105.56355
2018-10-22,16:46:49.756,105.35753000000001
2018-10-22,16:46:50.867,106.37096000000001
2018-10-22,16:46:51.945,106.87767
2018-10-22,16:46:53.042,107.52841000000001
2018-10-22,16:46:54.125,108.68053400000001
2018-10-22,16:46:55.216,109.37567
2018-10-22,16:46:56.317,109.72323600000001
2018-10-22,16:46:57.405,109.89702
2018-10-22,16:46:58.502,109.48341
2018-10-22,16:46:59.593,109.1715
2018-10-22,16:47:00.683,108.46942
2018-10-22,16:47:01.792,107.44475
2018-10-22,16:47:02.884,105.012955
2018-10-22,16:47:03.979,103.778366
2018-10-22,17:06:40.582,102.79253
2018-10-22,17:06:41.682,100.56485
2018-10-22,17:06:42.762,99.45102
2018-10-22,17:06:43.864,98.894104
2018-10-22,17:06:44.961,101.55781999999999
2018-10-22,17:06:46.049,103.416214
2018-10-22,17:06:47.144,104.34541
2018-10-22,17:06:48.245,104.28348000000001
2018-10-22,17:06:49.325,103.7401
2018-10-22,17:06:50.433,102.64556999999999
2018-10-22,17:06:51.527,100.37469
2018-10-22,17:06:52.667,98.84694
2018-10-22,17:06:53.745,98.04848
2018-10-22,17:06:54.855,97.33411
2018-10-22,17:06:55.945,95.04315
2018-10-22,17:06:57.035,92.81871
2018-10-22,17:06:58.136,90.761475
2018-10-22,17:06:59.235,89.254486
2018-10-22,17:07:00.305,87.07868
2018-10-22,17:07:01.405,85.05358000000001
2018-10-22,17:07:02.545,83.46576
2018-10-22,17:07:03.645,82.40524
2018-10-22,17:07:04.734,80.92849
2018-10-22,17:07:05.904,79.76812
2018-10-22,17:07:06.995,79.187935
2018-10-22,17:07:08.105,79.17791
2018-10-22,17:07:09.241,79.31482
2018-10-22,17:08:24.372,79.95585
2018-10-22,17:08:25.464,81.24625999999999
2018-10-22,17:08:26.63,81.891464
2018-10-22,17:08:27.7,82.214066
2018-10-22,17:38:30.432,82.456024
2018-10-22,17:38:31.532,82.727325
2018-10-22,17:38:32.632,83.81024000000001
2018-10-22,17:38:33.713,84.68058
2018-10-22,17:38:34.824,93.3253
2018-10-22,17:38:35.905,97.84883
2018-10-22,17:38:37.046,101.4727
2018-10-22,17:38:38.138,103.4147
2018-10-22,17:38:39.235,104.488525
2018-10-22,17:38:40.325,108.80179
2018-10-22,17:38:41.435,110.95841999999999
2018-10-22,17:38:42.514,112.036736
2018-10-22,17:38:43.624,105.41533000000001
2018-10-22,17:38:44.714,102.02606
2018-10-22,17:38:45.805,100.32904
2018-10-22,17:38:46.904,94.60624
2018-10-22,17:38:47.994,91.74484
2018-10-22,17:38:49.133,90.208145
2018-10-22,17:38:50.235,89.43980400000001
2018-10-22,17:38:51.315,86.723045
2018-10-22,17:38:52.411,84.57029
2018-10-22,17:38:53.565,83.080246
2018-10-22,17:38:54.695,81.80595
2018-10-22,17:38:55.789,81.16879
2018-10-22,17:38:56.897,80.85022
2018-10-22,17:38:57.985,81.22150400000001
2018-10-22,17:38:59.08,83.12469
2018-10-22,17:39:24.377,84.07628000000001
2018-10-27,09:52:48.797,84.4234
2018-10-27,09:52:49.907,83.14737
2018-10-27,09:52:50.987,81.56666
2018-10-27,09:52:52.087,80.48255
2018-10-27,09:52:53.175,79.9405
2018-10-27,09:52:54.29,79.96323000000001
2018-10-27,09:52:55.358,80.09654
2018-10-27,09:52:56.46,81.829285
2018-10-27,09:52:57.6,89.47973
2018-10-27,09:52:58.7,93.30495
2018-10-27,09:52:59.78,95.21755999999999
2018-10-27,09:53:00.927,96.05131999999999
2018-10-27,09:53:02.019,96.43739000000001
2018-10-27,09:53:03.158,95.48573
2018-10-27,09:53:04.249,94.538635
2018-10-27,09:53:05.35,94.06509399999999
2018-10-27,09:53:06.495,93.80722
2018-10-27,09:53:07.569,93.52609
2018-10-27,09:53:08.67,93.53772
2018-10-27,09:53:09.767,95.14513000000001
2018-10-27,09:53:10.86,96.242615
2018-10-27,09:53:11.942,96.80464
2018-10-27,09:53:13.057,97.08566
2018-10-27,09:53:14.172,97.21288
2018-10-27,09:53:15.269,97.18356
2018-10-27,09:53:16.35,97.16891
2018-10-27,09:53:17.501,97.161575
2018-10-27,09:54:12.369,97.98982
2018-10-27,09:54:13.47,99.00865999999999
2018-10-27,09:54:14.55,99.51808
2018-10-27,09:54:15.65,99.77279
2018-10-27,09:54:16.789,99.76241
2018-10-27,09:54:17.891,98.45699
2018-10-27,09:54:31.038,94.196915
2018-10-27,09:54:32.138,93.48691
2018-10-27,09:54:33.238,93.32096999999999
2018-10-27,09:54:34.329,108.31398
2018-10-27,09:54:35.429,115.81048600000001
2018-10-27,09:54:36.523,119.55873999999999
2018-10-27,09:54:37.64,119.5339
2018-10-27,09:54:38.71,119.52148000000001
2018-10-27,09:54:39.789,114.17433999999999
2018-10-27,09:54:40.88,111.20206499999999
2018-10-27,09:54:41.984,108.37765
2018-10-27,09:54:43.076,99.97336
2018-10-27,09:54:44.17,95.57089
2018-10-27,09:54:45.26,93.18947
2018-10-27,09:54:46.36,91.89909
2018-10-27,09:54:47.45,91.25391
2018-10-27,09:54:48.531,90.93132
2018-10-27,09:54:49.631,94.74663000000001
2018-10-27,09:54:50.72,96.65428
2018-10-27,09:54:51.821,97.60811
2018-10-27,09:54:52.901,97.730576
2018-10-27,09:54:53.997,97.238754
2018-10-27,09:54:55.141,96.190475
2018-10-27,09:54:56.248,94.95674
2018-10-27,09:54:57.331,94.217575
2018-10-27,09:54:58.428,93.84799
2018-10-27,09:54:59.595,93.503204
2018-10-27,09:55:59.369,93.33081
2018-10-27,09:56:00.513,93.24461
2018-10-27,09:56:01.61,91.53097
2018-10-27,09:56:02.764,90.67415
2018-10-27,09:56:03.83,90.245735
2018-10-27,09:56:04.927,91.21637
2018-10-27,09:56:06.019,95.224335
2018-10-27,10:22:06.797,104.003876
2018-10-27,10:22:07.897,105.90907
2018-10-27,10:22:08.988,107.17995
2018-10-27,10:22:10.079,107.81538400000001
2018-10-27,10:22:11.19,107.90398
2018-10-27,10:22:12.319,107.94827
2018-10-27,10:22:13.429,107.558945
2018-10-27,10:22:14.518,106.78643999999998
2018-10-27,10:22:15.61,105.419334
2018-10-27,10:22:16.71,104.14563000000001
2018-10-27,10:22:17.79,103.42551
2018-10-27,10:22:18.939,103.03174
2018-10-27,10:22:20.04,102.834854
2018-10-27,10:22:21.137,101.06218
2018-10-27,10:22:22.215,99.78832
2018-10-27,10:22:23.334,96.634834
2018-10-27,10:22:24.419,95.05809
2018-10-27,10:22:25.5,94.26971400000001
2018-10-27,10:22:26.6,93.875534
2018-10-27,10:22:27.69,91.90682
2018-10-27,10:22:28.786,88.94049
2018-10-27,10:22:29.929,86.88271999999999
2018-10-27,10:22:31.032,85.853836
2018-10-27,10:22:32.12,85.339386
2018-10-27,10:22:33.22,85.960236
2018-10-27,10:22:34.309,87.06097
2018-10-27,10:22:35.483,0.0
2018-10-27,10:22:56.361,0.0
2018-10-27,10:22:57.462,0.0
2018-10-27,10:22:58.544,0.0
2018-10-27,10:22:59.649,0.0
2018-10-27,10:23:00.732,0.0
2018-10-27,18:56:00.691,0.0
2018-10-27,18:56:01.801,0.0
2018-10-27,18:56:02.912,0.0
2018-10-27,18:56:04.012,0.0
2018-10-27,18:56:05.113,0.0
2018-10-27,18:56:06.212,0.0
2018-10-27,18:56:18.793,0.0
2018-10-27,18:56:19.902,0.0
2018-10-27,18:56:33.801,0.0
2018-10-27,18:56:34.911,0.0
2018-10-30,01:00:14.125,0.0
2018-10-30,01:00:15.217,0.0
2018-10-30,01:00:16.318,0.0
2018-10-30,01:00:17.418,0.0
2018-10-30,01:00:18.509,0.0
2018-10-30,01:00:19.608,0.0
2018-10-30,01:00:20.706,0.0
2018-10-30,01:00:21.788,0.0
2018-10-30,01:00:22.888,0.0
2018-10-30,01:00:23.986,0.0
2018-10-30,01:00:25.068,0.0
2018-10-30,01:00:26.168,0.0
2018-10-30,01:00:27.267,0.0
2018-10-30,01:00:28.345,128.27199
2018-10-30,01:00:29.445,128.27199
2018-10-30,01:00:30.535,128.27199
2018-10-30,01:00:31.636,128.27199
2018-10-30,01:00:32.738,128.27199
2018-10-30,01:00:33.819,128.40668
2018-10-30,01:00:34.927,128.47403
2018-10-30,01:00:36.018,128.20963
2018-10-30,01:00:37.118,127.99632
2018-10-30,01:00:38.214,124.78761000000002
2018-10-30,01:00:39.295,121.6221
2018-10-30,01:00:40.389,117.20392
2018-10-30,01:00:41.478,114.991005
2018-10-30,01:00:42.584,113.88455
2018-10-30,01:00:43.678,113.33131999999999
2018-10-30,01:00:44.779,115.29728999999999
2018-10-30,01:00:45.865,116.464615
2018-10-30,01:00:46.948,117.04828
2018-10-30,01:00:48.058,117.15576999999999
2018-10-30,01:00:49.148,102.43924
2018-10-30,01:00:50.288,95.0128
2018-10-30,01:00:51.368,91.19601999999999
2018-10-30,01:00:52.479,89.28763000000001
2018-10-30,01:00:53.572,88.505165
2018-10-30,01:00:54.67,89.52917
2018-10-30,01:00:55.758,91.88945
2018-10-30,01:00:56.839,93.42229
2018-10-30,01:01:19.306,111.83728
2018-10-30,01:03:18.709,120.03368999999999
2018-10-30,01:03:19.843,124.1319
2018-10-30,01:03:20.942,125.57986499999998
2018-10-30,01:03:22.022,126.30385
2018-10-30,01:03:23.138,127.266975
2018-10-30,01:03:24.214,133.87349
2018-10-30,01:03:25.317,137.17674
2018-10-30,01:03:26.445,138.82837
2018-10-30,01:03:27.553,131.94585
2018-10-30,01:03:28.675,124.81206
2018-10-30,01:03:29.735,120.06936
2018-10-30,01:03:30.835,116.91283
2018-10-30,01:03:31.926,114.77181999999999
2018-10-30,01:03:33.007,112.922775
2018-10-30,01:03:34.111,111.889725
2018-10-30,01:03:35.205,110.11501000000001
2018-10-30,01:03:36.295,109.22766000000001
2018-10-30,01:03:37.395,108.78398
2018-10-30,01:03:38.485,114.09069
2018-10-30,01:03:39.586,124.04283000000001
2018-10-30,01:03:40.678,133.59116
2018-10-30,01:03:41.764,138.36533
2018-10-30,01:03:42.845,140.75241
2018-10-30,01:03:43.954,141.08646000000002
2018-10-30,01:03:45.036,139.87051
2018-10-30,01:03:46.133,137.61037
2018-10-30,01:03:47.295,0.0
2018-10-30,01:04:34.344,133.68777
2018-10-30,01:05:18.822,132.11563
2018-10-30,01:05:19.922,132.69846
2018-10-30,01:05:21.003,133.66486
2018-10-30,01:05:22.093,134.85613999999998
2018-10-30,01:05:23.205,135.45642
2018-10-30,01:05:24.296,135.75656
2018-10-30,01:05:25.374,136.18967
2018-10-30,01:05:26.465,138.46194
2018-10-30,01:05:27.564,140.06985
2018-10-30,01:05:28.672,140.87381000000002
2018-10-30,01:05:29.745,141.10043000000002
2018-10-30,01:05:30.844,141.13065
2018-10-30,01:05:31.944,141.22885
2018-10-30,01:05:33.035,141.27795
2018-10-30,01:05:34.125,141.66748
2018-10-30,01:05:35.265,142.33252
2018-10-30,01:05:36.355,142.66504
2018-10-30,01:05:37.435,142.36102
2018-10-30,01:05:38.535,142.20901
2018-10-30,01:05:39.634,142.18872
2018-10-30,01:05:40.725,142.17856
2018-10-30,01:05:41.806,142.21149
2018-10-30,01:05:42.915,142.63523999999998
2018-10-30,01:05:44.007,143.03285
2018-10-30,01:05:45.084,143.51657
2018-10-30,01:05:46.185,143.76166
2018-10-30,01:05:47.275,143.95978
2018-10-30,01:06:50.312,144.1391
