0.0,2019-01-14 17:10:28.408
0.0,2019-01-14 17:10:29.514
0.0,2019-01-14 17:10:30.644
0.0,2019-01-14 17:10:31.754
0.0,2019-01-14 17:10:32.851
0.0,2019-01-14 17:10:36.745
0.0,2019-01-14 17:10:38.406
0.0,2019-01-14 17:10:39.519
0.0,2019-01-14 17:10:40.64
0.0,2019-01-14 17:10:41.77
0.0,2019-01-14 17:10:43.263
0.0,2019-01-14 17:10:44.363
0.0,2019-01-14 17:10:45.483
0.0,2019-01-14 17:10:46.603
0.0,2019-01-14 17:10:47.705
0.0,2019-01-14 17:10:48.833
0.0,2019-01-14 17:10:49.962
0.0,2019-01-14 17:10:51.102
0.0,2019-01-14 17:10:52.224
0.0,2019-01-14 17:10:53.306
0.0,2019-01-14 17:10:54.416
0.0,2019-01-14 17:10:55.526
0.0,2019-01-14 17:10:56.645
0.0,2019-01-14 17:10:57.754
0.0,2019-01-14 17:10:58.865
0.0,2019-01-14 17:11:00.031
0.0,2019-01-14 17:11:01.145
0.0,2019-01-14 17:11:02.265
0.0,2019-01-14 17:11:03.375
0.0,2019-01-14 17:11:04.485
0.0,2019-01-14 17:11:05.636
0.0,2019-01-14 17:11:06.745
0.0,2019-01-14 17:11:07.906
0.0,2019-01-14 17:11:09.016
0.0,2019-01-14 17:11:10.138
0.0,2019-01-14 17:11:11.245
0.0,2019-01-14 17:11:12.373
0.0,2019-01-14 17:11:13.485
0.0,2019-01-14 17:11:14.586
0.0,2019-01-14 17:11:15.706
0.0,2019-01-14 17:11:16.816
0.0,2019-01-14 17:11:17.936
0.0,2019-01-14 17:11:19.057
0.0,2019-01-14 17:11:20.159
0.0,2019-01-14 17:11:21.283
0.0,2019-01-14 17:11:22.408
0.0,2019-01-14 17:11:23.557
0.0,2019-01-14 17:11:24.658
0.0,2019-01-14 17:11:25.781
0.0,2019-01-14 17:11:26.946
0.0,2019-01-14 17:11:28.057
0.0,2019-01-14 17:11:29.176
0.0,2019-01-14 17:11:30.289
0.0,2019-01-14 17:11:31.405
0.0,2019-01-14 17:11:32.529
0.0,2019-01-14 17:11:33.616
0.0,2019-01-14 17:11:34.735
0.0,2019-01-14 17:11:35.845
0.0,2019-01-14 17:11:36.966
0.0,2019-01-14 17:11:38.085
0.0,2019-01-14 17:11:39.195
0.0,2019-01-14 17:11:40.316
0.0,2019-01-14 17:11:41.417
0.0,2019-01-14 17:11:42.543
0.0,2019-01-14 17:11:43.646
0.0,2019-01-14 17:11:44.766
0.0,2019-01-14 17:11:45.926
0.0,2019-01-14 17:11:47.036
0.0,2019-01-14 17:11:48.156
0.0,2019-01-14 17:11:49.266
0.0,2019-01-14 17:11:50.386
0.0,2019-01-14 17:11:51.507
0.0,2019-01-14 17:11:52.676
0.0,2019-01-14 17:11:53.776
0.0,2019-01-14 17:11:54.886
0.0,2019-01-14 17:11:56.006
0.0,2019-01-14 17:11:57.126
0.0,2019-01-14 17:11:58.246
0.0,2019-01-14 17:11:59.352
0.0,2019-01-14 17:12:00.516
0.0,2019-01-14 17:12:01.626
0.0,2019-01-14 17:12:02.746
0.0,2019-01-14 17:12:03.876
0.0,2019-01-14 17:12:04.975
0.0,2019-01-14 17:12:06.099
0.0,2019-01-14 17:12:07.198
0.0,2019-01-14 17:12:08.316
0.0,2019-01-14 17:12:09.435
0.0,2019-01-14 17:12:10.556
0.0,2019-01-14 17:12:11.667
0.0,2019-01-14 17:12:12.786
63.25052,2019-01-14 17:12:13.886
63.25052,2019-01-14 17:12:15.006
63.25052,2019-01-14 17:12:16.125
61.955097,2019-01-14 17:12:17.245
61.233852,2019-01-14 17:12:18.356
59.745544,2019-01-14 17:12:19.476
56.283104,2019-01-14 17:12:20.576
54.52984,2019-01-14 17:12:21.689
53.11451,2019-01-14 17:12:22.807
52.388615,2019-01-14 17:12:23.93
51.64508,2019-01-14 17:12:25.051
49.807236,2019-01-14 17:12:26.145
48.333122,2019-01-14 17:12:27.266
47.596066,2019-01-14 17:12:28.376
47.37639,2019-01-14 17:12:29.495
47.266552,2019-01-14 17:12:30.606
47.49145,2019-01-14 17:12:31.736
50.19696,2019-01-14 17:12:32.846
52.23449,2019-01-14 17:12:33.956
53.253258,2019-01-14 17:12:35.066
53.093613,2019-01-14 17:12:36.235
52.99804,2019-01-14 17:12:37.356
52.810364,2019-01-14 17:12:38.466
52.395702,2019-01-14 17:12:39.566
51.99554,2019-01-14 17:12:40.686
51.98829,2019-01-14 17:12:41.796
52.30549,2019-01-14 17:12:42.916
66.53089,2019-01-14 17:12:44.028
73.64359,2019-01-14 17:12:45.157
77.19994,2019-01-14 17:12:46.259
77.82083,2019-01-14 17:12:47.383
77.97291,2019-01-14 17:12:48.508
70.43138,2019-01-14 17:12:49.606
66.660614,2019-01-14 17:12:50.726
64.77523,2019-01-14 17:12:51.826
64.01496,2019-01-14 17:12:52.946
64.15042,2019-01-14 17:12:54.131
64.21815,2019-01-14 17:12:55.226
64.252014,2019-01-14 17:12:56.335
63.81789,2019-01-14 17:12:57.445
62.037292,2019-01-14 17:12:58.566
60.8129,2019-01-14 17:12:59.685
58.954277,2019-01-14 17:13:00.795
54.812923,2019-01-14 17:13:01.916
52.74225,2019-01-14 17:13:03.016
51.70691,2019-01-14 17:13:04.143
54.064476,2019-01-14 17:13:05.246
55.34515,2019-01-14 17:13:06.366
57.51097,2019-01-14 17:13:07.486
57.068398,2019-01-14 17:13:08.606
56.745216,2019-01-14 17:13:09.71
52.007923,2019-01-14 17:13:10.845
48.850502,2019-01-14 17:13:11.961
47.148567,2019-01-14 17:13:13.058
46.18108,2019-01-14 17:13:14.176
45.347534,2019-01-14 17:13:15.286
44.819412,2019-01-14 17:13:16.458
44.50579,2019-01-14 17:13:17.589
43.178993,2019-01-14 17:13:18.675
42.515594,2019-01-14 17:13:19.795
41.274376,2019-01-14 17:13:20.916
40.4817,2019-01-14 17:13:22.017
40.085365,2019-01-14 17:13:23.145
40.75512,2019-01-14 17:13:24.245
40.67289,2019-01-14 17:13:25.366
41.04888,2019-01-14 17:13:26.476
41.425896,2019-01-14 17:13:27.596
44.07379,2019-01-14 17:13:28.766
46.351364,2019-01-14 17:13:29.866
47.545956,2019-01-14 17:13:30.986
48.5289,2019-01-14 17:13:32.096
49.02037,2019-01-14 17:13:33.218
49.266106,2019-01-14 17:13:34.336
49.25766,2019-01-14 17:13:35.435
49.244812,2019-01-14 17:13:36.557
48.20125,2019-01-14 17:13:37.665
45.600483,2019-01-14 17:13:38.789
44.266838,2019-01-14 17:13:39.912
43.54575,2019-01-14 17:13:41.036
43.185204,2019-01-14 17:13:42.126
43.02581,2019-01-14 17:13:43.261
42.946114,2019-01-14 17:13:44.356
47.391594,2019-01-14 17:13:45.476
49.614334,2019-01-14 17:13:46.595
50.7257,2019-01-14 17:13:47.706
50.71074,2019-01-14 17:13:48.826
49.318665,2019-01-14 17:13:49.946
47.870792,2019-01-14 17:13:51.056
47.14686,2019-01-14 17:13:52.167
46.41049,2019-01-14 17:13:53.286
46.416702,2019-01-14 17:13:54.396
46.51606,2019-01-14 17:13:55.516
46.565742,2019-01-14 17:13:56.621
46.590584,2019-01-14 17:13:57.746
46.640617,2019-01-14 17:13:58.846
46.665634,2019-01-14 17:13:59.966
46.756176,2019-01-14 17:14:01.085
50.22348,2019-01-14 17:14:02.207
52.28922,2019-01-14 17:14:03.307
53.845062,2019-01-14 17:14:04.425
55.38764,2019-01-14 17:14:05.536
56.281235,2019-01-14 17:14:06.657
56.728035,2019-01-14 17:14:07.776
56.95143,2019-01-14 17:14:08.885
56.872787,2019-01-14 17:14:10.035
56.273304,2019-01-14 17:14:11.206
55.973564,2019-01-14 17:14:12.326
55.823692,2019-01-14 17:14:13.426
69.86304,2019-01-14 17:14:14.545
77.06418,2019-01-14 17:14:15.706
80.66475,2019-01-14 17:14:16.825
82.465034,2019-01-14 17:14:17.986
83.21425,2019-01-14 17:14:19.111
83.55051,2019-01-14 17:14:20.257
83.02253,2019-01-14 17:14:21.376
82.758545,2019-01-14 17:14:22.481
82.1362,2019-01-14 17:14:23.607
81.82503,2019-01-14 17:14:24.73
77.6561,2019-01-14 17:14:25.826
71.54027,2019-01-14 17:14:26.945
68.48235,2019-01-14 17:14:28.066
66.9534,2019-01-14 17:14:29.166
69.48816,2019-01-14 17:14:30.285
71.28905,2019-01-14 17:14:31.395
72.18948,2019-01-14 17:14:32.527
72.63971,2019-01-14 17:14:33.635
72.35684,2019-01-14 17:14:34.746
72.16896,2019-01-14 17:14:35.866
72.07502,2019-01-14 17:14:37.066
72.028046,2019-01-14 17:14:38.185
72.00456,2019-01-14 17:14:39.285
71.99282,2019-01-14 17:14:40.406
65.70694,2019-01-14 17:14:41.563
62.31659,2019-01-14 17:14:42.685
60.621414,2019-01-14 17:14:43.796
60.02124,2019-01-14 17:14:44.967
60.39038,2019-01-14 17:14:46.066
62.638542,2019-01-14 17:14:47.238
64.60962,2019-01-14 17:14:48.353
65.83856,2019-01-14 17:14:49.473
66.45303,2019-01-14 17:14:50.589
66.76027,2019-01-14 17:14:51.686
66.51892,2019-01-14 17:14:52.793
65.57826,2019-01-14 17:14:53.905
65.08835,2019-01-14 17:14:55.026
64.13102,2019-01-14 17:14:56.136
63.65236,2019-01-14 17:14:57.255
63.413025,2019-01-14 17:14:58.375
71.8851,2019-01-14 17:14:59.475
76.12114,2019-01-14 17:15:00.605
78.23915,2019-01-14 17:15:01.705
77.60773,2019-01-14 17:15:02.824
75.31177,2019-01-14 17:15:03.946
74.16379,2019-01-14 17:15:05.067
73.5898,2019-01-14 17:15:06.169
81.5524,2019-01-14 17:15:07.296
85.85866,2019-01-14 17:15:08.385
88.38887,2019-01-14 17:15:09.506
89.65398,2019-01-14 17:15:10.625
90.28653,2019-01-14 17:15:11.738
85.605194,2019-01-14 17:15:12.857
83.12279,2019-01-14 17:15:13.958
81.881584,2019-01-14 17:15:15.086
81.24634,2019-01-14 17:15:16.186
80.92435,2019-01-14 17:15:17.306
80.76772,2019-01-14 17:15:18.426
80.83748,2019-01-14 17:15:19.526
81.0742,2019-01-14 17:15:20.646
84.73605,2019-01-14 17:15:21.776
87.268265,2019-01-14 17:15:22.878
88.5544,2019-01-14 17:15:24.001
89.87338,2019-01-14 17:15:25.125
91.59799,2019-01-14 17:15:26.216
93.67401,2019-01-14 17:15:27.335
94.71202,2019-01-14 17:15:28.456
95.23103,2019-01-14 17:15:29.557
91.28404,2019-01-14 17:15:30.686
83.033936,2019-01-14 17:15:31.786
78.88965,2019-01-14 17:15:32.907
75.84378,2019-01-14 17:15:34.025
73.07448,2019-01-14 17:15:35.126
70.60167,2019-01-14 17:15:36.256
68.83272,2019-01-14 17:15:37.357
67.80993,2019-01-14 17:15:38.468
67.29854,2019-01-14 17:15:39.596
67.04284,2019-01-14 17:15:40.703
70.40903,2019-01-14 17:15:41.876
72.48277,2019-01-14 17:15:42.976
73.56653,2019-01-14 17:15:44.096
74.1084,2019-01-14 17:15:45.217
74.37933,2019-01-14 17:15:46.325
74.61397,2019-01-14 17:15:47.449
74.731285,2019-01-14 17:15:48.571
75.804855,2019-01-14 17:15:49.667
76.341644,2019-01-14 17:15:50.785
76.61004,2019-01-14 17:15:51.906
76.29707,2019-01-14 17:15:53.007
76.08734,2019-01-14 17:15:54.136
75.59502,2019-01-14 17:15:55.245
75.17154,2019-01-14 17:15:56.356
73.35811,2019-01-14 17:15:57.477
72.45139,2019-01-14 17:15:58.576
71.99803,2019-01-14 17:15:59.706
72.30191,2019-01-14 17:16:00.806
72.709435,2019-01-14 17:16:01.926
73.00526,2019-01-14 17:16:03.095
73.15317,2019-01-14 17:16:04.196
73.22713,2019-01-14 17:16:05.326
72.64954,2019-01-14 17:16:06.426
72.36075,2019-01-14 17:16:07.546
72.216354,2019-01-14 17:16:08.667
74.22833,2019-01-14 17:16:09.774
76.29945,2019-01-14 17:16:10.898
78.46348,2019-01-14 17:16:12.021
79.54549,2019-01-14 17:16:13.117
80.086494,2019-01-14 17:16:14.235
74.70784,2019-01-14 17:16:15.356
72.01852,2019-01-14 17:16:16.475
70.67386,2019-01-14 17:16:17.585
77.55938,2019-01-14 17:16:18.706
81.00214,2019-01-14 17:16:19.806
82.72352,2019-01-14 17:16:20.925
79.73596,2019-01-14 17:16:22.054
77.68297,2019-01-14 17:16:23.158
71.56488,2019-01-14 17:16:24.276
68.505844,2019-01-14 17:16:25.396
66.97632,2019-01-14 17:16:26.506
66.86867,2019-01-14 17:16:27.626
66.814835,2019-01-14 17:16:28.734
66.78792,2019-01-14 17:16:29.896
64.88809,2019-01-14 17:16:31.016
63.40316,2019-01-14 17:16:32.126
62.247,2019-01-14 17:16:33.238
61.462864,2019-01-14 17:16:34.395
60.974148,2019-01-14 17:16:35.516
60.72979,2019-01-14 17:16:36.626
60.704258,2019-01-14 17:16:37.753
62.342133,2019-01-14 17:16:38.867
63.487217,2019-01-14 17:16:39.97
64.64345,2019-01-14 17:16:41.092
65.53525,2019-01-14 17:16:42.223
66.12462,2019-01-14 17:16:43.338
66.27583,2019-01-14 17:16:44.435
66.49492,2019-01-14 17:16:45.59
66.65834,2019-01-14 17:16:46.714
75.85541,2019-01-14 17:16:47.838
80.63832,2019-01-14 17:16:48.965
83.73872,2019-01-14 17:16:50.046
92.67723,2019-01-14 17:16:51.166
97.146484,2019-01-14 17:16:52.276
99.3811,2019-01-14 17:16:53.396
91.894844,2019-01-14 17:16:54.506
84.539505,2019-01-14 17:16:55.625
80.86184,2019-01-14 17:16:56.745
78.23485,2019-01-14 17:16:57.866
75.153946,2019-01-14 17:16:58.966
71.159546,2019-01-14 17:17:00.096
69.162346,2019-01-14 17:17:01.196
68.16374,2019-01-14 17:17:02.326
68.3115,2019-01-14 17:17:03.436
69.47626,2019-01-14 17:17:04.542
70.5423,2019-01-14 17:17:05.668
71.1246,2019-01-14 17:17:06.79
71.74937,2019-01-14 17:17:07.885
79.20592,2019-01-14 17:17:09.006
82.9342,2019-01-14 17:17:10.125
84.79834,2019-01-14 17:17:11.245
82.18872,2019-01-14 17:17:12.345
80.88391,2019-01-14 17:17:13.479
80.20242,2019-01-14 17:17:14.576
79.86168,2019-01-14 17:17:15.696
79.84913,2019-01-14 17:17:16.816
84.21738,2019-01-14 17:17:17.935
86.401505,2019-01-14 17:17:19.046
87.49357,2019-01-14 17:17:20.195
86.60703,2019-01-14 17:17:21.316
84.43594,2019-01-14 17:17:22.435
83.09176,2019-01-14 17:17:23.547
82.41966,2019-01-14 17:17:24.667
82.04222,2019-01-14 17:17:25.786
81.8535,2019-01-14 17:17:26.896
81.962204,2019-01-14 17:17:28.055
82.016556,2019-01-14 17:17:29.167
81.70642,2019-01-14 17:17:30.335
77.611176,2019-01-14 17:17:31.435
75.56355,2019-01-14 17:17:32.566
74.53975,2019-01-14 17:17:33.668
75.57201,2019-01-14 17:17:34.786
76.088135,2019-01-14 17:17:35.907
76.3462,2019-01-14 17:17:37.026
76.035286,2019-01-14 17:17:38.126
75.12666,2019-01-14 17:17:39.257
74.11601,2019-01-14 17:17:40.363
72.870636,2019-01-14 17:17:41.48
71.57597,2019-01-14 17:17:42.612
70.71489,2019-01-14 17:17:43.729
69.86192,2019-01-14 17:17:44.818
68.34514,2019-01-14 17:17:45.945
67.58675,2019-01-14 17:17:47.055
66.7461,2019-01-14 17:17:48.166
66.787224,2019-01-14 17:17:49.287
68.63107,2019-01-14 17:17:50.406
69.80994,2019-01-14 17:17:51.526
70.328766,2019-01-14 17:17:52.635
70.65878,2019-01-14 17:17:53.786
70.7552,2019-01-14 17:17:54.968
70.8865,2019-01-14 17:17:56.096
71.00087,2019-01-14 17:17:57.185
79.40966,2019-01-14 17:17:58.295
83.632965,2019-01-14 17:17:59.407
85.87114,2019-01-14 17:18:00.528
86.990234,2019-01-14 17:18:01.646
88.05931,2019-01-14 17:18:02.756
89.57767,2019-01-14 17:18:03.875
90.787964,2019-01-14 17:18:04.996
92.65672,2019-01-14 17:18:06.145
93.73361,2019-01-14 17:18:07.264
94.27206,2019-01-14 17:18:08.375
94.39877,2019-01-14 17:18:09.486
92.855896,2019-01-14 17:18:10.616
92.08446,2019-01-14 17:18:11.723
91.69874,2019-01-14 17:18:12.846
91.906715,2019-01-14 17:18:13.995
92.5255,2019-01-14 17:18:15.116
92.834885,2019-01-14 17:18:16.235
92.98958,2019-01-14 17:18:17.336
91.9021,2019-01-14 17:18:18.473
90.84128,2019-01-14 17:18:19.566
90.148865,2019-01-14 17:18:20.736
89.22408,2019-01-14 17:18:21.856
88.662674,2019-01-14 17:18:22.973
88.22037,2019-01-14 17:18:24.116
87.445335,2019-01-14 17:18:25.235
86.52624,2019-01-14 17:18:26.356
85.71034,2019-01-14 17:18:27.466
82.83774,2019-01-14 17:18:28.586
79.18735,2019-01-14 17:18:29.737
76.044365,2019-01-14 17:18:30.856
74.22958,2019-01-14 17:18:31.975
72.127594,2019-01-14 17:18:33.086
69.84326,2019-01-14 17:18:34.213
66.48585,2019-01-14 17:18:35.326
64.668945,2019-01-14 17:18:36.436
63.34958,2019-01-14 17:18:37.546
61.93799,2019-01-14 17:18:38.652
61.232193,2019-01-14 17:18:39.786
60.879295,2019-01-14 17:18:40.909
69.90149,2019-01-14 17:18:42.025
74.73908,2019-01-14 17:18:43.126
77.15788,2019-01-14 17:18:44.236
78.04078,2019-01-14 17:18:45.361
78.48222,2019-01-14 17:18:46.466
79.80501,2019-01-14 17:18:47.586
77.7193,2019-01-14 17:18:48.686
83.138855,2019-01-14 17:18:49.816
85.84863,2019-01-14 17:18:50.976
86.18153,2019-01-14 17:18:52.076
84.41678,2019-01-14 17:18:53.217
83.69801,2019-01-14 17:18:54.308
83.33862,2019-01-14 17:18:55.425
83.158936,2019-01-14 17:18:56.546
83.88994,2019-01-14 17:18:57.667
85.42236,2019-01-14 17:18:58.776
86.18858,2019-01-14 17:18:59.896
86.571686,2019-01-14 17:19:00.996
86.265884,2019-01-14 17:19:02.116
83.66567,2019-01-14 17:19:03.225
81.93919,2019-01-14 17:19:04.348
80.807434,2019-01-14 17:19:05.478
80.24155,2019-01-14 17:19:06.566
79.8913,2019-01-14 17:19:07.686
79.53288,2019-01-14 17:19:08.806
78.95996,2019-01-14 17:19:09.926
78.67349,2019-01-14 17:19:11.035
78.53026,2019-01-14 17:19:12.146
81.68537,2019-01-14 17:19:13.266
83.262924,2019-01-14 17:19:14.376
84.051704,2019-01-14 17:19:15.495
84.409744,2019-01-14 17:19:16.606
84.0242,2019-01-14 17:19:17.715
83.12398,2019-01-14 17:19:18.846
82.56972,2019-01-14 17:19:19.957
82.29259,2019-01-14 17:19:21.067
82.25817,2019-01-14 17:19:22.186
82.06205,2019-01-14 17:19:23.307
81.95755,2019-01-14 17:19:24.423
75.68579,2019-01-14 17:19:25.54
72.54991,2019-01-14 17:19:26.635
70.98197,2019-01-14 17:19:27.756
71.55283,2019-01-14 17:19:28.875
74.9029,2019-01-14 17:19:29.995
76.577934,2019-01-14 17:19:31.106
77.41545,2019-01-14 17:19:32.216
77.83421,2019-01-14 17:19:33.326
77.96782,2019-01-14 17:19:34.454
77.83144,2019-01-14 17:19:35.616
77.76326,2019-01-14 17:19:36.724
71.140656,2019-01-14 17:19:37.825
61.396873,2019-01-14 17:19:38.956
56.370987,2019-01-14 17:19:40.066
53.858047,2019-01-14 17:19:41.185
52.601578,2019-01-14 17:19:42.293
56.63074,2019-01-14 17:19:43.416
58.645325,2019-01-14 17:19:44.516
59.652615,2019-01-14 17:19:45.635
60.156258,2019-01-14 17:19:46.806
60.40808,2019-01-14 17:19:47.907
60.604073,2019-01-14 17:19:49.036
60.911537,2019-01-14 17:19:50.136
62.40689,2019-01-14 17:19:51.256
63.81718,2019-01-14 17:19:52.376
64.55339,2019-01-14 17:19:53.493
65.89156,2019-01-14 17:19:54.606
69.55108,2019-01-14 17:19:55.73
71.38084,2019-01-14 17:19:56.851
72.295715,2019-01-14 17:19:57.945
70.61891,2019-01-14 17:19:59.066
68.72949,2019-01-14 17:20:00.166
67.30948,2019-01-14 17:20:01.348
66.59947,2019-01-14 17:20:02.471
66.24447,2019-01-14 17:20:03.617
69.51216,2019-01-14 17:20:04.721
71.47444,2019-01-14 17:20:05.844
73.4332,2019-01-14 17:20:06.968
76.48745,2019-01-14 17:20:08.091
79.21506,2019-01-14 17:20:09.185
82.59993,2019-01-14 17:20:10.296
84.7792,2019-01-14 17:20:11.425
85.868835,2019-01-14 17:20:12.525
86.41365,2019-01-14 17:20:13.646
81.918236,2019-01-14 17:20:14.757
79.08006,2019-01-14 17:20:15.93
77.66098,2019-01-14 17:20:17.046
76.95144,2019-01-14 17:20:18.145
76.63483,2019-01-14 17:20:19.276
76.530754,2019-01-14 17:20:20.375
80.434746,2019-01-14 17:20:21.506
82.38674,2019-01-14 17:20:22.616
83.36274,2019-01-14 17:20:23.736
83.60923,2019-01-14 17:20:24.836
82.94383,2019-01-14 17:20:25.966
78.68338,2019-01-14 17:20:27.066
76.343735,2019-01-14 17:20:28.186
75.173904,2019-01-14 17:20:29.356
74.56622,2019-01-14 17:20:30.456
74.26239,2019-01-14 17:20:31.586
74.927,2019-01-14 17:20:32.746
81.87927,2019-01-14 17:20:33.856
85.371445,2019-01-14 17:20:34.976
87.11754,2019-01-14 17:20:36.076
87.97453,2019-01-14 17:20:37.206
88.20415,2019-01-14 17:20:38.356
87.51494,2019-01-14 17:20:39.466
84.43996,2019-01-14 17:20:40.626
82.81576,2019-01-14 17:20:41.746
82.00366,2019-01-14 17:20:42.856
81.59761,2019-01-14 17:20:44.025
81.787994,2019-01-14 17:20:45.145
82.13925,2019-01-14 17:20:46.245
82.31488,2019-01-14 17:20:47.366
82.64694,2019-01-14 17:20:48.476
82.964645,2019-01-14 17:20:49.597
83.337326,2019-01-14 17:20:50.716
83.52367,2019-01-14 17:20:51.866
83.61684,2019-01-14 17:20:52.985
81.99283,2019-01-14 17:20:54.096
79.765114,2019-01-14 17:20:55.216
78.06136,2019-01-14 17:20:56.336
76.56439,2019-01-14 17:20:57.506
68.60487,2019-01-14 17:20:58.616
62.794147,2019-01-14 17:20:59.726
59.888786,2019-01-14 17:21:00.836
58.436104,2019-01-14 17:21:01.956
68.49533,2019-01-14 17:21:03.071
73.54207,2019-01-14 17:21:04.186
76.47237,2019-01-14 17:21:05.306
77.937515,2019-01-14 17:21:06.426
78.67009,2019-01-14 17:21:07.526
79.03281,2019-01-14 17:21:08.657
73.647766,2019-01-14 17:21:09.756
70.955246,2019-01-14 17:21:10.879
69.60898,2019-01-14 17:21:12.004
69.58092,2019-01-14 17:21:13.139
70.389435,2019-01-14 17:21:14.216
71.25546,2019-01-14 17:21:15.346
71.751976,2019-01-14 17:21:16.446
78.50309,2019-01-14 17:21:17.567
82.36269,2019-01-14 17:21:18.754
84.30136,2019-01-14 17:21:19.846
86.31587,2019-01-14 17:21:20.966
88.662094,2019-01-14 17:21:22.066
89.835205,2019-01-14 17:21:23.2
90.42175,2019-01-14 17:21:24.315
89.23135,2019-01-14 17:21:25.417
87.145195,2019-01-14 17:21:26.535
86.10211,2019-01-14 17:21:27.658
85.580574,2019-01-14 17:21:28.756
86.58205,2019-01-14 17:21:29.876
87.264366,2019-01-14 17:21:30.986
89.951096,2019-01-14 17:21:32.107
91.45412,2019-01-14 17:21:33.219
92.20563,2019-01-14 17:21:34.395
92.58139,2019-01-14 17:21:35.496
87.260315,2019-01-14 17:21:36.616
84.59978,2019-01-14 17:21:37.726
83.26951,2019-01-14 17:21:38.847
84.39679,2019-01-14 17:21:40.016
85.379166,2019-01-14 17:21:41.116
86.15906,2019-01-14 17:21:42.246
92.33568,2019-01-14 17:21:43.346
95.42399,2019-01-14 17:21:44.467
96.96814,2019-01-14 17:21:45.586
97.404785,2019-01-14 17:21:46.692
93.89893,2019-01-14 17:21:47.817
92.14601,2019-01-14 17:21:48.94
91.26955,2019-01-14 17:21:50.035
90.831314,2019-01-14 17:21:51.156
90.76814,2019-01-14 17:21:52.275
90.83772,2019-01-14 17:21:53.395
91.1772,2019-01-14 17:21:54.506
100.114716,2019-01-14 17:21:55.626
104.58347,2019-01-14 17:21:56.736
106.817856,2019-01-14 17:21:57.845
105.50481,2019-01-14 17:21:58.966
103.23625,2019-01-14 17:22:00.076
101.62909,2019-01-14 17:22:01.196
100.72719,2019-01-14 17:22:02.316
95.75781,2019-01-14 17:22:03.476
93.27312,2019-01-14 17:22:04.586
91.495224,2019-01-14 17:22:05.706
90.60628,2019-01-14 17:22:06.816
90.161804,2019-01-14 17:22:07.926
88.57078,2019-01-14 17:22:09.046
84.70036,2019-01-14 17:22:10.157
82.15787,2019-01-14 17:22:11.286
80.753235,2019-01-14 17:22:12.388
80.05092,2019-01-14 17:22:13.513
79.69977,2019-01-14 17:22:14.636
79.65758,2019-01-14 17:22:15.737
82.76488,2019-01-14 17:22:16.856
94.58996,2019-01-14 17:22:17.976
100.86432,2019-01-14 17:22:19.076
105.0847,2019-01-14 17:22:20.196
107.49199,2019-01-14 17:22:21.316
108.94911,2019-01-14 17:22:22.435
110.00657,2019-01-14 17:22:23.546
110.69897,2019-01-14 17:22:24.667
111.351395,2019-01-14 17:22:25.767
111.909195,2019-01-14 17:22:26.896
112.634834,2019-01-14 17:22:27.996
113.04881,2019-01-14 17:22:29.116
113.992966,2019-01-14 17:22:30.238
114.46504,2019-01-14 17:22:31.34
114.70108,2019-01-14 17:22:32.516
114.81186,2019-01-14 17:22:33.636
115.00079,2019-01-14 17:22:34.736
115.09526,2019-01-14 17:22:35.857
115.51823,2019-01-14 17:22:36.97
115.773285,2019-01-14 17:22:38.086
116.03906,2019-01-14 17:22:39.219
116.17749,2019-01-14 17:22:40.345
116.246704,2019-01-14 17:22:41.426
117.00352,2019-01-14 17:22:42.555
117.76556,2019-01-14 17:22:43.667
118.74338,2019-01-14 17:22:44.775
119.232285,2019-01-14 17:22:45.897
119.47674,2019-01-14 17:22:47.016
119.2833,2019-01-14 17:22:48.126
119.186584,2019-01-14 17:22:49.245
119.13823,2019-01-14 17:22:50.346
119.49941,2019-01-14 17:22:51.516
119.68001,2019-01-14 17:22:52.626
119.94647,2019-01-14 17:22:53.746
120.079704,2019-01-14 17:22:54.866
120.14632,2019-01-14 17:22:55.986
120.4725,2019-01-14 17:22:57.086
120.77587,2019-01-14 17:22:58.216
120.92755,2019-01-14 17:22:59.366
121.003395,2019-01-14 17:23:00.487
121.206345,2019-01-14 17:23:01.606
121.37633,2019-01-14 17:23:02.713
121.51838,2019-01-14 17:23:03.836
121.5894,2019-01-14 17:23:04.946
121.567856,2019-01-14 17:23:06.056
120.70491,2019-01-14 17:23:07.176
119.87875,2019-01-14 17:23:08.284
119.396355,2019-01-14 17:23:09.42
118.51805,2019-01-14 17:23:10.531
118.078896,2019-01-14 17:23:11.626
117.859314,2019-01-14 17:23:12.745
117.9043,2019-01-14 17:23:13.913
117.92679,2019-01-14 17:23:15.032
117.973434,2019-01-14 17:23:16.169
118.29195,2019-01-14 17:23:17.245
118.70198,2019-01-14 17:23:18.366
118.716156,2019-01-14 17:23:19.485
118.723236,2019-01-14 17:23:20.595
118.66684,2019-01-14 17:23:21.706
118.26399,2019-01-14 17:23:22.826
101.39534,2019-01-14 17:23:23.946
92.96101,2019-01-14 17:23:25.066
88.74385,2019-01-14 17:23:26.167
87.158714,2019-01-14 17:23:27.286
88.2623,2019-01-14 17:23:28.406
89.37727,2019-01-14 17:23:29.616
95.90773,2019-01-14 17:23:30.726
102.62135,2019-01-14 17:23:31.835
107.02031,2019-01-14 17:23:32.966
109.70088,2019-01-14 17:23:34.066
112.12424,2019-01-14 17:23:35.188
114.15999,2019-01-14 17:23:36.306
116.33034,2019-01-14 17:23:37.434
117.41551,2019-01-14 17:23:38.526
117.9581,2019-01-14 17:23:39.646
112.99677,2019-01-14 17:23:40.756
105.85147,2019-01-14 17:23:41.876
102.27882,2019-01-14 17:23:42.996
100.49249,2019-01-14 17:23:44.105
100.93031,2019-01-14 17:23:45.228
101.9203,2019-01-14 17:23:46.352
104.44566,2019-01-14 17:23:47.476
105.95038,2019-01-14 17:23:48.576
106.70273,2019-01-14 17:23:49.686
106.83688,2019-01-14 17:23:50.796
106.90204,2019-01-14 17:23:51.916
106.52853,2019-01-14 17:23:53.097
105.057236,2019-01-14 17:23:54.185
104.32159,2019-01-14 17:23:55.316
103.953766,2019-01-14 17:23:56.426
104.3332,2019-01-14 17:23:57.535
104.724754,2019-01-14 17:23:58.657
105.32234,2019-01-14 17:23:59.766
105.62113,2019-01-14 17:24:00.885
105.77052,2019-01-14 17:24:01.996
98.95433,2019-01-14 17:24:03.126
95.33346,2019-01-14 17:24:04.226
92.983475,2019-01-14 17:24:05.346
91.59778,2019-01-14 17:24:06.457
90.40428,2019-01-14 17:24:07.579
89.61743,2019-01-14 17:24:08.699
89.22401,2019-01-14 17:24:09.809
89.0273,2019-01-14 17:24:10.925
96.05451,2019-01-14 17:24:12.048
100.12088,2019-01-14 17:24:13.171
102.156944,2019-01-14 17:24:14.266
103.239876,2019-01-14 17:24:15.385
103.98009,2019-01-14 17:24:16.507
105.29785,2019-01-14 17:24:17.626
106.92749,2019-01-14 17:24:18.725
109.15085,2019-01-14 17:24:19.885
110.337296,2019-01-14 17:24:21.006
110.93052,2019-01-14 17:24:22.126
111.22713,2019-01-14 17:24:23.248
111.19693,2019-01-14 17:24:24.356
111.10098,2019-01-14 17:24:25.539
110.91403,2019-01-14 17:24:26.626
110.82056,2019-01-14 17:24:27.756
110.993645,2019-01-14 17:24:28.856
116.71275,2019-01-14 17:24:29.975
119.61995,2019-01-14 17:24:31.16
121.187744,2019-01-14 17:24:32.256
121.971634,2019-01-14 17:24:33.426
122.24939,2019-01-14 17:24:34.532
118.34454,2019-01-14 17:24:35.659
115.438324,2019-01-14 17:24:36.782
113.80846,2019-01-14 17:24:37.877
107.55852,2019-01-14 17:24:38.995
103.83668,2019-01-14 17:24:40.116
101.38696,2019-01-14 17:24:41.235
99.52316,2019-01-14 17:24:42.335
97.83273,2019-01-14 17:24:43.469
96.875916,2019-01-14 17:24:44.566
96.39751,2019-01-14 17:24:45.696
96.26991,2019-01-14 17:24:46.807
99.91375,2019-01-14 17:24:47.915
104.260925,2019-01-14 17:24:49.088
106.43452,2019-01-14 17:24:50.206
107.52132,2019-01-14 17:24:51.316
107.219284,2019-01-14 17:24:52.436
106.65222,2019-01-14 17:24:53.536
105.83778,2019-01-14 17:24:54.667
105.172226,2019-01-14 17:24:55.776
104.0963,2019-01-14 17:24:56.896
102.91294,2019-01-14 17:24:58.01
102.21067,2019-01-14 17:24:59.121
100.83464,2019-01-14 17:25:00.231
99.98016,2019-01-14 17:25:01.356
99.358185,2019-01-14 17:25:02.48
98.95257,2019-01-14 17:25:03.604
98.375534,2019-01-14 17:25:04.695
96.88156,2019-01-14 17:25:05.816
94.49313,2019-01-14 17:25:06.936
92.78322,2019-01-14 17:25:08.046
90.513054,2019-01-14 17:25:09.166
88.86905,2019-01-14 17:25:10.286
88.04704,2019-01-14 17:25:11.406
87.63605,2019-01-14 17:25:12.516
87.590675,2019-01-14 17:25:13.635
90.813095,2019-01-14 17:25:14.736
99.83156,2019-01-14 17:25:15.856
104.48319,2019-01-14 17:25:16.967
106.87225,2019-01-14 17:25:18.086
108.06679,2019-01-14 17:25:19.206
108.60081,2019-01-14 17:25:20.326
108.86781,2019-01-14 17:25:21.431
108.81345,2019-01-14 17:25:22.563
108.78627,2019-01-14 17:25:23.681
108.77268,2019-01-14 17:25:24.826
0.0,2019-01-14 17:25:25.945
0.0,2019-01-14 17:25:27.065
0.0,2019-01-16 12:51:14.081
0.0,2019-01-16 12:51:15.129
0.0,2019-01-16 12:51:16.254
0.0,2019-01-16 12:51:17.35
0.0,2019-01-16 12:51:18.47
0.0,2019-01-16 12:51:19.59
0.0,2019-01-16 12:51:20.701
0.0,2019-01-16 12:51:21.809
0.0,2019-01-16 12:51:22.931
0.0,2019-01-16 12:51:24.049
57.811733,2019-01-16 12:51:25.16
0.0,2019-01-16 12:51:26.292
0.0,2019-01-16 12:51:27.402
0.0,2019-01-16 12:51:28.521
0.0,2019-01-16 12:51:29.628
0.0,2019-01-16 12:51:30.739
0.0,2019-01-16 12:51:31.858
0.0,2019-01-16 12:51:32.98
0.0,2019-01-16 12:51:34.096
0.0,2019-01-16 12:51:35.201
0.0,2019-01-16 12:51:36.33
43.0278,2019-01-16 12:51:37.451
0.0,2019-01-16 12:51:38.56
0.0,2019-01-16 12:51:55.006
0.0,2019-01-16 12:51:56.116
0.0,2019-01-16 12:51:57.22
0.0,2019-01-16 12:51:58.329
0.0,2019-01-16 12:51:59.45
0.0,2019-01-16 12:52:00.57
0.0,2019-01-16 12:52:01.69
0.0,2019-01-16 12:52:02.81
0.0,2019-01-16 12:52:04.071
0.0,2019-01-16 12:52:05.03
0.0,2019-01-16 12:52:06.161
0.0,2019-01-16 12:52:07.27
0.0,2019-01-16 12:52:08.389
0.0,2019-01-16 12:52:09.51
0.0,2019-01-16 12:52:10.62
0.0,2019-01-16 12:52:11.743
0.0,2019-01-16 12:52:12.91
0.0,2019-01-16 12:52:14.01
52.80222,2019-01-16 12:52:15.14
52.80222,2019-01-16 12:52:16.25
52.80222,2019-01-16 12:52:17.36
52.80222,2019-01-16 12:52:18.495
52.909447,2019-01-16 12:52:19.639
53.109543,2019-01-16 12:52:20.76
53.542892,2019-01-16 12:52:21.88
53.759567,2019-01-16 12:52:22.995
53.867905,2019-01-16 12:52:24.124
46.64013,2019-01-16 12:52:25.242
43.02624,2019-01-16 12:52:26.38
41.2193,2019-01-16 12:52:27.505
40.916763,2019-01-16 12:52:28.627
41.287567,2019-01-16 12:52:29.736
41.47297,2019-01-16 12:52:30.852
41.565666,2019-01-16 12:52:31.979
41.715485,2019-01-16 12:52:33.08
41.79039,2019-01-16 12:52:34.221
45.480354,2019-01-16 12:52:35.321
47.325333,2019-01-16 12:52:36.439
48.247826,2019-01-16 12:52:37.56
48.664833,2019-01-16 12:52:38.67
45.074337,2019-01-16 12:52:39.79
42.21342,2019-01-16 12:52:40.909
40.620403,2019-01-16 12:52:42.01
39.823895,2019-01-16 12:52:43.18
39.42564,2019-01-16 12:52:44.3
39.226513,2019-01-16 12:52:45.421
39.12695,2019-01-16 12:52:46.571
38.964283,2019-01-16 12:52:47.688
38.734512,2019-01-16 12:52:48.81
38.424385,2019-01-16 12:52:49.93
38.26932,2019-01-16 12:52:51.04
38.191788,2019-01-16 12:52:52.192
38.348267,2019-01-16 12:52:53.269
38.454918,2019-01-16 12:52:54.392
39.061684,2019-01-16 12:52:55.512
39.365067,2019-01-16 12:52:56.622
39.516754,2019-01-16 12:52:57.742
38.083817,2019-01-16 12:52:58.86
37.313576,2019-01-16 12:53:00.017
36.8897,2019-01-16 12:53:01.131
36.62134,2019-01-16 12:53:02.25
35.15374,2019-01-16 12:53:03.42
33.313602,2019-01-16 12:53:04.54
0.0,2019-01-16 12:53:05.659
0.0,2019-01-16 12:53:07.166
0.0,2019-01-16 13:51:09.463
0.0,2019-01-16 13:51:10.584
0.0,2019-01-16 13:51:11.703
0.0,2019-01-16 13:51:12.883
0.0,2019-01-16 13:51:14.003
0.0,2019-01-16 13:51:15.113
0.0,2019-01-16 13:51:16.234
0.0,2019-01-16 13:51:17.353
0.0,2019-01-16 13:51:18.473
0.0,2019-01-16 13:51:19.602
0.0,2019-01-16 13:51:54.633
0.0,2019-01-16 13:51:55.803
0.0,2019-01-16 13:52:01.876
0.0,2019-01-16 13:52:02.996
0.0,2019-01-16 13:52:04.104
0.0,2019-01-16 13:52:05.228
0.0,2019-01-16 13:52:06.354
0.0,2019-01-16 13:52:07.474
0.0,2019-01-16 13:52:08.577
0.0,2019-01-16 13:52:09.783
0.0,2019-01-16 13:52:10.955
0.0,2019-01-16 13:52:12.075
0.0,2019-01-16 13:52:13.234
0.0,2019-01-16 13:52:14.964
0.0,2019-01-16 13:52:17.635
0.0,2019-01-16 13:52:18.766
0.0,2019-01-16 13:52:19.916
0.0,2019-01-16 13:52:21.035
0.0,2019-01-16 13:52:22.166
0.0,2019-01-16 13:52:23.281
0.0,2019-01-16 13:52:24.386
0.0,2019-01-16 13:52:25.504
0.0,2019-01-16 13:52:51.099
0.0,2019-01-16 13:52:52.455
0.0,2019-01-16 13:55:42.917
0.0,2019-01-16 13:55:44.955
0.0,2019-01-16 13:56:16.95
0.0,2019-01-16 13:56:18.068
0.0,2019-01-16 13:56:19.185
0.0,2019-01-16 13:56:20.316
0.0,2019-01-16 13:56:21.435
0.0,2019-01-16 13:56:22.555
0.0,2019-01-16 13:56:23.666
0.0,2019-01-16 13:56:24.835
0.0,2019-01-16 13:56:25.966
0.0,2019-01-16 13:56:27.085
0.0,2019-01-16 13:56:28.205
0.0,2019-01-16 13:56:29.326
0.0,2019-01-16 13:56:30.435
39.130672,2019-01-16 13:56:31.555
39.130672,2019-01-16 13:56:32.676
39.130672,2019-01-16 13:56:33.785
39.609344,2019-01-16 13:56:34.905
40.57396,2019-01-16 13:56:36.026
50.845222,2019-01-16 13:56:37.145
56.366272,2019-01-16 13:56:38.266
60.408073,2019-01-16 13:56:39.395
70.529465,2019-01-16 13:56:40.495
75.590164,2019-01-16 13:56:41.626
78.120514,2019-01-16 13:56:42.745
79.38568,2019-01-16 13:56:43.866
80.018265,2019-01-16 13:56:44.976
86.567276,2019-01-16 13:56:46.096
95.77995,2019-01-16 13:56:47.216
100.686066,2019-01-16 13:56:48.336
105.399635,2019-01-16 13:56:49.456
107.756424,2019-01-16 13:56:50.567
108.934814,2019-01-16 13:56:51.687
109.149506,2019-01-16 13:56:52.811
107.33871,2019-01-16 13:56:53.936
105.16021,2019-01-16 13:56:55.093
102.44499,2019-01-16 13:56:56.206
100.06514,2019-01-16 13:56:57.329
94.554504,2019-01-16 13:56:58.445
91.79919,2019-01-16 13:56:59.604
90.36505,2019-01-16 13:57:00.726
89.64798,2019-01-16 13:57:01.847
87.809784,2019-01-16 13:57:03.006
86.753815,2019-01-16 13:57:04.176
85.607834,2019-01-16 13:57:05.305
84.524124,2019-01-16 13:57:06.416
82.95514,2019-01-16 13:57:07.534
82.170654,2019-01-16 13:57:08.646
81.06105,2019-01-16 13:57:09.776
80.45755,2019-01-16 13:57:10.926
80.15581,2019-01-16 13:57:12.045
79.7368,2019-01-16 13:57:13.165
78.07213,2019-01-16 13:57:14.284
76.83356,2019-01-16 13:57:15.404
76.136246,2019-01-16 13:57:16.524
74.5143,2019-01-16 13:57:17.645
72.25264,2019-01-16 13:57:18.755
70.12654,2019-01-16 13:57:19.926
68.54196,2019-01-16 13:57:21.026
66.24419,2019-01-16 13:57:22.156
64.9676,2019-01-16 13:57:23.266
64.3293,2019-01-16 13:57:24.395
64.010155,2019-01-16 13:57:25.495
64.55089,2019-01-16 13:57:26.616
65.048904,2019-01-16 13:57:27.745
65.86421,2019-01-16 13:57:28.856
67.68443,2019-01-16 13:57:29.966
70.59024,2019-01-16 13:57:31.085
72.21661,2019-01-16 13:57:32.216
74.027756,2019-01-16 13:57:33.335
74.93333,2019-01-16 13:57:34.436
75.38611,2019-01-16 13:57:35.564
74.646225,2019-01-16 13:57:36.686
74.219826,2019-01-16 13:57:37.785
74.00662,2019-01-16 13:57:38.91
73.900024,2019-01-16 13:57:40.034
73.933624,2019-01-16 13:57:41.158
73.950424,2019-01-16 13:57:42.288
73.95882,2019-01-16 13:57:43.376
73.34337,2019-01-16 13:57:44.495
72.69048,2019-01-16 13:57:45.616
71.5848,2019-01-16 13:57:46.737
69.26982,2019-01-16 13:57:47.845
66.92343,2019-01-16 13:57:48.967
65.75023,2019-01-16 13:57:50.085
65.163635,2019-01-16 13:57:51.195
65.1723,2019-01-16 13:57:52.316
65.21196,2019-01-16 13:57:53.443
65.2318,2019-01-16 13:57:54.556
65.34633,2019-01-16 13:57:55.666
65.53093,2019-01-16 13:57:56.835
66.893135,2019-01-16 13:57:57.957
67.89717,2019-01-16 13:57:59.066
68.77063,2019-01-16 13:58:00.185
69.99994,2019-01-16 13:58:01.305
70.61459,2019-01-16 13:58:02.415
70.965515,2019-01-16 13:58:03.536
71.20191,2019-01-16 13:58:04.664
72.08324,2019-01-16 13:58:05.766
73.93854,2019-01-16 13:58:06.886
76.62627,2019-01-16 13:58:08.006
78.10516,2019-01-16 13:58:09.131
78.84461,2019-01-16 13:58:10.256
79.07931,2019-01-16 13:58:11.355
78.37946,2019-01-16 13:58:12.48
77.6389,2019-01-16 13:58:13.603
76.5667,2019-01-16 13:58:14.735
76.03061,2019-01-16 13:58:15.853
75.76256,2019-01-16 13:58:16.996
75.673004,2019-01-16 13:58:18.127
75.62822,2019-01-16 13:58:19.225
75.605835,2019-01-16 13:58:20.35
75.548416,2019-01-16 13:58:21.475
75.062874,2019-01-16 13:58:22.598
74.8201,2019-01-16 13:58:23.721
74.698715,2019-01-16 13:58:24.821
74.94603,2019-01-16 13:58:25.937
75.65355,2019-01-16 13:58:27.056
76.62889,2019-01-16 13:58:28.157
77.11656,2019-01-16 13:58:29.345
77.3604,2019-01-16 13:58:30.471
77.12259,2019-01-16 13:58:31.565
76.201996,2019-01-16 13:58:32.685
75.7417,2019-01-16 13:58:33.805
75.51155,2019-01-16 13:58:34.905
75.52266,2019-01-16 13:58:36.026
75.52821,2019-01-16 13:58:37.155
75.60151,2019-01-16 13:58:38.276
75.56764,2019-01-16 13:58:39.385
75.39232,2019-01-16 13:58:40.525
75.25236,2019-01-16 13:58:41.626
74.74711,2019-01-16 13:58:42.726
74.43972,2019-01-16 13:58:43.845
73.20419,2019-01-16 13:58:44.976
71.4169,2019-01-16 13:58:46.076
69.572784,2019-01-16 13:58:47.196
68.205284,2019-01-16 13:58:48.316
67.36548,2019-01-16 13:58:49.446
66.94557,2019-01-16 13:58:50.56
66.89168,2019-01-16 13:58:51.671
66.88388,2019-01-16 13:58:52.795
67.4191,2019-01-16 13:58:53.921
67.68671,2019-01-16 13:58:55.016
67.82051,2019-01-16 13:58:56.135
67.33308,2019-01-16 13:58:57.255
67.08911,2019-01-16 13:58:58.376
66.89763,2019-01-16 13:58:59.485
66.80188,2019-01-16 13:59:00.605
66.82352,2019-01-16 13:59:01.726
67.20579,2019-01-16 13:59:02.885
67.39693,2019-01-16 13:59:04.005
67.49249,2019-01-16 13:59:05.116
67.50644,2019-01-16 13:59:06.226
67.1674,2019-01-16 13:59:07.355
66.88116,2019-01-16 13:59:08.476
66.83687,2019-01-16 13:59:09.585
66.63228,2019-01-16 13:59:10.705
66.493515,2019-01-16 13:59:11.817
66.237404,2019-01-16 13:59:12.926
65.972565,2019-01-16 13:59:14.046
65.7379,2019-01-16 13:59:15.176
65.201996,2019-01-16 13:59:16.376
64.613556,2019-01-16 13:59:17.505
64.319336,2019-01-16 13:59:18.616
64.184616,2019-01-16 13:59:19.735
64.104866,2019-01-16 13:59:20.845
63.96403,2019-01-16 13:59:22.028
63.893616,2019-01-16 13:59:23.15
63.858406,2019-01-16 13:59:24.235
63.7992,2019-01-16 13:59:25.355
63.811195,2019-01-16 13:59:26.485
63.820263,2019-01-16 13:59:27.595
63.97763,2019-01-16 13:59:28.716
64.55944,2019-01-16 13:59:29.866
66.198654,2019-01-16 13:59:30.985
67.1337,2019-01-16 13:59:32.105
67.79495,2019-01-16 13:59:33.216
73.06891,2019-01-16 13:59:34.396
75.70589,2019-01-16 13:59:35.521
77.024376,2019-01-16 13:59:36.616
76.73118,2019-01-16 13:59:37.726
76.58458,2019-01-16 13:59:38.856
76.51128,2019-01-16 13:59:39.976
76.71129,2019-01-16 13:59:41.085
76.811295,2019-01-16 13:59:42.268
76.8613,2019-01-16 13:59:43.355
71.93217,2019-01-16 13:59:44.485
69.019806,2019-01-16 13:59:45.605
67.39925,2019-01-16 13:59:46.766
66.07466,2019-01-16 13:59:47.891
64.9257,2019-01-16 13:59:48.985
63.504265,2019-01-16 13:59:50.105
62.52195,2019-01-16 13:59:51.226
62.030792,2019-01-16 13:59:52.345
61.819138,2019-01-16 13:59:53.455
61.71331,2019-01-16 13:59:54.576
61.69816,2019-01-16 13:59:55.695
61.789806,2019-01-16 13:59:56.906
61.835632,2019-01-16 13:59:58.011
61.858543,2019-01-16 13:59:59.156
60.83609,2019-01-16 14:00:00.264
60.324863,2019-01-16 14:00:01.384
60.069252,2019-01-16 14:00:02.476
60.055195,2019-01-16 14:00:03.595
60.719948,2019-01-16 14:00:04.756
61.425064,2019-01-16 14:00:05.88
62.88038,2019-01-16 14:00:07.004
64.59587,2019-01-16 14:00:08.129
67.06642,2019-01-16 14:00:09.217
69.37635,2019-01-16 14:00:10.345
70.53131,2019-01-16 14:00:11.466
71.108795,2019-01-16 14:00:12.565
70.12402,2019-01-16 14:00:13.695
68.9699,2019-01-16 14:00:14.795
67.30392,2019-01-16 14:00:15.918
65.74713,2019-01-16 14:00:17.035
64.48345,2019-01-16 14:00:18.207
63.733704,2019-01-16 14:00:19.316
63.358826,2019-01-16 14:00:20.426
63.2893,2019-01-16 14:00:21.555
63.57512,2019-01-16 14:00:22.666
64.326096,2019-01-16 14:00:23.785
64.701584,2019-01-16 14:00:24.886
64.88933,2019-01-16 14:00:26.056
64.84419,2019-01-16 14:00:27.166
64.80128,2019-01-16 14:00:28.285
64.39103,2019-01-16 14:00:29.395
64.185905,2019-01-16 14:00:30.526
64.08334,2019-01-16 14:00:31.645
64.66155,2019-01-16 14:00:32.745
64.95065,2019-01-16 14:00:33.876
65.09521,2019-01-16 14:00:34.977
64.69113,2019-01-16 14:00:36.145
64.4891,2019-01-16 14:00:37.266
64.361725,2019-01-16 14:00:38.385
64.324394,2019-01-16 14:00:39.495
64.39028,2019-01-16 14:00:40.606
65.483795,2019-01-16 14:00:41.765
66.030556,2019-01-16 14:00:42.896
66.323456,2019-01-16 14:00:44.016
67.06975,2019-01-16 14:00:45.126
71.937744,2019-01-16 14:00:46.246
74.62845,2019-01-16 14:00:47.353
75.9738,2019-01-16 14:00:48.466
76.64647,2019-01-16 14:00:49.593
76.9828,2019-01-16 14:00:50.706
77.15097,2019-01-16 14:00:51.825
78.40792,2019-01-16 14:00:52.937
0.0,2019-01-16 14:00:54.095
80.838165,2019-01-16 14:00:55.206
81.385895,2019-01-16 14:00:56.326
81.65976,2019-01-16 14:00:57.435
81.9256,2019-01-16 14:00:58.565
82.544464,2019-01-16 14:00:59.683
86.77048,2019-01-16 14:01:00.821
88.883484,2019-01-16 14:01:01.936
89.93999,2019-01-16 14:01:03.026
88.84474,2019-01-16 14:01:04.178
84.803116,2019-01-16 14:01:05.305
82.7823,2019-01-16 14:01:06.43
81.7719,2019-01-16 14:01:07.526
86.0452,2019-01-16 14:01:08.645
88.181854,2019-01-16 14:01:09.766
89.25018,2019-01-16 14:01:10.885
88.78442,2019-01-16 14:01:11.995
88.55153,2019-01-16 14:01:13.116
88.43509,2019-01-16 14:01:14.265
87.87555,2019-01-16 14:01:15.386
87.59578,2019-01-16 14:01:16.507
87.455894,2019-01-16 14:01:17.616
87.22385,2019-01-16 14:01:18.735
86.31067,2019-01-16 14:01:19.855
85.64786,2019-01-16 14:01:21.005
84.89728,2019-01-16 14:01:22.135
83.47598,2019-01-16 14:01:23.246
81.22764,2019-01-16 14:01:24.446
78.85614,2019-01-16 14:01:25.566
77.443985,2019-01-16 14:01:26.735
76.09804,2019-01-16 14:01:27.836
75.425064,2019-01-16 14:01:28.966
75.08858,2019-01-16 14:01:30.086
75.8583,2019-01-16 14:01:31.193
76.85246,2019-01-16 14:01:32.325
77.559586,2019-01-16 14:01:33.416
78.856094,2019-01-16 14:01:34.539
80.3958,2019-01-16 14:01:35.665
81.16565,2019-01-16 14:01:36.788
81.550575,2019-01-16 14:01:37.875
81.66502,2019-01-16 14:01:39.005
81.25376,2019-01-16 14:01:40.126
79.67831,2019-01-16 14:01:41.226
77.76662,2019-01-16 14:01:42.356
74.975914,2019-01-16 14:01:43.455
72.17348,2019-01-16 14:01:44.576
70.28955,2019-01-16 14:01:45.696
67.77953,2019-01-16 14:01:46.855
66.23983,2019-01-16 14:01:47.966
65.28592,2019-01-16 14:01:49.095
63.808052,2019-01-16 14:01:50.205
63.069115,2019-01-16 14:01:51.326
62.699646,2019-01-16 14:01:52.443
62.768993,2019-01-16 14:01:53.545
63.575226,2019-01-16 14:01:54.673
64.06918,2019-01-16 14:01:55.785
64.50064,2019-01-16 14:01:56.905
64.84744,2019-01-16 14:01:58.016
65.29922,2019-01-16 14:01:59.185
65.5251,2019-01-16 14:02:00.285
65.58774,2019-01-16 14:02:01.405
65.669365,2019-01-16 14:02:02.526
65.710175,2019-01-16 14:02:03.643
66.03482,2019-01-16 14:02:04.805
66.31607,2019-01-16 14:02:05.924
66.55893,2019-01-16 14:02:07.036
67.295265,2019-01-16 14:02:08.146
68.20302,2019-01-16 14:02:09.256
69.27675,2019-01-16 14:02:10.386
70.61565,2019-01-16 14:02:11.487
71.636246,2019-01-16 14:02:12.61
74.900894,2019-01-16 14:02:13.731
77.600204,2019-01-16 14:02:14.86
79.04173,2019-01-16 14:02:15.956
79.799835,2019-01-16 14:02:17.076
80.17889,2019-01-16 14:02:18.176
80.2392,2019-01-16 14:02:19.295
79.92702,2019-01-16 14:02:20.416
79.008286,2019-01-16 14:02:21.576
77.42494,2019-01-16 14:02:22.695
75.43089,2019-01-16 14:02:23.795
73.31419,2019-01-16 14:02:24.916
71.432526,2019-01-16 14:02:26.046
70.433304,2019-01-16 14:02:27.145
69.9337,2019-01-16 14:02:28.276
69.74228,2019-01-16 14:02:29.385
70.25979,2019-01-16 14:02:30.496
71.03917,2019-01-16 14:02:31.666
71.87982,2019-01-16 14:02:32.765
72.30015,2019-01-16 14:02:33.897
72.510315,2019-01-16 14:02:34.995
72.12915,2019-01-16 14:02:36.116
71.50276,2019-01-16 14:02:37.235
71.14233,2019-01-16 14:02:38.345
70.24043,2019-01-16 14:02:39.466
69.26363,2019-01-16 14:02:40.593
67.959656,2019-01-16 14:02:41.688
66.81685,2019-01-16 14:02:42.811
65.68248,2019-01-16 14:02:43.937
64.2921,2019-01-16 14:02:45.086
63.35608,2019-01-16 14:02:46.206
62.806175,2019-01-16 14:02:47.326
62.34413,2019-01-16 14:02:48.434
62.113106,2019-01-16 14:02:49.558
61.997597,2019-01-16 14:02:50.691
62.827816,2019-01-16 14:02:51.776
63.972,2019-01-16 14:02:52.895
65.38588,2019-01-16 14:02:54.016
67.45819,2019-01-16 14:02:55.126
70.26607,2019-01-16 14:02:56.246
72.305756,2019-01-16 14:02:57.366
73.32559,2019-01-16 14:02:58.476
73.84626,2019-01-16 14:02:59.585
74.23894,2019-01-16 14:03:00.695
74.95346,2019-01-16 14:03:01.826
75.46728,2019-01-16 14:03:02.926
76.31445,2019-01-16 14:03:04.052
78.082565,2019-01-16 14:03:05.166
78.96663,2019-01-16 14:03:06.304
79.40866,2019-01-16 14:03:07.392
79.26238,2019-01-16 14:03:08.516
76.860825,2019-01-16 14:03:09.641
74.49133,2019-01-16 14:03:10.735
71.74214,2019-01-16 14:03:11.855
69.67058,2019-01-16 14:03:12.976
67.7659,2019-01-16 14:03:14.109
65.539154,2019-01-16 14:03:15.261
64.38393,2019-01-16 14:03:16.356
63.729286,2019-01-16 14:03:17.476
63.452324,2019-01-16 14:03:18.595
62.951496,2019-01-16 14:03:19.705
62.64423,2019-01-16 14:03:20.826
62.490597,2019-01-16 14:03:21.947
62.277668,2019-01-16 14:03:23.056
62.132614,2019-01-16 14:03:24.166
61.491272,2019-01-16 14:03:25.276
60.86897,2019-01-16 14:03:26.396
59.941925,2019-01-16 14:03:27.506
59.472687,2019-01-16 14:03:28.633
59.013,2019-01-16 14:03:29.745
58.783157,2019-01-16 14:03:30.916
58.63294,2019-01-16 14:03:32.026
58.55783,2019-01-16 14:03:33.146
58.520275,2019-01-16 14:03:34.246
58.707138,2019-01-16 14:03:35.366
58.80057,2019-01-16 14:03:36.496
58.84729,2019-01-16 14:03:37.646
58.870647,2019-01-16 14:03:38.766
58.311234,2019-01-16 14:03:39.886
57.455437,2019-01-16 14:03:40.985
56.99092,2019-01-16 14:03:42.116
56.361366,2019-01-16 14:03:43.225
56.04659,2019-01-16 14:03:44.376
55.65245,2019-01-16 14:03:45.503
55.69213,2019-01-16 14:03:46.616
55.832108,2019-01-16 14:03:47.736
56.28199,2019-01-16 14:03:48.842
62.942776,2019-01-16 14:03:49.968
75.173584,2019-01-16 14:03:51.09
81.306595,2019-01-16 14:03:52.187
84.37311,2019-01-16 14:03:53.295
85.90636,2019-01-16 14:03:54.427
86.4691,2019-01-16 14:03:55.526
80.55328,2019-01-16 14:03:56.646
76.644485,2019-01-16 14:03:57.755
74.46547,2019-01-16 14:03:58.875
72.99924,2019-01-16 14:03:59.995
71.8345,2019-01-16 14:04:01.105
71.15158,2019-01-16 14:04:02.226
70.42504,2019-01-16 14:04:03.346
70.03543,2019-01-16 14:04:04.456
69.77867,2019-01-16 14:04:05.564
68.954605,2019-01-16 14:04:06.698
67.833435,2019-01-16 14:04:07.797
66.862724,2019-01-16 14:04:08.922
66.2728,2019-01-16 14:04:10.052
65.97784,2019-01-16 14:04:11.135
65.93492,2019-01-16 14:04:12.266
65.95827,2019-01-16 14:04:13.376
66.26245,2019-01-16 14:04:14.485
67.39699,2019-01-16 14:04:15.605
68.42224,2019-01-16 14:04:16.726
69.469986,2019-01-16 14:04:17.835
70.48404,2019-01-16 14:04:18.964
71.25314,2019-01-16 14:04:20.056
71.706215,2019-01-16 14:04:21.176
71.99666,2019-01-16 14:04:22.286
72.22096,2019-01-16 14:04:23.406
73.48567,2019-01-16 14:04:24.576
74.58949,2019-01-16 14:04:25.676
75.680664,2019-01-16 14:04:26.806
77.05346,2019-01-16 14:04:27.905
78.314575,2019-01-16 14:04:29.026
78.94513,2019-01-16 14:04:30.146
79.26041,2019-01-16 14:04:31.252
77.54608,2019-01-16 14:04:32.376
76.68892,2019-01-16 14:04:33.5
76.260345,2019-01-16 14:04:34.595
76.04605,2019-01-16 14:04:35.716
75.9389,2019-01-16 14:04:36.836
75.8262,2019-01-16 14:04:37.955
75.76613,2019-01-16 14:04:39.065
75.73609,2019-01-16 14:04:40.185
75.72479,2019-01-16 14:04:41.285
79.57286,2019-01-16 14:04:42.416
81.49689,2019-01-16 14:04:43.516
82.45891,2019-01-16 14:04:44.635
82.44406,2019-01-16 14:04:45.756
82.418015,2019-01-16 14:04:46.916
81.95181,2019-01-16 14:04:48.035
80.968796,2019-01-16 14:04:49.135
80.477295,2019-01-16 14:04:50.256
80.23154,2019-01-16 14:04:51.366
80.12944,2019-01-16 14:04:52.485
80.078384,2019-01-16 14:04:53.606
80.05286,2019-01-16 14:04:54.778
79.97847,2019-01-16 14:04:55.885
79.54132,2019-01-16 14:04:57.005
79.32275,2019-01-16 14:04:58.116
79.213455,2019-01-16 14:04:59.226
79.84818,2019-01-16 14:05:00.356
80.21009,2019-01-16 14:05:01.455
80.53154,2019-01-16 14:05:02.584
81.10598,2019-01-16 14:05:03.676
81.410355,2019-01-16 14:05:04.805
82.14964,2019-01-16 14:05:05.916
82.51929,2019-01-16 14:05:07.036
82.70411,2019-01-16 14:05:08.147
82.20813,2019-01-16 14:05:09.266
81.960144,2019-01-16 14:05:10.366
81.83615,2019-01-16 14:05:11.495
81.77775,2019-01-16 14:05:12.595
81.95076,2019-01-16 14:05:13.716
82.30704,2019-01-16 14:05:14.885
83.15263,2019-01-16 14:05:15.995
83.754814,2019-01-16 14:05:17.117
84.27974,2019-01-16 14:05:18.235
84.542206,2019-01-16 14:05:19.343
84.67343,2019-01-16 14:05:20.455
84.87381,2019-01-16 14:05:21.566
85.27501,2019-01-16 14:05:22.686
85.47561,2019-01-16 14:05:23.855
85.57591,2019-01-16 14:05:24.955
84.99414,2019-01-16 14:05:26.087
83.79671,2019-01-16 14:05:27.186
83.19798,2019-01-16 14:05:28.306
82.89862,2019-01-16 14:05:29.426
83.55781,2019-01-16 14:05:30.543
83.90842,2019-01-16 14:05:31.705
84.083725,2019-01-16 14:05:32.806
84.15036,2019-01-16 14:05:33.926
84.260796,2019-01-16 14:05:35.035
84.22161,2019-01-16 14:05:36.159
84.20202,2019-01-16 14:05:37.285
84.39377,2019-01-16 14:05:38.376
84.48964,2019-01-16 14:05:39.495
84.579666,2019-01-16 14:05:40.616
84.62468,2019-01-16 14:05:41.726
84.55851,2019-01-16 14:05:42.845
84.017105,2019-01-16 14:05:43.966
83.6378,2019-01-16 14:05:45.076
83.18944,2019-01-16 14:05:46.186
82.80739,2019-01-16 14:05:47.296
82.61636,2019-01-16 14:05:48.416
82.52084,2019-01-16 14:05:49.535
84.13905,2019-01-16 14:05:50.646
84.94815,2019-01-16 14:05:51.773
85.35271,2019-01-16 14:05:52.886
84.35286,2019-01-16 14:05:53.999
83.852936,2019-01-16 14:05:55.117
83.602974,2019-01-16 14:05:56.251
88.39097,2019-01-16 14:05:57.336
90.784966,2019-01-16 14:05:58.445
91.981964,2019-01-16 14:05:59.576
89.77713,2019-01-16 14:06:00.678
87.61452,2019-01-16 14:06:01.795
86.507904,2019-01-16 14:06:02.905
85.954605,2019-01-16 14:06:04.026
85.373695,2019-01-16 14:06:05.244
84.94943,2019-01-16 14:06:06.364
84.14601,2019-01-16 14:06:07.495
83.708984,2019-01-16 14:06:08.576
83.49048,2019-01-16 14:06:09.695
83.381226,2019-01-16 14:06:10.805
83.4423,2019-01-16 14:06:11.929
84.15427,2019-01-16 14:06:13.045
84.96994,2019-01-16 14:06:14.205
85.37778,2019-01-16 14:06:15.326
85.581696,2019-01-16 14:06:16.426
84.735176,2019-01-16 14:06:17.546
76.350876,2019-01-16 14:06:18.655
72.134476,2019-01-16 14:06:19.776
69.39844,2019-01-16 14:06:20.895
66.92126,2019-01-16 14:06:22.045
65.68266,2019-01-16 14:06:23.176
65.06337,2019-01-16 14:06:24.326
71.97306,2019-01-16 14:06:25.445
75.47083,2019-01-16 14:06:26.565
77.75183,2019-01-16 14:06:27.676
79.50587,2019-01-16 14:06:28.795
80.472664,2019-01-16 14:06:29.895
81.34387,2019-01-16 14:06:31.026
81.77947,2019-01-16 14:06:32.176
81.99727,2019-01-16 14:06:33.295
81.89438,2019-01-16 14:06:34.416
81.37041,2019-01-16 14:06:35.526
79.2984,2019-01-16 14:06:36.645
76.39978,2019-01-16 14:06:37.773
74.27939,2019-01-16 14:06:38.866
73.14194,2019-01-16 14:06:39.993
72.57321,2019-01-16 14:06:41.096
72.366104,2019-01-16 14:06:42.227
72.26256,2019-01-16 14:06:43.336
71.718796,2019-01-16 14:06:44.456
70.821266,2019-01-16 14:06:45.561
69.76207,2019-01-16 14:06:46.686
68.53192,2019-01-16 14:06:47.811
67.91684,2019-01-16 14:06:48.907
67.6093,2019-01-16 14:06:50.026
67.80606,2019-01-16 14:06:51.147
68.58388,2019-01-16 14:06:52.245
69.032486,2019-01-16 14:06:53.376
69.25679,2019-01-16 14:06:54.526
69.30924,2019-01-16 14:06:55.645
68.83969,2019-01-16 14:06:56.766
67.520355,2019-01-16 14:06:57.866
66.53688,2019-01-16 14:06:58.995
66.04514,2019-01-16 14:07:00.095
65.79927,2019-01-16 14:07:01.226
65.58943,2019-01-16 14:07:02.326
65.48451,2019-01-16 14:07:03.446
65.412964,2019-01-16 14:07:04.565
65.37719,2019-01-16 14:07:05.676
65.3593,2019-01-16 14:07:06.796
66.007484,2019-01-16 14:07:07.916
66.37195,2019-01-16 14:07:09.019
66.637566,2019-01-16 14:07:10.155
67.489944,2019-01-16 14:07:11.269
68.23449,2019-01-16 14:07:12.396
69.441444,2019-01-16 14:07:13.536
71.0321,2019-01-16 14:07:14.649
73.94744,2019-01-16 14:07:15.768
76.00606,2019-01-16 14:07:16.902
77.918015,2019-01-16 14:07:17.985
79.39638,2019-01-16 14:07:19.105
80.13556,2019-01-16 14:07:20.226
80.50515,2019-01-16 14:07:21.336
79.94816,2019-01-16 14:07:22.455
79.66966,2019-01-16 14:07:23.558
79.53041,2019-01-16 14:07:24.685
80.05487,2019-01-16 14:07:25.803
80.33975,2019-01-16 14:07:26.907
80.48219,2019-01-16 14:07:28.03
80.55341,2019-01-16 14:07:29.134
80.1629,2019-01-16 14:07:30.244
79.78974,2019-01-16 14:07:31.365
79.603165,2019-01-16 14:07:32.475
79.50987,2019-01-16 14:07:33.645
80.07933,2019-01-16 14:07:34.765
80.36406,2019-01-16 14:07:35.876
80.506424,2019-01-16 14:07:36.986
79.834915,2019-01-16 14:07:38.107
79.49916,2019-01-16 14:07:39.229
79.33128,2019-01-16 14:07:40.316
80.27814,2019-01-16 14:07:41.445
81.7968,2019-01-16 14:07:42.545
82.55614,2019-01-16 14:07:43.729
82.93581,2019-01-16 14:07:44.85
82.60817,2019-01-16 14:07:45.945
80.24708,2019-01-16 14:07:47.045
78.94055,2019-01-16 14:07:48.23
77.95299,2019-01-16 14:07:49.35
77.45921,2019-01-16 14:07:50.445
77.212326,2019-01-16 14:07:51.545
77.90346,2019-01-16 14:07:52.729
78.24902,2019-01-16 14:07:53.85
78.53513,2019-01-16 14:07:54.945
78.81964,2019-01-16 14:07:56.045
78.9619,2019-01-16 14:07:57.229
78.92901,2019-01-16 14:07:58.351
78.91257,2019-01-16 14:07:59.496
78.894455,2019-01-16 14:08:00.602
78.88541,2019-01-16 14:08:01.733
78.880875,2019-01-16 14:08:02.851
79.106575,2019-01-16 14:08:03.945
80.31314,2019-01-16 14:08:05.066
82.52915,2019-01-16 14:08:06.166
84.12194,2019-01-16 14:08:07.285
85.46423,2019-01-16 14:08:08.396
86.94528,2019-01-16 14:08:09.516
87.68581,2019-01-16 14:08:10.78
88.056076,2019-01-16 14:08:13.102
86.41931,2019-01-16 14:08:14.255
83.52448,2019-01-16 14:08:15.319
81.85744,2019-01-16 14:08:16.448
81.02392,2019-01-16 14:08:17.548
80.60716,2019-01-16 14:08:18.668
82.75996,2019-01-16 14:08:19.799
85.93935,2019-01-16 14:08:20.898
88.34007,2019-01-16 14:08:22.018
89.540436,2019-01-16 14:08:23.121
90.14062,2019-01-16 14:08:24.247
90.20585,2019-01-16 14:08:25.348
90.184616,2019-01-16 14:08:26.479
90.153625,2019-01-16 14:08:27.621
90.13813,2019-01-16 14:08:28.746
90.15076,2019-01-16 14:08:29.85
90.157074,2019-01-16 14:08:30.971
90.34131,2019-01-16 14:08:32.069
90.64415,2019-01-16 14:08:33.189
90.897964,2019-01-16 14:08:34.298
91.44851,2019-01-16 14:08:35.419
92.126976,2019-01-16 14:08:36.539
92.53146,2019-01-16 14:08:37.639
93.216576,2019-01-16 14:08:38.749
93.55913,2019-01-16 14:08:39.88
93.73041,2019-01-16 14:08:40.99
93.81625,2019-01-16 14:08:42.093
94.1062,2019-01-16 14:08:43.217
94.39799,2019-01-16 14:08:44.343
94.55351,2019-01-16 14:08:45.44
94.8794,2019-01-16 14:08:46.549
95.04234,2019-01-16 14:08:47.649
95.55809,2019-01-16 14:08:48.819
95.90689,2019-01-16 14:08:49.93
96.99716,2019-01-16 14:08:51.039
98.32365,2019-01-16 14:08:52.159
99.05516,2019-01-16 14:08:53.309
99.81386,2019-01-16 14:08:54.429
100.19321,2019-01-16 14:08:55.592
100.10927,2019-01-16 14:08:56.722
100.0574,2019-01-16 14:08:57.859
100.03147,2019-01-16 14:08:58.966
98.355255,2019-01-16 14:09:00.092
97.51714,2019-01-16 14:09:01.224
97.09808,2019-01-16 14:09:02.309
97.23427,2019-01-16 14:09:03.429
97.70186,2019-01-16 14:09:04.529
98.476,2019-01-16 14:09:05.649
98.86307,2019-01-16 14:09:06.759
99.056595,2019-01-16 14:09:07.879
98.56091,2019-01-16 14:09:08.979
98.15723,2019-01-16 14:09:10.1
97.03192,2019-01-16 14:09:11.219
96.24878,2019-01-16 14:09:12.33
95.85721,2019-01-16 14:09:13.432
95.67161,2019-01-16 14:09:14.599
95.57881,2019-01-16 14:09:15.719
95.77486,2019-01-16 14:09:16.83
95.88052,2019-01-16 14:09:17.949
95.93336,2019-01-16 14:09:19.049
95.95978,2019-01-16 14:09:20.174
95.75625,2019-01-16 14:09:21.298
95.070404,2019-01-16 14:09:22.389
94.29309,2019-01-16 14:09:23.499
92.66179,2019-01-16 14:09:24.629
91.21451,2019-01-16 14:09:25.729
89.98387,2019-01-16 14:09:26.859
89.36856,2019-01-16 14:09:27.959
89.0609,2019-01-16 14:09:29.079
88.927246,2019-01-16 14:09:30.199
89.0344,2019-01-16 14:09:31.309
90.18939,2019-01-16 14:09:32.409
90.93324,2019-01-16 14:09:33.53
91.884415,2019-01-16 14:09:34.649
92.85864,2019-01-16 14:09:35.755
93.34575,2019-01-16 14:09:36.882
93.09067,2019-01-16 14:09:38.004
92.963135,2019-01-16 14:09:39.099
93.397995,2019-01-16 14:09:40.219
95.213745,2019-01-16 14:09:41.349
96.362015,2019-01-16 14:09:42.439
97.97363,2019-01-16 14:09:43.549
98.779434,2019-01-16 14:09:44.669
98.71391,2019-01-16 14:09:45.79
98.1121,2019-01-16 14:09:46.899
97.57049,2019-01-16 14:09:48.019
96.81784,2019-01-16 14:09:49.131
95.89409,2019-01-16 14:09:50.241
94.62443,2019-01-16 14:09:51.351
93.491554,2019-01-16 14:09:52.467
92.89645,2019-01-16 14:09:53.593
92.44562,2019-01-16 14:09:54.713
92.21471,2019-01-16 14:09:55.809
91.63051,2019-01-16 14:09:56.929
91.33841,2019-01-16 14:09:58.039
91.19235,2019-01-16 14:09:59.149
92.47043,2019-01-16 14:10:00.259
94.79261,2019-01-16 14:10:01.369
95.953705,2019-01-16 14:10:02.499
96.53425,2019-01-16 14:10:03.607
95.70383,2019-01-16 14:10:04.729
95.28862,2019-01-16 14:10:05.837
95.08102,2019-01-16 14:10:06.949
101.65293,2019-01-16 14:10:08.072
104.93889,2019-01-16 14:10:09.18
106.58186,2019-01-16 14:10:10.306
107.08339,2019-01-16 14:10:11.399
107.33415,2019-01-16 14:10:12.519
107.345184,2019-01-16 14:10:13.639
107.46505,2019-01-16 14:10:14.446
107.40997,2019-01-16 14:10:16.231
107.38243,2019-01-16 14:10:17.333
106.993164,2019-01-16 14:10:18.433
106.548645,2019-01-16 14:10:19.564
106.326385,2019-01-16 14:10:20.663
106.215256,2019-01-16 14:10:21.782
106.18759,2019-01-16 14:10:22.902
106.17375,2019-01-16 14:10:24.002
106.16684,2019-01-16 14:10:25.112
106.05436,2019-01-16 14:10:26.224
105.530136,2019-01-16 14:10:27.36
104.44494,2019-01-16 14:10:28.452
103.43415,2019-01-16 14:10:29.572
102.91019,2019-01-16 14:10:30.693
101.47562,2019-01-16 14:10:31.859
99.52687,2019-01-16 14:10:32.953
97.95302,2019-01-16 14:10:34.073
95.954346,2019-01-16 14:10:35.184
94.95502,2019-01-16 14:10:36.294
94.34576,2019-01-16 14:10:37.405
94.04112,2019-01-16 14:10:38.524
93.79938,2019-01-16 14:10:39.644
93.52635,2019-01-16 14:10:40.754
87.91677,2019-01-16 14:10:41.854
84.91237,2019-01-16 14:10:42.974
83.410164,2019-01-16 14:10:44.104
82.65906,2019-01-16 14:10:45.212
82.52617,2019-01-16 14:10:46.328
82.5726,2019-01-16 14:10:47.474
82.59581,2019-01-16 14:10:48.594
82.49454,2019-01-16 14:10:49.703
82.25278,2019-01-16 14:10:50.827
81.42503,2019-01-16 14:10:51.923
0.0,2019-01-16 14:10:53.043
0.0,2019-01-16 14:10:54.201
0.0,2019-01-16 14:11:27.743
0.0,2019-01-16 14:11:40.843
0.0,2019-01-16 14:12:13.773
0.0,2019-01-16 14:12:47.902
0.0,2019-01-16 14:12:49.034
0.0,2019-01-16 14:12:50.133
0.0,2019-01-16 14:14:01.132
0.0,2019-01-16 14:14:02.233
0.0,2019-01-16 14:14:03.452
0.0,2019-01-16 14:14:04.572
0.0,2019-01-16 14:20:12.096
0.0,2019-01-16 14:20:13.254
0.0,2019-01-16 14:20:14.366
0.0,2019-01-16 14:20:15.573
0.0,2019-01-16 14:20:19.587
0.0,2019-01-16 14:20:20.716
0.0,2019-01-16 14:20:21.816
0.0,2019-01-16 14:20:22.936
0.0,2019-01-16 14:20:24.056
0.0,2019-01-16 14:20:25.166
0.0,2019-01-16 14:20:26.326
0.0,2019-01-16 14:20:33.955
0.0,2019-01-16 14:21:03.367
0.0,2019-01-16 14:21:04.459
0.0,2019-01-16 14:21:05.591
0.0,2019-01-16 14:21:06.687
0.0,2019-01-16 14:21:07.797
0.0,2019-01-16 14:21:08.977
0.0,2019-01-16 14:21:10.092
0.0,2019-01-16 14:21:11.198
0.0,2019-01-16 14:21:12.307
0.0,2019-01-16 14:21:13.426
154.33934,2019-01-16 14:21:14.536
154.33934,2019-01-16 14:21:15.656
154.33934,2019-01-16 14:21:16.756
0.0,2019-01-16 14:21:17.926
0.0,2019-01-16 14:21:19.036
0.0,2019-01-16 14:21:20.156
0.0,2019-01-16 14:21:21.276
0.0,2019-01-16 14:21:22.376
0.0,2019-01-16 14:21:23.495
0.0,2019-01-16 14:21:24.666
0.0,2019-01-16 14:21:25.766
0.0,2019-01-16 14:21:26.886
0.0,2019-01-16 14:21:28.013
0.0,2019-01-16 14:21:29.126
0.0,2019-01-16 14:21:30.226
0.0,2019-01-16 14:21:31.356
0.0,2019-01-16 14:21:32.456
0.0,2019-01-16 14:21:33.588
0.0,2019-01-16 14:21:34.707
0.0,2019-01-16 14:21:35.808
0.0,2019-01-16 14:21:36.933
0.0,2019-01-16 14:21:38.026
0.0,2019-01-16 14:21:39.146
0.0,2019-01-16 14:21:40.256
0.0,2019-01-16 14:21:41.376
0.0,2019-01-16 14:21:42.497
0.0,2019-01-16 14:21:43.616
0.0,2019-01-16 14:21:44.716
0.0,2019-01-16 14:21:45.847
0.0,2019-01-16 14:21:46.997
0.0,2019-01-16 14:21:48.116
0.0,2019-01-16 14:21:49.287
0.0,2019-01-16 14:21:50.396
0.0,2019-01-16 14:21:51.564
0.0,2019-01-16 14:21:52.681
0.0,2019-01-16 14:21:53.776
0.0,2019-01-16 14:21:54.896
0.0,2019-01-16 14:21:56.058
0.0,2019-01-16 14:21:57.182
94.71753,2019-01-16 14:21:58.317
94.71753,2019-01-16 14:21:59.396
94.71753,2019-01-16 14:22:00.558
94.71753,2019-01-16 14:22:01.682
94.88171,2019-01-16 14:22:02.839
94.96379,2019-01-16 14:22:03.957
94.998535,2019-01-16 14:22:05.078
95.02221,2019-01-16 14:22:06.182
95.369934,2019-01-16 14:22:07.308
96.17267,2019-01-16 14:22:08.431
96.574036,2019-01-16 14:22:09.526
96.77472,2019-01-16 14:22:10.646
79.24082,2019-01-16 14:22:11.766
68.7227,2019-01-16 14:22:12.869
62.030518,2019-01-16 14:22:14.026
58.33032,2019-01-16 14:22:15.146
56.480217,2019-01-16 14:22:16.266
55.90927,2019-01-16 14:22:17.376
56.33159,2019-01-16 14:22:18.537
59.63932,2019-01-16 14:22:19.646
63.466377,2019-01-16 14:22:20.766
66.29112,2019-01-16 14:22:21.876
80.53057,2019-01-16 14:22:23.061
87.6503,2019-01-16 14:22:24.156
91.21016,2019-01-16 14:22:25.276
92.69862,2019-01-16 14:22:26.376
92.50014,2019-01-16 14:22:27.496
91.880844,2019-01-16 14:22:28.606
91.54228,2019-01-16 14:22:29.733
91.18907,2019-01-16 14:22:30.847
91.01247,2019-01-16 14:22:31.947
90.924164,2019-01-16 14:22:33.106
91.16446,2019-01-16 14:22:34.226
91.28461,2019-01-16 14:22:35.347
91.34468,2019-01-16 14:22:36.447
91.374725,2019-01-16 14:22:37.576
91.38974,2019-01-16 14:22:38.676
91.73151,2019-01-16 14:22:39.797
91.90239,2019-01-16 14:22:40.905
91.98783,2019-01-16 14:22:42.041
91.98242,2019-01-16 14:22:43.155
91.27745,2019-01-16 14:22:44.247
90.87952,2019-01-16 14:22:45.376
90.68054,2019-01-16 14:22:46.486
90.62651,2019-01-16 14:22:47.596
90.5995,2019-01-16 14:22:48.78
90.54054,2019-01-16 14:22:49.876
90.25693,2019-01-16 14:22:50.987
90.11511,2019-01-16 14:22:52.096
90.044205,2019-01-16 14:22:53.216
90.326744,2019-01-16 14:22:54.326
90.46802,2019-01-16 14:22:55.446
90.53865,2019-01-16 14:22:56.566
90.415695,2019-01-16 14:22:57.666
89.981735,2019-01-16 14:22:58.777
89.039825,2019-01-16 14:22:59.904
88.35085,2019-01-16 14:23:01.006
87.74199,2019-01-16 14:23:02.121
86.930954,2019-01-16 14:23:03.247
86.52544,2019-01-16 14:23:04.371
86.258736,2019-01-16 14:23:05.466
86.05727,2019-01-16 14:23:06.576
85.89827,2019-01-16 14:23:07.706
85.87704,2019-01-16 14:23:08.806
85.741745,2019-01-16 14:23:09.916
85.6741,2019-01-16 14:23:11.036
85.198166,2019-01-16 14:23:12.156
84.96019,2019-01-16 14:23:13.276
84.82643,2019-01-16 14:23:14.387
84.62282,2019-01-16 14:23:15.506
84.05385,2019-01-16 14:23:16.606
83.76936,2019-01-16 14:23:17.737
83.62712,2019-01-16 14:23:18.84
84.122086,2019-01-16 14:23:19.964
84.59505,2019-01-16 14:23:21.099
85.173294,2019-01-16 14:23:22.187
85.46242,2019-01-16 14:23:23.307
85.60698,2019-01-16 14:23:24.408
84.96159,2019-01-16 14:23:25.526
84.18706,2019-01-16 14:23:26.637
83.66321,2019-01-16 14:23:27.756
83.40128,2019-01-16 14:23:28.876
83.270325,2019-01-16 14:23:29.976
83.20484,2019-01-16 14:23:31.137
82.89436,2019-01-16 14:23:32.256
82.39731,2019-01-16 14:23:33.367
82.14877,2019-01-16 14:23:34.476
82.36633,2019-01-16 14:23:35.606
82.4769,2019-01-16 14:23:36.706
83.44991,2019-01-16 14:23:37.827
84.490585,2019-01-16 14:23:38.933
85.429214,2019-01-16 14:23:40.059
85.89853,2019-01-16 14:23:41.183
86.28371,2019-01-16 14:23:42.276
86.55748,2019-01-16 14:23:43.399
86.82775,2019-01-16 14:23:44.516
87.18886,2019-01-16 14:23:45.626
87.369415,2019-01-16 14:23:46.776
87.45969,2019-01-16 14:23:47.906
87.495026,2019-01-16 14:23:49.016
87.51163,2019-01-16 14:23:50.126
87.47278,2019-01-16 14:23:51.247
87.453354,2019-01-16 14:23:52.347
87.44364,2019-01-16 14:23:53.477
87.43878,2019-01-16 14:23:54.576
87.3611,2019-01-16 14:23:55.697
87.32226,2019-01-16 14:23:56.806
87.19606,2019-01-16 14:23:57.926
86.9883,2019-01-16 14:23:59.076
86.65365,2019-01-16 14:24:00.197
86.246506,2019-01-16 14:24:01.314
85.86688,2019-01-16 14:24:02.421
85.55444,2019-01-16 14:24:03.547
83.64993,2019-01-16 14:24:04.652
82.69768,2019-01-16 14:24:05.777
82.22155,2019-01-16 14:24:06.902
83.39584,2019-01-16 14:24:07.997
84.54133,2019-01-16 14:24:09.116
85.2632,2019-01-16 14:24:10.227
85.66401,2019-01-16 14:24:11.336
85.8878,2019-01-16 14:24:12.456
85.999695,2019-01-16 14:24:13.574
86.05564,2019-01-16 14:24:14.687
86.08362,2019-01-16 14:24:15.787
86.0976,2019-01-16 14:24:16.946
86.02473,2019-01-16 14:24:18.066
86.38139,2019-01-16 14:24:19.186
86.545,2019-01-16 14:24:20.306
86.6268,2019-01-16 14:24:21.416
86.667694,2019-01-16 14:24:22.517
86.68814,2019-01-16 14:24:23.642
86.41254,2019-01-16 14:24:24.767
86.240685,2019-01-16 14:24:25.868
85.434555,2019-01-16 14:24:26.993
84.974594,2019-01-16 14:24:28.086
84.63983,2019-01-16 14:24:29.208
84.12457,2019-01-16 14:24:30.326
83.85187,2019-01-16 14:24:31.507
83.669754,2019-01-16 14:24:32.647
83.24359,2019-01-16 14:24:33.767
82.0831,2019-01-16 14:24:34.868
81.18014,2019-01-16 14:24:35.993
80.72865,2019-01-16 14:24:37.147
80.82563,2019-01-16 14:24:38.267
80.928635,2019-01-16 14:24:39.416
81.034744,2019-01-16 14:24:40.53
81.33669,2019-01-16 14:24:41.647
81.48767,2019-01-16 14:24:42.766
81.563156,2019-01-16 14:24:43.887
81.16493,2019-01-16 14:24:44.992
80.03523,2019-01-16 14:24:46.115
78.6608,2019-01-16 14:24:47.216
77.97358,2019-01-16 14:24:48.326
78.43956,2019-01-16 14:24:49.456
81.63052,2019-01-16 14:24:50.556
83.25798,2019-01-16 14:24:51.676
84.49176,2019-01-16 14:24:52.798
85.10866,2019-01-16 14:24:53.897
85.54169,2019-01-16 14:24:55.006
85.453766,2019-01-16 14:24:56.176
85.409805,2019-01-16 14:24:57.296
84.77054,2019-01-16 14:24:58.456
84.25784,2019-01-16 14:24:59.558
83.793976,2019-01-16 14:25:00.676
83.35149,2019-01-16 14:25:01.861
82.46559,2019-01-16 14:25:02.956
82.022644,2019-01-16 14:25:04.068
81.80117,2019-01-16 14:25:05.238
81.18724,2019-01-16 14:25:06.37
80.78834,2019-01-16 14:25:07.507
80.58888,2019-01-16 14:25:08.625
80.48916,2019-01-16 14:25:09.738
81.17592,2019-01-16 14:25:10.871
82.14017,2019-01-16 14:25:11.956
82.73436,2019-01-16 14:25:13.076
83.03145,2019-01-16 14:25:14.176
83.06793,2019-01-16 14:25:15.296
82.92387,2019-01-16 14:25:16.406
82.68061,2019-01-16 14:25:17.526
81.571365,2019-01-16 14:25:18.646
81.01675,2019-01-16 14:25:19.747
80.73944,2019-01-16 14:25:20.876
80.67398,2019-01-16 14:25:21.976
81.0062,2019-01-16 14:25:23.097
81.17232,2019-01-16 14:25:24.202
81.25537,2019-01-16 14:25:25.326
81.595184,2019-01-16 14:25:26.457
81.91156,2019-01-16 14:25:27.546
82.06975,2019-01-16 14:25:28.666
82.64872,2019-01-16 14:25:29.825
82.9382,2019-01-16 14:25:30.95
83.183014,2019-01-16 14:25:32.146
83.20535,2019-01-16 14:25:33.256
83.20219,2019-01-16 14:25:34.376
83.11389,2019-01-16 14:25:35.487
83.156456,2019-01-16 14:25:36.597
83.177734,2019-01-16 14:25:37.716
83.256676,2019-01-16 14:25:38.823
83.29614,2019-01-16 14:25:39.948
0.0,2019-01-16 14:25:41.101
82.793144,2019-01-16 14:25:42.217
81.77034,2019-01-16 14:25:43.322
80.34279,2019-01-16 14:25:44.448
0.0,2019-01-16 14:25:45.592
79.272125,2019-01-16 14:25:46.716
79.09367,2019-01-16 14:25:47.835
78.9597,2019-01-16 14:25:48.947
79.08336,2019-01-16 14:25:50.071
78.81328,2019-01-16 14:25:51.156
78.67824,2019-01-16 14:25:52.286
79.113464,2019-01-16 14:25:53.387
79.39085,2019-01-16 14:25:54.507
80.0388,2019-01-16 14:25:55.616
80.476135,2019-01-16 14:25:56.737
80.69479,2019-01-16 14:25:57.856
80.80412,2019-01-16 14:25:58.956
80.86832,2019-01-16 14:26:00.076
80.90161,2019-01-16 14:26:01.197
81.35394,2019-01-16 14:26:02.307
81.65466,2019-01-16 14:26:03.417
81.97853,2019-01-16 14:26:04.537
82.77005,2019-01-16 14:26:05.66
83.282486,2019-01-16 14:26:06.756
84.09891,2019-01-16 14:26:07.876
84.51253,2019-01-16 14:26:08.976
85.15074,2019-01-16 14:26:10.096
85.59935,2019-01-16 14:26:11.216
85.87695,2019-01-16 14:26:12.326
86.57298,2019-01-16 14:26:13.447
87.53024,2019-01-16 14:26:14.547
88.10089,2019-01-16 14:26:15.656
88.71487,2019-01-16 14:26:16.777
89.113815,2019-01-16 14:26:17.897
89.39174,2019-01-16 14:26:19.001
89.7781,2019-01-16 14:26:20.126
90.42366,2019-01-16 14:26:21.227
90.76568,2019-01-16 14:26:22.397
90.93669,2019-01-16 14:26:23.5
91.00296,2019-01-16 14:26:24.627
90.64838,2019-01-16 14:26:25.751
90.471085,2019-01-16 14:26:26.847
90.177826,2019-01-16 14:26:27.966
90.031204,2019-01-16 14:26:29.086
89.91698,2019-01-16 14:26:30.186
89.745224,2019-01-16 14:26:31.296
89.20207,2019-01-16 14:26:32.466
88.9305,2019-01-16 14:26:33.576
88.79471,2019-01-16 14:26:34.688
88.7733,2019-01-16 14:26:35.897
88.762596,2019-01-16 14:26:37.027
89.16565,2019-01-16 14:26:38.138
89.589905,2019-01-16 14:26:39.251
94.31108,2019-01-16 14:26:40.349
96.67168,2019-01-16 14:26:41.466
97.851974,2019-01-16 14:26:42.587
96.29489,2019-01-16 14:26:43.687
95.36171,2019-01-16 14:26:44.806
94.5672,2019-01-16 14:26:45.926
94.05539,2019-01-16 14:26:47.037
92.606964,2019-01-16 14:26:48.187
91.88275,2019-01-16 14:26:49.306
91.520645,2019-01-16 14:26:50.416
92.036224,2019-01-16 14:26:51.536
92.29402,2019-01-16 14:26:52.656
92.428665,2019-01-16 14:26:53.756
92.49599,2019-01-16 14:26:54.866
92.52965,2019-01-16 14:26:55.991
92.33017,2019-01-16 14:26:57.112
92.44674,2019-01-16 14:26:58.212
92.51634,2019-01-16 14:26:59.337
92.90706,2019-01-16 14:27:00.461
93.173805,2019-01-16 14:27:01.607
93.307175,2019-01-16 14:27:02.712
93.302475,2019-01-16 14:27:03.838
92.36063,2019-01-16 14:27:04.962
91.889694,2019-01-16 14:27:06.106
91.654236,2019-01-16 14:27:07.22
91.74475,2019-01-16 14:27:08.366
91.79001,2019-01-16 14:27:09.487
91.81264,2019-01-16 14:27:10.656
92.89345,2019-01-16 14:27:11.766
93.91133,2019-01-16 14:27:12.887
95.448425,2019-01-16 14:27:13.988
96.21697,2019-01-16 14:27:15.156
96.60124,2019-01-16 14:27:16.266
96.75105,2019-01-16 14:27:17.387
96.82596,2019-01-16 14:27:18.487
96.86342,2019-01-16 14:27:19.646
96.88214,2019-01-16 14:27:20.756
96.89151,2019-01-16 14:27:21.926
96.46251,2019-01-16 14:27:23.036
95.72242,2019-01-16 14:27:24.147
93.78565,2019-01-16 14:27:25.256
92.81727,2019-01-16 14:27:26.376
92.33308,2019-01-16 14:27:27.487
92.65843,2019-01-16 14:27:28.607
94.296844,2019-01-16 14:27:29.712
96.5056,2019-01-16 14:27:30.839
98.66225,2019-01-16 14:27:31.961
99.74057,2019-01-16 14:27:33.107
100.27973,2019-01-16 14:27:34.213
99.924545,2019-01-16 14:27:35.35
98.69415,2019-01-16 14:27:36.461
97.5435,2019-01-16 14:27:37.558
96.96817,2019-01-16 14:27:38.676
96.68051,2019-01-16 14:27:39.787
97.180466,2019-01-16 14:27:40.896
98.37378,2019-01-16 14:27:42.006
99.03903,2019-01-16 14:27:43.126
101.305405,2019-01-16 14:27:44.296
103.81993,2019-01-16 14:27:45.397
105.077194,2019-01-16 14:27:46.506
105.705826,2019-01-16 14:27:47.631
103.1239,2019-01-16 14:27:48.746
101.76109,2019-01-16 14:27:49.847
99.30557,2019-01-16 14:27:50.976
98.07782,2019-01-16 14:27:52.126
97.22162,2019-01-16 14:27:53.246
97.03584,2019-01-16 14:27:54.357
97.21968,2019-01-16 14:27:55.476
97.3116,2019-01-16 14:27:56.626
96.863174,2019-01-16 14:27:57.746
96.63896,2019-01-16 14:27:58.906
95.26839,2019-01-16 14:28:00.026
94.561874,2019-01-16 14:28:01.176
86.92824,2019-01-16 14:28:02.287
81.77992,2019-01-16 14:28:03.406
79.205765,2019-01-16 14:28:04.556
77.918686,2019-01-16 14:28:05.676
76.82151,2019-01-16 14:28:06.796
76.24895,2019-01-16 14:28:07.897
75.755844,2019-01-16 14:28:09.026
75.25032,2019-01-16 14:28:10.139
74.14766,2019-01-16 14:28:11.247
72.792244,2019-01-16 14:28:12.364
72.11453,2019-01-16 14:28:13.476
71.77568,2019-01-16 14:28:14.597
75.49453,2019-01-16 14:28:15.746
77.51436,2019-01-16 14:28:16.856
87.75867,2019-01-16 14:28:17.976
93.382965,2019-01-16 14:28:19.097
96.195114,2019-01-16 14:28:20.197
97.59239,2019-01-16 14:28:21.327
97.879074,2019-01-16 14:28:22.429
98.022415,2019-01-16 14:28:23.597
97.866295,2019-01-16 14:28:24.698
97.40289,2019-01-16 14:28:25.807
97.17119,2019-01-16 14:28:26.929
97.05534,2019-01-16 14:28:28.054
97.24443,2019-01-16 14:28:29.178
97.41004,2019-01-16 14:28:30.276
97.49284,2019-01-16 14:28:31.476
97.53425,2019-01-16 14:28:32.587
96.84096,2019-01-16 14:28:33.711
96.49431,2019-01-16 14:28:34.827
96.320984,2019-01-16 14:28:35.927
97.286194,2019-01-16 14:28:37.051
97.83168,2019-01-16 14:28:38.175
98.20818,2019-01-16 14:28:39.266
98.467545,2019-01-16 14:28:40.387
98.60918,2019-01-16 14:28:41.496
98.59693,2019-01-16 14:28:42.606
98.590805,2019-01-16 14:28:43.767
98.367004,2019-01-16 14:28:44.887
97.831726,2019-01-16 14:28:46.007
97.49931,2019-01-16 14:28:47.116
96.571625,2019-01-16 14:28:48.237
95.94667,2019-01-16 14:28:49.337
95.6342,2019-01-16 14:28:50.456
95.47797,2019-01-16 14:28:51.576
97.20537,2019-01-16 14:28:52.687
98.416374,2019-01-16 14:28:53.806
99.02188,2019-01-16 14:28:54.907
99.32463,2019-01-16 14:28:56.027
92.64624,2019-01-16 14:28:57.135
89.30704,2019-01-16 14:28:58.265
87.637436,2019-01-16 14:28:59.381
87.506325,2019-01-16 14:29:00.476
88.73935,2019-01-16 14:29:01.596
89.9185,2019-01-16 14:29:02.716
95.28233,2019-01-16 14:29:03.817
98.435425,2019-01-16 14:29:04.926
100.09343,2019-01-16 14:29:06.057
100.92244,2019-01-16 14:29:07.166
101.58328,2019-01-16 14:29:08.276
101.9137,2019-01-16 14:29:09.387
102.0789,2019-01-16 14:29:10.546
102.024796,2019-01-16 14:29:11.666
101.99774,2019-01-16 14:29:12.816
101.92164,2019-01-16 14:29:14.003
101.822586,2019-01-16 14:29:15.096
101.83406,2019-01-16 14:29:16.206
102.4261,2019-01-16 14:29:17.316
103.839386,2019-01-16 14:29:18.437
104.85495,2019-01-16 14:29:19.546
105.36273,2019-01-16 14:29:20.666
105.3077,2019-01-16 14:29:21.766
105.28018,2019-01-16 14:29:22.887
105.125946,2019-01-16 14:29:24.006
105.04883,2019-01-16 14:29:25.116
105.00189,2019-01-16 14:29:26.238
105.06792,2019-01-16 14:29:27.387
105.01143,2019-01-16 14:29:28.506
105.07268,2019-01-16 14:29:29.716
104.67589,2019-01-16 14:29:30.826
104.561646,2019-01-16 14:29:31.998
104.504524,2019-01-16 14:29:33.086
104.95797,2019-01-16 14:29:34.266
104.792755,2019-01-16 14:29:35.371
105.648544,2019-01-16 14:29:36.535
106.07644,2019-01-16 14:29:37.637
105.74069,2019-01-16 14:29:38.745
105.572815,2019-01-16 14:29:39.87
106.19526,2019-01-16 14:29:41.037
106.506485,2019-01-16 14:29:42.137
106.83522,2019-01-16 14:29:43.267
107.0105,2019-01-16 14:29:44.369
107.10869,2019-01-16 14:29:45.499
107.34742,2019-01-16 14:29:46.647
107.46678,2019-01-16 14:29:47.775
107.32628,2019-01-16 14:29:48.867
107.375565,2019-01-16 14:29:49.993
107.40021,2019-01-16 14:29:51.137
107.201614,2019-01-16 14:29:52.249
107.31323,2019-01-16 14:29:53.365
107.539406,2019-01-16 14:29:54.495
109.63453,2019-01-16 14:29:55.612
110.68929,2019-01-16 14:29:56.706
111.216675,2019-01-16 14:29:57.826
111.47316,2019-01-16 14:29:58.946
110.18825,2019-01-16 14:30:00.046
109.52188,2019-01-16 14:30:01.212
109.188705,2019-01-16 14:30:02.326
109.02211,2019-01-16 14:30:03.446
108.165596,2019-01-16 14:30:04.546
99.16138,2019-01-16 14:30:05.656
94.65927,2019-01-16 14:30:06.776
92.40822,2019-01-16 14:30:07.896
102.40001,2019-01-16 14:30:08.998
107.568375,2019-01-16 14:30:10.106
110.15256,2019-01-16 14:30:11.227
111.27218,2019-01-16 14:30:12.347
111.449066,2019-01-16 14:30:13.496
111.53751,2019-01-16 14:30:14.616
111.558914,2019-01-16 14:30:15.726
111.59244,2019-01-16 14:30:16.847
111.69359,2019-01-16 14:30:17.947
111.87784,2019-01-16 14:30:19.072
111.9886,2019-01-16 14:30:20.207
112.04398,2019-01-16 14:30:21.287
112.07167,2019-01-16 14:30:22.416
111.6167,2019-01-16 14:30:23.526
111.29438,2019-01-16 14:30:24.626
111.01958,2019-01-16 14:30:25.756
110.88218,2019-01-16 14:30:26.857
110.927124,2019-01-16 14:30:27.976
110.94959,2019-01-16 14:30:29.087
110.84718,2019-01-16 14:30:30.197
110.44858,2019-01-16 14:30:31.307
110.104004,2019-01-16 14:30:32.476
108.787186,2019-01-16 14:30:33.595
108.12877,2019-01-16 14:30:34.706
107.79956,2019-01-16 14:30:35.806
107.831894,2019-01-16 14:30:36.926
108.25784,2019-01-16 14:30:38.047
110.37556,2019-01-16 14:30:39.206
111.43442,2019-01-16 14:30:40.306
111.963844,2019-01-16 14:30:41.427
110.32523,2019-01-16 14:30:42.547
109.50593,2019-01-16 14:30:43.655
108.86882,2019-01-16 14:30:44.779
108.15064,2019-01-16 14:30:45.927
107.79155,2019-01-16 14:30:47.047
107.32568,2019-01-16 14:30:48.163
106.79689,2019-01-16 14:30:49.278
106.53249,2019-01-16 14:30:50.401
0.0,2019-01-16 14:30:51.496
