timestamp,x,y,z,label
2018-10-05 14:42:28.999,0.59017074,0.4141969,9.877279,walking_downstairs
2018-10-05 14:42:29.159,0.58538234,0.51954174,9.882068,walking_downstairs
2018-10-05 14:42:29.319,0.51355624,0.5243302,9.872491,walking_downstairs
2018-10-05 14:42:29.479,0.59017074,0.5386954,9.810242,walking_downstairs
2018-10-05 14:42:29.639,0.59974754,0.7206547,9.757569,walking_downstairs
2018-10-05 14:42:29.799,0.61411273,0.7637503,9.834184,walking_downstairs
2018-10-05 14:42:29.959,0.59495914,0.6727707,9.791088,walking_downstairs
2018-10-05 14:42:30.119,0.61890113,0.7110779,9.901221,walking_downstairs
2018-10-05 14:42:30.279,0.5327099,0.6823475,9.829395,walking_downstairs
2018-10-05 14:42:30.439,0.5518635,0.61530983,9.901221,walking_downstairs
2018-10-05 14:42:30.599,0.5805939,0.62967503,9.834184,walking_downstairs
2018-10-05 14:42:30.759,0.49919105,0.7015011,9.800665,walking_downstairs
2018-10-05 14:42:30.919,0.60453594,0.7733272,9.81503,walking_downstairs
2018-10-05 14:42:31.079,0.49440265,0.7637503,9.829395,walking_downstairs
2018-10-05 14:42:31.239,0.4321534,0.6775591,9.8677025,walking_downstairs
2018-10-05 14:42:31.399,0.5422867,0.7637503,9.8198185,walking_downstairs
2018-10-05 14:42:31.559,0.5662287,0.81642276,9.800665,walking_downstairs
2018-10-05 14:42:31.719,0.5805939,0.8834604,9.81503,walking_downstairs
2018-10-05 14:42:31.879,0.6380547,0.85473,9.805453,walking_downstairs
2018-10-05 14:42:32.039,0.748188,0.9600749,9.503783,walking_downstairs
2018-10-05 14:42:32.199,0.81522566,0.62967503,9.321824,walking_downstairs
2018-10-05 14:42:32.359,1.4137762,0.6967127,8.239645,walking_downstairs
2018-10-05 14:42:32.519,2.528277,-0.22146365,7.2245035,walking_downstairs
2018-10-05 14:42:32.679,8.6334915,-4.272453,3.4560301,walking_downstairs
2018-10-05 14:42:32.839,10.994174,-8.883685,0.17118542,walking_downstairs
2018-10-05 14:42:32.999,8.6095495,-6.1303535,1.9859903,walking_downstairs
2018-10-05 14:42:33.159,8.135497,-6.2021794,2.895787,walking_downstairs
2018-10-05 14:42:33.319,8.590396,-4.6220064,1.650802,walking_downstairs
2018-10-05 14:42:33.479,9.902418,-3.1998506,0.30047232,walking_downstairs
2018-10-05 14:42:33.639,5.9184666,-3.2573113,0.89902276,walking_downstairs
2018-10-05 14:42:33.799,4.9943047,-2.3570917,1.9668367,walking_downstairs
2018-10-05 14:42:33.959,16.136919,-5.3833623,4.0306387,walking_downstairs
2018-10-05 14:42:34.119,8.676587,-6.513426,3.8774097,walking_downstairs
2018-10-05 14:42:34.279,4.1802764,-6.5948286,4.950012,walking_downstairs
2018-10-05 14:42:34.439,16.4338,-5.637148,3.8151605,walking_downstairs
2018-10-05 14:42:34.599,9.9790325,-5.1822495,0.90381116,walking_downstairs
2018-10-05 14:42:34.759,4.9081135,-2.2182279,1.1145009,walking_downstairs
2018-10-05 14:42:34.919,5.434838,-2.7257986,3.144784,walking_downstairs
2018-10-05 14:42:35.079,13.412318,-5.5461683,4.0545807,walking_downstairs
2018-10-05 14:42:35.239,7.062895,-5.843049,3.642778,walking_downstairs
2018-10-05 14:42:35.399,17.152061,-4.626795,2.8048072,walking_downstairs
2018-10-05 14:42:35.559,7.513005,-5.445612,1.8471266,walking_downstairs
2018-10-05 14:42:35.719,5.722142,-2.6013002,0.7266402,walking_downstairs
2018-10-05 14:42:35.879,9.667787,-3.5063083,1.4305356,walking_downstairs
2018-10-05 14:42:36.039,13.273455,-4.167108,3.4464533,walking_downstairs
2018-10-05 14:42:36.199,8.0445175,-5.565322,2.148796,walking_downstairs
2018-10-05 14:42:36.359,4.6782703,-7.4471645,4.859032,walking_downstairs
2018-10-05 14:42:36.519,18.009186,-4.8135424,2.1583729,walking_downstairs
2018-10-05 14:42:36.679,7.536947,-3.9947255,1.2916719,walking_downstairs
2018-10-05 14:42:36.839,3.7349546,-2.385822,1.0043676,walking_downstairs
2018-10-05 14:42:36.999,2.5570073,-2.2038627,1.7753005,walking_downstairs
2018-10-05 14:42:37.159,16.132132,-10.913968,2.8766334,walking_downstairs
2018-10-05 14:42:37.319,8.303091,-6.6187706,3.0681696,walking_downstairs
2018-10-05 14:42:37.479,5.2528787,-5.5222263,2.7617116,walking_downstairs
2018-10-05 14:42:37.639,6.1626754,-4.655525,2.3355439,walking_downstairs
2018-10-05 14:42:37.799,18.53112,-7.2747817,1.5310919,walking_downstairs
2018-10-05 14:42:37.959,6.799533,-3.894169,1.2533646,walking_downstairs
2018-10-05 14:42:38.119,4.0797195,-2.4672248,1.2964603,walking_downstairs
2018-10-05 14:42:38.279,10.769119,-4.1240125,3.3842041,walking_downstairs
2018-10-05 14:42:38.439,11.779472,-4.1718965,3.7481227,walking_downstairs
2018-10-05 14:42:38.599,5.841852,-6.211756,3.4320881,walking_downstairs
2018-10-05 14:42:38.759,5.755661,-4.607641,2.8191724,walking_downstairs
2018-10-05 14:42:38.919,17.405846,-5.7041855,2.1200657,walking_downstairs
2018-10-05 14:42:39.079,10.175357,-4.1814733,0.961272,walking_downstairs
2018-10-05 14:42:39.239,5.257667,-3.0897174,0.51595044,walking_downstairs
2018-10-05 14:42:39.399,8.99741,-4.0665517,1.1719618,walking_downstairs
2018-10-05 14:42:39.559,8.973468,-2.4193408,2.019509,walking_downstairs
2018-10-05 14:42:39.719,7.2113357,-4.373009,2.967613,walking_downstairs
2018-10-05 14:42:39.879,9.093178,-4.1383777,1.6172832,walking_downstairs
2018-10-05 14:42:40.039,8.0445175,-3.9803603,0.6548142,walking_downstairs
2018-10-05 14:42:40.199,11.224017,-4.7896004,-0.18195933,walking_downstairs
2018-10-05 14:42:40.359,10.333375,-3.8654387,-0.7565677,walking_downstairs
2018-10-05 14:42:40.519,8.240842,-3.4967315,0.15203181,walking_downstairs
2018-10-05 14:42:40.679,7.929596,-3.5446155,1.0905589,walking_downstairs
2018-10-05 14:42:40.839,9.830592,-3.7840357,3.1064768,walking_downstairs
2018-10-05 14:42:40.999,9.414001,-3.8127663,2.7665,walking_downstairs
2018-10-05 14:42:41.159,7.776367,-4.4161053,2.1392193,walking_downstairs
2018-10-05 14:42:41.319,6.7803793,-3.9324763,2.1200657,walking_downstairs
2018-10-05 14:42:41.479,4.9703627,-3.1040826,1.9045875,walking_downstairs
2018-10-05 14:42:41.639,9.02614,-3.927688,1.9237411,walking_downstairs
2018-10-05 14:42:41.799,11.654974,-3.2381577,1.1575965,walking_downstairs
2018-10-05 14:42:41.959,5.4061074,-3.4440591,1.2054806,walking_downstairs
2018-10-05 14:42:42.119,4.7644615,-2.730587,1.4401124,walking_downstairs
2018-10-05 14:42:42.279,9.619903,-4.3634324,3.0921116,walking_downstairs
2018-10-05 14:42:42.439,8.590396,-4.88058,4.772841,walking_downstairs
2018-10-05 14:42:42.599,6.5505357,-3.5206735,2.6659436,walking_downstairs
2018-10-05 14:42:42.759,6.6079965,-3.0992942,2.2541409,walking_downstairs
2018-10-05 14:42:42.919,4.9559975,-1.9931729,2.0530279,walking_downstairs
2018-10-05 14:42:43.079,15.543158,-4.272453,2.100912,walking_downstairs
2018-10-05 14:42:43.239,10.084377,-5.2875943,1.7178397,walking_downstairs
2018-10-05 14:42:43.399,4.8841715,-3.5446155,2.043451,walking_downstairs
2018-10-05 14:42:43.559,8.6095495,-4.095282,1.6843209,walking_downstairs
2018-10-05 14:42:43.719,14.164097,-5.9483943,5.318719,walking_downstairs
2018-10-05 14:42:43.879,10.036493,-1.4329298,2.4408886,walking_downstairs
2018-10-05 14:42:44.039,6.95755,-2.1511903,2.0290859,walking_downstairs
2018-10-05 14:42:44.199,4.9416323,-1.4760253,2.2014685,walking_downstairs
2018-10-05 14:42:44.359,6.6654577,-1.6101006,2.3451207,walking_downstairs
2018-10-05 14:42:44.519,18.239029,-5.0625396,1.8902222,walking_downstairs
2018-10-05 14:42:44.679,7.4028716,-5.345055,1.555034,walking_downstairs
2018-10-05 14:42:44.839,4.9655743,-3.0753522,1.6555905,walking_downstairs
2018-10-05 14:42:44.999,10.673351,-4.703409,2.7329812,walking_downstairs
2018-10-05 14:42:45.159,11.190498,-4.1718965,4.1359835,walking_downstairs
2018-10-05 14:42:45.319,7.240066,-4.320337,2.8670566,walking_downstairs
2018-10-05 14:42:45.479,7.1155677,-6.221333,5.4671597,walking_downstairs
2018-10-05 14:42:45.639,4.43885,-2.5821466,7.181408,walking_downstairs
2018-10-05 14:42:45.799,4.735731,-2.7401638,10.720038,walking_downstairs
2018-10-05 14:42:45.959,1.5286977,1.0319009,9.929952,walking_downstairs
2018-10-05 14:42:46.119,-0.09816227,1.8219875,8.392874,walking_downstairs
2018-10-05 14:42:46.279,-0.7110779,0.557849,9.479841,walking_downstairs
2018-10-05 14:42:46.439,-0.36152446,1.8219875,9.293094,walking_downstairs
2018-10-05 14:42:46.599,-0.074220255,1.6304513,9.532514,walking_downstairs
2018-10-05 14:42:46.759,-0.24660277,1.6400281,9.939528,walking_downstairs
2018-10-05 14:42:46.919,-0.33279404,1.5634137,9.767146,walking_downstairs
2018-10-05 14:42:47.079,-0.4237737,1.697489,9.494206,walking_downstairs
2018-10-05 14:42:47.239,-0.5626374,1.5346833,9.733627,walking_downstairs
2018-10-05 14:42:47.399,-0.47165772,1.7741034,9.838972,walking_downstairs
2018-10-05 14:42:47.559,-0.4141969,1.6208745,9.743204,walking_downstairs
2018-10-05 14:42:47.719,-0.47644615,1.697489,9.642648,walking_downstairs
2018-10-05 14:42:47.879,-0.37588966,1.6304513,9.728839,walking_downstairs
2018-10-05 14:42:48.039,-0.32800564,1.7501614,9.7863,walking_downstairs
2018-10-05 14:42:48.199,-0.39504328,1.7884687,9.728839,walking_downstairs
2018-10-05 14:42:48.359,-0.35194764,1.8794483,9.661801,walking_downstairs
2018-10-05 14:42:48.519,-0.38067806,1.8602947,9.618706,walking_downstairs
2018-10-05 14:42:48.679,-0.3184288,1.7932571,9.700109,walking_downstairs
2018-10-05 14:42:48.839,-0.2896984,1.9273324,9.709685,walking_downstairs
2018-10-05 14:42:48.999,-0.29927522,1.8746599,9.700109,walking_downstairs
2018-10-05 14:42:49.159,-0.32800564,1.7980455,9.657013,walking_downstairs
2018-10-05 14:42:49.319,-0.30406362,1.8602947,9.738416,walking_downstairs
2018-10-05 14:42:49.479,-0.31364042,1.9177556,9.676167,walking_downstairs
2018-10-05 14:42:49.639,-0.32800564,1.7166426,9.618706,walking_downstairs
2018-10-05 14:42:49.799,-0.28491,1.9560628,9.676167,walking_downstairs
2018-10-05 19:24:9.96,0.055066638,1.4449008,9.56723,walking_downstairs
2018-10-05 19:24:10.12,0.050278235,1.3874398,9.624691,walking_downstairs
2018-10-05 19:24:10.28,0.1364695,1.3874398,9.619903,walking_downstairs
2018-10-05 19:24:10.44,0.06464344,1.4065934,9.586384,walking_downstairs
2018-10-05 19:24:10.6,0.055066638,1.435324,9.600749,walking_downstairs
2018-10-05 19:24:10.76,0.14604631,1.3395559,9.509769,walking_downstairs
2018-10-05 19:24:10.92,0.107739076,1.3682863,9.543288,walking_downstairs
2018-10-05 19:24:11.08,0.1412579,1.2485762,9.610326,walking_downstairs
2018-10-05 19:24:11.24,0.06464344,1.353921,9.682152,walking_downstairs
2018-10-05 19:24:11.4,0.08379706,1.2485762,9.600749,walking_downstairs
2018-10-05 19:24:11.56,0.055066638,1.353921,9.605537,walking_downstairs
2018-10-05 19:24:11.72,0.059855044,1.2725182,9.576807,walking_downstairs
2018-10-05 19:24:11.88,0.059855044,1.4305356,9.677363,walking_downstairs
2018-10-05 19:24:12.04,0.050278235,1.2868834,9.605537,walking_downstairs
2018-10-05 19:24:12.2,0.06464344,1.3108255,9.591172,walking_downstairs
2018-10-05 19:24:12.36,0.088585466,1.3012487,9.643845,walking_downstairs
2018-10-05 19:24:12.52,0.16519992,1.3970166,9.615114,walking_downstairs
2018-10-05 19:24:12.68,0.14604631,1.3826514,9.634268,walking_downstairs
2018-10-05 19:24:12.84,0.10295067,1.3251907,9.56723,walking_downstairs
2018-10-05 19:24:13.0,0.09816227,1.4161704,9.662998,walking_downstairs
2018-10-05 19:24:13.16,0.09816227,1.2198458,9.648633,walking_downstairs
2018-10-05 19:24:13.32,0.11731588,1.4065934,9.619903,walking_downstairs
2018-10-05 19:24:13.48,0.11731588,1.3682863,9.682152,walking_downstairs
2018-10-05 19:24:13.64,0.15562311,1.2485762,9.5385,walking_downstairs
2018-10-05 19:24:13.8,-0.053869538,1.5837644,9.390059,walking_downstairs
2018-10-05 19:24:13.96,0.18914193,1.4736311,9.792285,walking_downstairs
2018-10-05 19:24:14.12,0.46208093,1.6986861,9.428367,walking_downstairs
2018-10-05 19:24:14.28,0.011971008,1.9859903,9.332599,walking_downstairs
2018-10-05 19:24:14.44,0.074220255,2.019509,8.887277,walking_downstairs
2018-10-05 19:24:14.6,-0.077811554,1.9189527,9.758766,walking_downstairs
2018-10-05 19:24:14.76,0.36631286,0.41060558,9.648633,walking_downstairs
2018-10-05 19:24:14.92,-0.029927522,-1.2066777,5.209783,walking_downstairs
2018-10-05 19:24:15.08,5.1116204,-3.2561142,1.8926164,walking_downstairs
2018-10-05 19:24:15.24,12.690466,-5.425261,-1.7357962,walking_downstairs
2018-10-05 19:24:15.4,11.052833,-3.3997664,0.34117374,walking_downstairs
2018-10-05 19:24:15.56,6.054936,-4.146757,0.37469256,walking_downstairs
2018-10-05 19:24:15.72,7.371747,-8.111555,5.2720323,walking_downstairs
2018-10-05 19:24:15.88,7.290344,-4.9895163,1.2557588,walking_downstairs
2018-10-05 19:24:16.04,6.730101,-2.767697,2.1655555,walking_downstairs
2018-10-05 19:24:16.2,12.067974,-1.661576,0.62847793,walking_downstairs
2018-10-05 19:24:16.36,2.2768857,-2.9017725,2.9508536,walking_downstairs
2018-10-05 19:24:16.52,13.212402,-4.687847,5.5737014,walking_downstairs
2018-10-05 19:24:16.68,9.822212,-2.96881,2.457648,walking_downstairs
2018-10-05 19:24:16.84,3.6128504,-5.5880666,3.8175547,walking_downstairs
2018-10-05 19:24:17.0,19.595345,-3.5194764,2.9987376,walking_downstairs
2018-10-05 19:24:17.16,9.563639,-3.940856,0.91578215,walking_downstairs
2018-10-05 19:24:17.32,4.5274353,-1.8195933,1.4185646,walking_downstairs
2018-10-05 19:24:17.48,5.729325,-3.107674,3.357868,walking_downstairs
2018-10-05 19:24:17.64,15.73589,-3.9025488,3.3722332,walking_downstairs
2018-10-05 19:24:17.8,6.9647326,-5.6646814,3.027468,walking_downstairs
2018-10-05 19:24:17.96,6.1650696,-5.434838,3.9947255,walking_downstairs
2018-10-05 19:24:18.12,18.173187,-2.0494366,2.3953989,walking_downstairs
2018-10-05 19:24:18.28,9.396045,-2.7581203,0.50397944,walking_downstairs
2018-10-05 19:24:18.44,3.2920272,-0.82360536,1.7633295,walking_downstairs
2018-10-05 19:24:18.6,2.9041667,-3.0310593,3.74094,walking_downstairs
2018-10-05 19:24:18.76,9.865308,-6.105214,2.2373815,walking_downstairs
2018-10-05 19:24:18.92,6.2847795,-6.4164605,4.373009,walking_downstairs
2018-10-05 19:24:19.08,14.352042,-1.541866,3.2716765,walking_downstairs
2018-10-05 19:24:19.24,7.299921,-4.0222588,0.8295909,walking_downstairs
2018-10-05 19:24:19.4,5.925649,-1.5179238,3.0561984,walking_downstairs
2018-10-05 19:24:19.56,9.683349,-2.504335,4.7548847,walking_downstairs
2018-10-05 19:24:19.72,5.7963624,-3.9983168,4.593276,walking_downstairs
2018-10-05 19:24:19.88,15.869966,-5.9424086,2.2709002,walking_downstairs
2018-10-05 19:24:20.04,8.356961,-3.1124623,0.35553896,walking_downstairs
2018-10-05 19:24:20.2,8.109161,-2.3798366,0.39863458,walking_downstairs
2018-10-05 19:24:20.36,7.429208,-3.3518825,2.3331497,walking_downstairs
2018-10-05 19:24:20.52,10.526108,-3.514688,2.9987376,walking_downstairs
2018-10-05 19:24:20.68,9.305065,-3.7588966,2.8502972,walking_downstairs
2018-10-05 19:24:20.84,8.672996,-2.992752,1.5095441,walking_downstairs
2018-10-05 19:24:21.0,12.949039,-4.050989,0.33638534,walking_downstairs
2018-10-05 19:24:21.16,9.951499,-3.4620156,-0.4381389,walking_downstairs
2018-10-05 19:24:21.32,8.807071,-2.3750482,-0.11731588,walking_downstairs
2018-10-05 19:24:21.48,9.419987,-2.1260512,1.9069817,walking_downstairs
2018-10-05 19:24:21.64,7.5824366,-2.552219,3.5110967,walking_downstairs
2018-10-05 19:24:21.8,8.027759,-3.2465374,3.4105403,walking_downstairs
2018-10-05 19:24:21.96,5.9783216,-2.1499932,2.529474,walking_downstairs
2018-10-05 19:24:22.12,6.691794,-2.0015526,1.6675615,walking_downstairs
2018-10-05 19:24:22.28,15.161283,-2.566584,1.6723499,walking_downstairs
2018-10-05 19:24:22.44,6.9264255,-2.0254946,2.1080947,walking_downstairs
2018-10-05 19:24:22.6,6.1650696,-1.733402,1.4377182,walking_downstairs
2018-10-05 19:24:22.76,9.161413,-4.0318356,2.4289176,walking_downstairs
2018-10-05 19:24:22.92,10.492589,-4.0318356,4.286818,walking_downstairs
2018-10-05 19:24:23.08,7.405266,-2.7389667,2.7497406,walking_downstairs
2018-10-05 19:24:23.24,6.9360023,-1.9632454,2.4624364,walking_downstairs
2018-10-05 19:24:23.4,13.27944,-1.6376339,2.7736826,walking_downstairs
2018-10-05 19:24:23.56,12.700043,0.20470424,1.7298107,walking_downstairs
2018-10-05 19:24:23.72,4.6950297,-2.7389667,1.638831,walking_downstairs
2018-10-05 19:24:23.88,8.77834,-3.083732,0.973243,walking_downstairs
2018-10-05 19:24:24.04,7.00304,-1.9393034,2.6396074,walking_downstairs
2018-10-05 19:24:24.2,11.847707,-1.1300632,5.0038815,walking_downstairs
2018-10-05 19:24:24.36,6.0262055,-1.4460979,2.505532,walking_downstairs
2018-10-05 19:24:24.52,8.60117,-2.9783869,1.9596541,walking_downstairs
2018-10-05 19:24:24.68,7.0940194,-2.4468741,1.3515269,walking_downstairs
2018-10-05 19:24:24.84,16.540342,-2.5187001,0.92057055,walking_downstairs
2018-10-05 19:24:25.0,6.1411276,-1.8531121,0.92535895,walking_downstairs
2018-10-05 19:24:25.16,5.729325,-2.6240451,1.0163386,walking_downstairs
2018-10-05 19:24:25.32,7.6255326,-2.858677,1.2988545,walking_downstairs
2018-10-05 19:24:25.48,14.936227,-5.1140146,2.5821466,walking_downstairs
2018-10-05 19:24:25.64,7.860164,-2.6719291,3.3722332,walking_downstairs
2018-10-05 19:24:25.8,6.739678,-2.7150247,4.2676644,walking_downstairs
2018-10-05 19:24:25.96,15.027207,-2.2409728,2.1559787,walking_downstairs
2018-10-05 19:24:26.12,13.6673,-5.506664,-0.49081135,walking_downstairs
2018-10-05 19:24:26.28,4.3742065,-5.2624555,5.425261,walking_downstairs
2018-10-05 19:24:26.44,0.5243302,0.1376666,8.949526,walking_downstairs
2018-10-05 19:24:26.6,1.5011644,-0.40701428,9.169792,walking_downstairs
2018-10-05 19:24:26.76,2.2050598,-0.6368576,8.183381,walking_downstairs
2018-10-05 19:24:26.92,1.2234371,1.033098,9.624691,walking_downstairs
2018-10-05 19:24:27.08,0.260968,0.60214174,8.7771435,walking_downstairs
2018-10-05 19:24:27.24,-0.2837129,0.80325466,9.653421,walking_downstairs
2018-10-05 19:24:27.4,-0.16400282,0.07062895,9.610326,walking_downstairs
2018-10-05 19:24:27.56,-0.073023155,0.32920274,9.682152,walking_downstairs
2018-10-05 19:24:27.72,-0.08738836,0.142455,9.562442,walking_downstairs
2018-10-05 19:24:27.88,-0.10175357,0.36272156,9.825804,walking_downstairs
2018-10-05 19:24:28.04,-0.33159694,0.49679685,9.65821,walking_downstairs
2018-10-05 19:24:28.2,-0.21667525,0.47285482,9.696517,walking_downstairs
2018-10-05 19:24:28.36,-0.25498247,0.60214174,9.696517,walking_downstairs
2018-10-05 19:24:28.52,-0.3172317,0.5255273,9.706094,walking_downstairs
2018-10-05 19:24:28.68,-0.25498247,0.59256494,9.643845,walking_downstairs
2018-10-05 19:24:28.84,-0.29328972,0.688333,9.662998,walking_downstairs
2018-10-05 19:24:29.0,-0.23582886,0.5494693,9.854534,walking_downstairs
2018-10-05 19:24:29.16,-0.23582886,0.62608373,9.677363,walking_downstairs
2018-10-05 19:24:29.32,-0.1592144,0.81761986,9.763555,walking_downstairs
2018-10-05 19:24:29.48,-0.16879122,0.9516952,9.586384,walking_downstairs
2018-10-05 19:24:29.64,-0.25019407,0.7218518,9.634268,walking_downstairs
2018-10-05 19:24:29.8,-0.29807812,0.78888947,9.65821,walking_downstairs
2018-10-05 19:24:29.96,-0.22146365,1.1815386,9.725247,walking_downstairs
2018-10-05 19:24:30.12,-0.39384618,0.736217,9.653421,walking_downstairs
2018-10-05 19:24:30.28,-0.19752164,0.5494693,9.706094,walking_downstairs
2018-10-05 19:24:30.44,-0.5327099,0.6691794,9.528923,walking_downstairs
2018-10-05 19:24:30.6,-0.33159694,0.58777654,9.80665,walking_downstairs
2018-10-05 19:24:30.76,-0.32202014,1.0809821,9.643845,walking_downstairs
2018-10-05 19:24:30.92,-0.4417302,0.5351041,9.854534,walking_downstairs
2018-10-05 19:24:31.08,-0.16879122,0.6787562,9.720459,walking_downstairs
2018-10-05 19:24:31.24,-0.45609543,0.5590461,9.586384,walking_downstairs
2018-10-05 19:24:31.4,-0.3842694,0.5734113,9.715671,walking_downstairs
2018-10-05 19:24:31.56,-0.32680854,0.50637364,9.811439,walking_downstairs
2018-10-05 19:24:31.72,-0.2885013,0.7649474,9.619903,walking_downstairs
2018-10-05 19:24:31.88,-0.5422867,0.6691794,9.840169,walking_downstairs
2018-10-05 19:24:32.04,-0.24061728,0.664391,9.710882,walking_downstairs
2018-10-05 19:24:32.2,-0.36990416,0.5686229,9.662998,walking_downstairs
2018-10-05 19:24:32.36,-0.30765492,0.46806642,9.68694,walking_downstairs
2018-10-05 19:24:32.52,0.10295067,0.688333,9.643845,walking_downstairs
2018-10-05 19:24:32.68,-0.58538234,0.2765303,9.557653,walking_downstairs
2018-10-05 19:50:43.588,-0.2669535,1.0139444,9.587581,walking
2018-10-05 19:50:43.748,-0.37708676,0.6548142,9.812635,walking
2018-10-05 19:50:43.908,-0.022744916,0.80325466,9.783905,walking
2018-10-05 19:50:44.068,-0.11372458,1.0809821,9.645041,walking
2018-10-05 19:50:44.228,-0.22385786,0.94690675,9.788693,walking
2018-10-05 19:50:44.388,-0.46806642,0.91338795,9.7563715,walking
2018-10-05 19:50:44.548,-0.2669535,0.6931214,9.698911,walking
2018-10-05 19:50:44.708,-0.35793316,0.8702923,9.694122,walking
2018-10-05 19:50:44.868,-0.36272156,0.9660604,9.837775,walking
2018-10-05 19:50:45.028,-0.32441434,0.91817635,9.698911,walking
2018-10-05 19:50:45.188,-0.24779987,0.8367735,9.847352,walking
2018-10-05 19:50:45.348,-0.40581718,0.8607155,9.679757,walking
2018-10-05 19:50:45.508,-0.30526072,0.94211835,9.847352,walking
2018-10-05 19:50:45.668,-0.34835634,0.8415619,9.665392,walking
2018-10-05 19:50:45.828,-0.31004912,1.5981296,9.8042555,walking
2018-10-05 19:50:45.988,-0.45848963,1.0139444,9.7324295,walking
2018-10-05 19:50:46.148,-0.38187516,1.2485762,9.636662,walking
2018-10-05 19:50:46.308,-0.18076223,1.4496891,9.40203,walking
2018-10-05 19:50:46.468,1.5753847,1.780089,6.9743094,walking
2018-10-05 19:50:46.628,3.7684734,-4.027047,5.6239796,walking
2018-10-05 19:50:46.788,11.232397,-4.984728,-1.6627731,walking
2018-10-05 19:50:46.948,13.071144,-7.785944,-1.5239093,walking
2018-10-05 19:50:47.108,7.9667063,-5.971139,0.15562311,walking
2018-10-05 19:50:47.268,8.507795,-4.9895163,1.5442601,walking
2018-10-05 19:50:47.428,11.423933,-5.0661306,1.6448165,walking
2018-10-05 19:50:47.588,13.1717005,-3.8067808,2.2146366,walking
2018-10-05 19:50:47.748,7.0186024,-0.92895025,1.4772224,walking
2018-10-05 19:50:47.908,7.8086886,-2.3080103,1.4149733,walking
2018-10-05 19:50:48.068,9.551667,-4.8698063,1.7166426,walking
2018-10-05 19:50:48.228,8.627506,-4.7979803,1.3623008,walking
2018-10-05 19:50:48.388,8.239645,-4.88896,1.1994951,walking
2018-10-05 19:50:48.548,10.854114,-3.4380736,0.7398083,walking
2018-10-05 19:50:48.708,14.019248,0.46806642,0.18435353,walking
2018-10-05 19:50:48.868,8.177396,-0.81402856,1.0271125,walking
2018-10-05 19:50:49.028,8.627506,-4.3526587,2.1619642,walking
2018-10-05 19:50:49.188,8.354567,-6.196194,3.2824504,walking
2018-10-05 19:50:49.348,9.877279,-4.8841715,1.5394717,walking
2018-10-05 19:50:49.508,10.135853,-3.4045548,0.48123455,walking
2018-10-05 19:50:49.668,7.277176,-0.05746084,0.25617957,walking
2018-10-05 19:50:49.828,11.716026,-3.040636,-0.092176765,walking
2018-10-05 19:50:49.988,8.900445,-4.2425256,2.2864625,walking
2018-10-05 19:50:50.148,8.416816,-5.602432,3.3399115,walking
2018-10-05 19:50:50.308,12.611458,-5.8466406,3.1675289,walking
2018-10-05 19:50:50.468,11.620258,-4.572925,1.3910311,walking
2018-10-05 19:50:50.628,7.8326306,-2.3415294,0.09816227,walking
2018-10-05 19:50:50.788,8.028955,-1.8052281,1.079785,walking
2018-10-05 19:50:50.948,8.866926,-3.86903,1.4580688,walking
2018-10-05 19:50:51.108,8.967483,-5.00867,2.3774424,walking
2018-10-05 19:50:51.268,8.819042,-6.133945,4.402937,walking
2018-10-05 19:50:51.428,15.5515375,-5.6407394,3.1723173,walking
2018-10-05 19:50:51.588,10.643424,-2.9735985,0.5243302,walking
2018-10-05 19:50:51.748,6.903681,-1.1109096,0.06943185,walking
2018-10-05 19:50:51.908,8.512584,-2.2744915,0.92176765,walking
2018-10-05 19:50:52.068,12.137405,-4.5394063,1.8650831,walking
2018-10-05 19:50:52.228,7.9427643,-5.070919,2.5258827,walking
2018-10-05 19:50:52.388,7.9331875,-6.129156,3.4739866,walking
2018-10-05 19:50:52.548,13.334506,-3.7349546,1.7118542,walking
2018-10-05 19:50:52.708,11.107899,-2.753332,0.32321724,walking
2018-10-05 19:50:52.868,7.219715,-1.9919758,0.04070143,walking
2018-10-05 19:50:53.028,9.613917,-3.1890767,1.1085154,walking
2018-10-05 19:50:53.188,11.486182,-4.390966,1.5586253,walking
2018-10-05 19:50:53.348,8.7951,-5.3199162,2.56419,walking
2018-10-05 19:50:53.508,7.890092,-6.196194,3.0430303,walking
2018-10-05 19:50:53.668,10.370484,-3.9600096,1.6065093,walking
2018-10-05 19:50:53.828,11.136629,-2.882619,0.82599956,walking
2018-10-05 19:50:53.988,8.340201,-2.0973208,0.079008654,walking
2018-10-05 19:50:54.148,11.821371,-2.111686,0.4429273,walking
2018-10-05 19:50:54.308,9.51336,-3.4476504,1.8986019,walking
2018-10-05 19:50:54.468,10.20289,-5.6551046,2.7988217,walking
2018-10-05 19:50:54.628,8.589199,-5.93762,2.8275523,walking
2018-10-05 19:50:54.788,11.371261,-4.261679,1.5586253,walking
2018-10-05 19:50:54.948,10.451887,-3.2369606,0.34237084,walking
2018-10-05 19:50:55.108,7.32506,-3.0885203,0.94092125,walking
2018-10-05 19:50:55.268,9.139865,-2.7964275,1.5059528,walking
2018-10-05 19:50:55.428,10.111911,-2.719813,1.8459295,walking
2018-10-05 19:50:55.588,9.101558,-4.9320555,1.8794483,walking
2018-10-05 19:50:55.748,8.617929,-4.951209,2.1763294,walking
2018-10-05 19:50:55.908,9.527725,-4.357447,1.673547,walking
2018-10-05 19:50:56.068,13.195642,-5.377377,1.448492,walking
2018-10-05 19:50:56.228,10.44231,-3.1172507,1.4820108,walking
2018-10-05 19:50:56.388,6.3721676,-2.954445,1.8459295,walking
2018-10-05 19:50:56.548,8.421604,-2.4277205,1.8028339,walking
2018-10-05 19:50:56.708,15.470135,-3.916914,0.82599956,walking
2018-10-05 19:50:56.868,10.605117,-4.5154643,-1.5047557,walking
2018-10-05 19:50:57.028,6.477513,-2.9783869,-0.8583213,walking
2018-10-05 19:50:57.188,9.106346,-4.7405195,-0.92535895,walking
2018-10-05 19:50:57.348,8.708909,-4.510676,4.4316673,walking
2018-10-05 19:50:57.508,7.961918,-4.721366,2.813187,walking
2018-10-05 19:50:57.668,12.132617,-4.271256,1.6112977,walking
2018-10-05 19:50:57.828,9.728839,-2.6479871,1.673547,walking
2018-10-05 19:50:57.988,9.130288,-2.5187001,0.40940848,walking
2018-10-05 19:50:58.148,9.015367,-3.2561142,2.4109612,walking
2018-10-05 19:50:58.308,10.609905,-5.2385135,0.9744401,walking
2018-10-05 19:50:58.468,8.541314,-5.659893,1.2330139,walking
2018-10-05 19:50:58.628,7.349002,-4.156334,0.8403648,walking
2018-10-05 19:50:58.788,10.815806,-2.9352913,1.1085154,walking
2018-10-05 19:50:58.948,9.556456,-2.7389667,0.80684596,walking
2018-10-05 19:50:59.108,8.263587,-3.1842883,0.78769237,walking
2018-10-05 19:50:59.268,10.351331,-2.408567,1.4580688,walking
2018-10-05 19:50:59.428,10.006566,-4.8362875,1.1755531,walking
2018-10-05 19:50:59.588,7.0952168,-5.659893,1.4341269,walking
2018-10-05 19:50:59.748,7.9906483,-2.9975405,1.0606314,walking
2018-10-05 19:50:59.908,10.811018,-3.4284968,1.2378023,walking
2018-10-05 19:51:0.068,9.240421,-2.6001031,0.48123455,walking
2018-10-05 19:51:0.228,10.830172,-3.3997664,0.61052144,walking
2018-10-05 19:51:0.388,10.035296,-3.5529952,2.0278888,walking
2018-10-05 19:51:0.548,9.7719345,-4.3861775,2.1811178,walking
2018-10-05 19:51:0.708,8.268375,-5.5976434,2.2146366,walking
2018-10-05 19:51:0.868,7.2388687,-3.5482068,1.1324574,walking
2018-10-05 19:51:1.028,10.14543,-2.9496565,1.0079589,walking
2018-10-05 19:51:1.188,8.852561,-2.4277205,0.25139117,walking
2018-10-05 19:51:1.348,10.997766,-3.4380736,0.7398083,walking
2018-10-05 19:51:1.508,9.968259,-3.7924154,2.8898015,walking
2018-10-05 19:51:1.668,9.331401,-5.386954,2.3056161,walking
2018-10-05 19:51:1.828,10.547656,-5.57849,2.372654,walking
2018-10-05 19:51:1.988,8.522161,-3.845088,1.0366893,walking
2018-10-05 19:51:2.148,8.512584,-2.5570073,0.4237737,walking
2018-10-05 19:51:2.308,7.2149267,-2.7006595,0.61530983,walking
2018-10-05 19:51:2.468,10.600328,-3.3183637,1.352724,walking
2018-10-05 19:51:2.628,10.289082,-4.644751,2.1619642,walking
2018-10-05 19:51:2.788,8.838196,-4.55856,2.2385786,walking
2018-10-05 19:51:2.948,8.771158,-5.7365074,2.6168625,walking
2018-10-05 19:51:3.108,8.622718,-4.132392,0.7589619,walking
2018-10-05 19:51:3.268,10.188525,-2.9161377,0.055066638,walking
2018-10-05 19:51:3.428,7.3298483,-2.920926,0.04070143,walking
2018-10-05 19:51:3.588,8.924387,-3.5625722,1.9512744,walking
2018-10-05 19:51:3.748,10.906786,-5.0996494,3.1675289,walking
2018-10-05 19:51:3.908,9.704897,-4.9464207,3.5314474,walking
2018-10-05 19:51:4.068,7.32506,-4.8458643,2.5785553,walking
2018-10-05 19:51:4.228,7.98586,-3.3518825,0.38067806,walking
2018-10-05 19:51:4.388,11.22282,-2.9161377,-0.1592144,walking
2018-10-05 19:51:4.548,7.2723875,-2.360683,-0.10654198,walking
2018-10-05 19:51:4.708,7.5884223,-2.8060043,1.8411411,walking
2018-10-05 19:51:4.868,12.563574,-5.530606,3.2968156,walking
2018-10-05 19:51:5.028,8.119935,-3.7684734,3.6607344,walking
2018-10-05 19:51:5.188,8.354567,-4.3239284,2.1332338,walking
2018-10-05 19:51:5.348,13.248315,-2.6910827,0.045489833,walking
2018-10-05 19:51:5.508,10.030508,-3.3375173,-0.48961425,walking
2018-10-05 19:51:5.668,5.922058,-0.48841715,0.89303726,walking
2018-10-05 19:51:5.828,8.201338,-3.3183637,1.8219875,walking
2018-10-05 19:51:5.988,11.443087,-4.9224787,2.741361,walking
2018-10-05 19:51:6.148,8.249222,-6.799533,3.0669725,walking
2018-10-05 19:51:6.308,12.295423,-3.940856,2.420538,walking
2018-10-05 19:51:6.468,13.02326,-3.6774938,1.2425907,walking
2018-10-05 19:51:6.628,7.8326306,-1.7238252,0.40462008,walking
2018-10-05 19:51:6.788,6.745663,-2.0925324,1.0845734,walking
2018-10-05 19:51:6.948,12.33373,-4.0701427,2.0949266,walking
2018-10-05 19:51:7.108,9.48463,-3.964798,1.9752164,walking
2018-10-05 19:51:7.268,7.382521,-5.8801594,2.4971523,walking
2018-10-05 19:51:7.428,10.590752,-3.7062242,2.0853498,walking
2018-10-05 19:51:7.588,11.112687,-2.681506,1.5059528,walking
2018-10-05 19:51:7.748,7.6267295,-2.0159178,1.1228806,walking
2018-10-05 19:51:7.908,7.9810715,-2.633622,1.5394717,walking
2018-10-05 19:51:8.068,12.568362,-3.7684734,2.80361,walking
2018-10-05 19:51:8.228,9.249998,-5.023035,1.7070658,walking
2018-10-05 19:51:8.388,7.004237,-5.827487,2.348712,walking
2018-10-05 19:51:8.548,8.871715,-3.5003228,1.9273324,walking
2018-10-05 19:51:8.708,11.52449,-2.9161377,1.7166426,walking
2018-10-05 19:51:8.868,6.041768,-0.47405192,1.5442601,walking
2018-10-05 19:51:9.028,10.921151,-2.9161377,0.5530606,walking
2018-10-05 19:51:9.188,11.672931,-5.0900726,1.8171991,walking
2018-10-05 19:51:9.348,9.915586,-5.544971,1.9081788,walking
2018-10-05 19:51:9.508,10.078392,-6.703765,2.7269957,walking
2018-10-05 19:51:9.668,12.846089,-4.3718123,1.7549498,walking
2018-10-05 19:51:9.828,10.183737,-2.992752,0.93134445,walking
2018-10-05 19:51:9.988,7.5549035,-1.8195933,1.2186487,walking
2018-10-05 19:51:10.148,6.927623,-3.394978,1.1803415,walking
2018-10-05 19:51:10.308,11.443087,-5.12838,1.1947067,walking
2018-10-05 19:51:10.468,9.374496,-6.14831,1.5346833,walking
2018-10-05 19:51:10.628,10.681731,-5.3342814,2.1763294,walking
2018-10-05 19:51:10.788,12.860455,-2.9640217,2.837129,walking
2018-10-05 19:51:10.948,9.058462,-2.006341,1.7405846,walking
2018-10-05 19:51:11.108,5.021838,-1.7381904,1.4772224,walking
2018-10-05 19:51:11.268,13.377602,-3.1555579,2.2960393,walking
2018-10-05 19:51:11.428,10.619482,-4.5441947,0.5674258,walking
2018-10-05 19:51:11.588,6.7360864,-4.999093,1.7932571,walking
2018-10-05 19:51:11.748,9.408015,-4.285621,2.4636335,walking
2018-10-05 19:51:11.908,10.605117,-3.2369606,1.8267759,walking
2018-10-05 19:51:12.068,6.6786256,-1.8626889,1.2282255,walking
2018-10-05 19:51:12.228,9.494206,-3.4237084,0.6727707,walking
2018-10-05 19:51:12.388,11.548432,-3.821146,1.6112977,walking
2018-10-05 19:51:12.548,9.063251,-4.9655743,1.553837,walking
2018-10-05 19:51:12.708,9.398438,-5.583278,2.1811178,walking
2018-10-05 19:51:12.868,12.099098,-4.453215,1.5777789,walking
2018-10-05 19:51:13.028,9.838972,-2.825158,1.0989386,walking
2018-10-05 19:51:13.188,6.3482256,-1.8339585,1.0989386,walking
2018-10-05 19:51:13.348,9.163807,-3.8163576,2.5019407,walking
2018-10-05 19:51:13.508,10.08318,-5.5018754,1.6831238,walking
2018-10-05 19:51:13.668,7.717709,-4.841076,1.2090719,walking
2018-10-05 19:51:13.828,14.541184,-6.7612257,1.5011644,walking
2018-10-05 19:51:13.988,12.443863,-3.8786068,1.3958195,walking
2018-10-05 19:51:14.148,10.437522,-2.705448,0.37110126,walking
2018-10-05 19:51:14.308,6.697779,-2.0350714,1.4628572,walking
2018-10-05 19:51:14.468,11.385626,-2.5809495,3.2154129,walking
2018-10-05 19:51:31.243,-0.22385786,3.321955,9.138668,walking
2018-10-05 19:51:31.403,-0.5542577,3.9731777,9.291897,walking
2018-10-05 19:51:31.563,-0.5781997,2.9340942,9.277532,walking
2018-10-05 19:51:31.723,-0.47285482,3.1543608,9.358934,walking
2018-10-05 19:51:31.883,-0.6979098,2.6084828,9.287108,walking
2018-10-05 19:51:32.043,-0.58298814,2.8383262,9.387665,walking
2018-10-05 19:51:32.203,-0.5303157,2.7329812,9.320627,walking
2018-10-05 19:51:32.363,-0.4441244,2.895787,9.406818,walking
2018-10-05 19:51:32.523,-0.5542577,2.8574798,9.306262,walking
2018-10-05 19:51:32.683,-0.5590461,2.8335378,9.358934,walking
2018-10-05 19:51:32.843,-0.4201824,2.814384,9.287108,walking
2018-10-05 19:51:33.003,-0.49679685,2.9053638,9.3733,walking
2018-10-05 19:51:33.163,-0.47764325,2.8526914,9.3733,walking
2018-10-05 19:51:33.323,-0.49200845,2.9005754,9.31105,walking
2018-10-05 19:51:33.483,-0.49679685,2.8574798,9.358934,walking
2018-10-05 19:51:33.643,-0.439336,2.8048072,9.325416,walking
2018-10-05 19:51:33.803,-0.45370123,2.5366566,9.3733,walking
2018-10-05 19:51:33.963,-0.44891283,2.6515784,9.469068,walking
2018-10-05 19:51:34.123,-0.4441244,2.5558102,9.445126,walking
2018-10-05 19:51:34.283,-0.47285482,2.5079262,9.440337,walking
2018-10-05 19:51:34.443,-0.49679685,2.5605986,9.435549,walking
2018-10-05 19:51:34.603,-0.45370123,2.565387,9.416395,walking
2018-10-05 19:51:34.763,-0.4201824,2.4887726,9.421184,walking
2018-10-05 19:51:34.923,-0.4441244,2.541445,9.478644,walking
2018-10-05 19:51:35.083,-0.45848963,2.5318682,9.464279,walking
2018-10-05 19:51:35.243,-0.47285482,2.4791958,9.445126,walking
2018-10-05 19:51:35.403,-0.47285482,2.565387,9.368511,walking
2018-10-05 19:51:35.563,-0.5734113,2.5127146,9.425972,walking
2018-10-05 19:51:35.723,-0.6452374,2.6515784,9.382876,walking
2018-10-05 19:51:35.883,-0.59256494,2.5462334,9.267955,walking
2018-10-05 19:51:36.043,-0.5303157,2.6084828,9.516952,walking
2018-10-05 19:51:36.203,-0.4201824,2.4600422,9.25359,walking
2018-10-05 19:51:36.363,-0.61650693,2.5079262,9.397242,walking
2018-10-05 19:52:31.353,0.33279404,0.3172317,9.770737,walking_upstairs
2018-10-05 19:52:31.513,0.35194764,0.30286652,9.890448,walking_upstairs
2018-10-05 19:52:31.673,0.39025488,0.30286652,9.742006,walking_upstairs
2018-10-05 19:52:31.833,0.39025488,0.33159694,9.837775,walking_upstairs
2018-10-05 19:52:31.993,0.50038815,0.4177882,9.876082,walking_upstairs
2018-10-05 19:52:32.153,0.4285621,0.48482585,9.813833,walking_upstairs
2018-10-05 19:52:32.313,0.35194764,0.33638534,9.799467,walking_upstairs
2018-10-05 19:52:32.473,0.4381389,0.48482585,9.828198,walking_upstairs
2018-10-05 19:52:32.633,0.4381389,0.34596214,9.799467,walking_upstairs
2018-10-05 19:52:32.793,0.4189853,0.45130703,9.775525,walking_upstairs
2018-10-05 19:52:32.953,0.4189853,0.49919105,9.818622,walking_upstairs
2018-10-05 19:52:33.113,0.37588966,0.48482585,9.82341,walking_upstairs
2018-10-05 19:52:33.273,0.4429273,0.36511576,9.871294,walking_upstairs
2018-10-05 19:52:33.433,0.4237737,0.35553896,9.8042555,walking_upstairs
2018-10-05 19:52:33.593,0.29448682,0.50876784,9.76116,walking_upstairs
2018-10-05 19:52:33.753,-0.10654198,0.80564886,9.469068,walking_upstairs
2018-10-05 19:52:33.913,-0.93493575,0.8726865,9.7084875,walking_upstairs
2018-10-05 19:52:34.073,-0.077811554,1.1839328,7.4627266,walking_upstairs
2018-10-05 19:52:34.233,3.9959226,-1.5059528,4.9679685,walking_upstairs
2018-10-05 19:52:34.393,18.504786,-7.750031,-0.36870706,walking_upstairs
2018-10-05 19:52:34.553,11.6430025,-6.1123967,0.78410107,walking_upstairs
2018-10-05 19:52:34.713,6.591237,-5.9543796,1.0809821,walking_upstairs
2018-10-05 19:52:34.873,9.842564,-5.9783216,1.009156,walking_upstairs
2018-10-05 19:52:35.033,10.828975,-4.0581717,0.22385786,walking_upstairs
2018-10-05 19:52:35.193,9.25359,-2.5689783,-0.5410896,walking_upstairs
2018-10-05 19:52:35.353,9.076419,-2.9855695,-0.1388637,walking_upstairs
2018-10-05 19:52:35.513,12.710816,-3.3542767,2.0757728,walking_upstairs
2018-10-05 19:52:35.673,8.736442,-3.4213142,2.9233203,walking_upstairs
2018-10-05 19:52:35.833,8.094796,-3.7229836,3.2249897,walking_upstairs
2018-10-05 19:52:35.993,9.497798,-4.4603977,2.0949266,walking_upstairs
2018-10-05 19:52:36.153,10.263943,-4.8099513,0.5255273,walking_upstairs
2018-10-05 19:52:36.313,10.54167,-3.4261026,0.22864626,walking_upstairs
2018-10-05 19:52:36.473,7.0940194,-2.4157495,0.017956512,walking_upstairs
2018-10-05 19:52:36.633,9.603143,-3.1435869,1.2054806,walking_upstairs
2018-10-05 19:52:36.793,14.717158,-3.4979286,2.099715,walking_upstairs
2018-10-05 19:52:36.953,10.575189,0.034715924,3.0190883,walking_upstairs
2018-10-05 19:52:37.113,8.147469,-2.5354595,2.3343468,walking_upstairs
2018-10-05 19:52:37.273,6.9599442,-3.1962593,2.1763294,walking_upstairs
2018-10-05 19:52:37.433,8.956709,-2.2577322,2.942474,walking_upstairs
2018-10-05 19:52:37.593,16.977283,-4.570531,1.8986019,walking_upstairs
2018-10-05 19:52:37.753,13.007698,-4.9775453,0.60214174,walking_upstairs
2018-10-05 19:52:37.913,8.511387,-2.7700913,0.8415619,walking_upstairs
2018-10-05 19:52:38.073,5.5282116,-2.4971523,0.5351041,walking_upstairs
2018-10-05 19:52:38.233,9.8042555,-3.4739866,1.6687586,walking_upstairs
2018-10-05 19:52:38.393,15.684415,-4.5513773,2.0853498,walking_upstairs
2018-10-05 19:52:38.553,9.0476885,-2.4349031,1.673547,walking_upstairs
2018-10-05 19:52:38.713,5.8681884,-2.2864625,0.81761986,walking_upstairs
2018-10-05 19:52:38.873,8.401254,-3.0669725,2.7269957,walking_upstairs
2018-10-05 19:52:39.033,8.822633,-2.7126305,3.2249897,walking_upstairs
2018-10-05 19:52:39.193,12.8927765,-5.41329,2.1188686,walking_upstairs
2018-10-05 19:52:39.353,12.140997,-3.0478187,1.2006922,walking_upstairs
2018-10-05 19:52:39.513,6.6870055,-2.813187,0.7314286,walking_upstairs
2018-10-05 19:52:39.673,5.422867,-2.6599581,0.45848963,walking_upstairs
2018-10-05 19:52:39.833,11.484985,-4.1012673,1.9560628,walking_upstairs
2018-10-05 19:52:39.993,18.772936,-4.699818,2.3630772,walking_upstairs
2018-10-05 19:52:40.153,7.381324,-1.2952632,-0.20590134,walking_upstairs
2018-10-05 19:52:40.313,6.615179,-1.5634137,-0.6703765,walking_upstairs
2018-10-05 19:52:40.473,8.046912,-4.1012673,2.5354595,walking_upstairs
2018-10-05 19:52:40.633,7.8888946,-3.2920272,5.475539,walking_upstairs
2018-10-05 19:52:40.793,11.494562,-4.3981485,4.5992613,walking_upstairs
2018-10-05 19:52:40.953,9.339781,-4.2161894,2.717419,walking_upstairs
2018-10-05 19:52:41.113,10.939108,-3.430891,2.2529438,walking_upstairs
2018-10-05 19:52:41.273,7.314286,-2.4301147,2.171541,walking_upstairs
2018-10-05 19:52:41.433,6.4858923,-2.6839,2.2768857,walking_upstairs
2018-10-05 19:52:41.593,16.191986,-5.0876784,3.4883518,walking_upstairs
2018-10-05 19:52:41.753,9.813833,-1.4437037,-0.062249243,walking_upstairs
2018-10-05 19:52:41.913,5.7628436,-3.9001546,0.17597382,walking_upstairs
2018-10-05 19:52:42.073,7.491457,-3.6463692,2.3535004,walking_upstairs
2018-10-05 19:52:42.233,8.817844,-3.9097314,2.8562827,walking_upstairs
2018-10-05 19:52:42.393,7.5584946,-4.3742065,1.9081788,walking_upstairs
2018-10-05 19:52:42.553,11.183316,-3.5170822,1.8124107,walking_upstairs
2018-10-05 19:52:42.713,10.493786,-3.7660792,1.5921441,walking_upstairs
2018-10-05 19:52:42.873,7.6973586,-3.3446999,1.1384429,walking_upstairs
2018-10-05 19:52:43.033,14.664485,-2.980781,-0.18195933,walking_upstairs
2018-10-05 19:52:43.193,9.497798,-3.1531637,-0.11971009,walking_upstairs
2018-10-05 19:52:43.353,7.606379,-2.2002714,-0.01436521,walking_upstairs
2018-10-05 19:52:43.513,7.7787614,-2.9520507,1.7357962,walking_upstairs
2018-10-05 19:52:43.673,8.525752,-3.5410242,2.7844565,walking_upstairs
2018-10-05 19:52:43.833,10.647015,-4.259285,3.1004913,walking_upstairs
2018-10-05 19:52:43.993,10.608707,-4.426879,1.7836803,walking_upstairs
2018-10-05 19:52:44.153,10.479421,-3.3446999,0.8559271,walking_upstairs
2018-10-05 19:52:44.313,6.591237,-2.7748797,0.32920274,walking_upstairs
2018-10-05 19:52:44.473,8.889671,-3.5218706,1.0857705,walking_upstairs
2018-10-05 19:52:44.633,12.624625,-3.5122938,1.3299791,walking_upstairs
2018-10-05 19:52:44.793,9.339781,-3.1771057,1.8794483,walking_upstairs
2018-10-05 19:52:44.953,6.5098343,-3.7181952,1.5598224,walking_upstairs
2018-10-05 19:52:45.113,7.21373,-3.2106245,1.2246342,walking_upstairs
2018-10-05 19:52:45.273,7.9511437,-2.7269957,2.717419,walking_upstairs
2018-10-05 19:52:45.433,9.636662,-4.201824,2.3295584,walking_upstairs
2018-10-05 19:52:45.593,11.628637,-4.891354,1.7980455,walking_upstairs
2018-10-05 19:52:45.753,9.7324295,-2.7700913,0.89423436,walking_upstairs
2018-10-05 19:52:45.913,6.600814,-2.6360161,0.5590461,walking_upstairs
2018-10-05 19:52:46.073,9.16261,-3.2441432,1.2198458,walking_upstairs
2018-10-05 19:52:46.233,15.210363,-3.1387985,1.6831238,walking_upstairs
2018-10-05 19:52:46.393,8.736442,-4.024653,1.9800048,walking_upstairs
2018-10-05 19:52:46.553,7.5106106,-3.1962593,1.0426749,walking_upstairs
2018-10-05 19:52:46.713,7.007828,-4.450821,2.0757728,walking_upstairs
2018-10-05 19:52:46.873,9.31105,-4.5561657,2.9616275,walking_upstairs
2018-10-05 19:52:47.033,13.266272,-4.876989,2.3870192,walking_upstairs
2018-10-05 19:52:47.193,11.192893,-3.9671922,0.63087213,walking_upstairs
2018-10-05 19:52:47.353,7.0461354,-2.8562827,0.15203181,walking_upstairs
2018-10-05 19:52:47.513,8.746018,-3.2202013,0.6691794,walking_upstairs
2018-10-05 19:52:47.673,12.409147,-2.3582888,2.2481554,walking_upstairs
2018-10-05 19:52:47.833,8.3629465,-2.765303,2.5115175,walking_upstairs
2018-10-05 19:52:47.993,7.074866,-2.1188686,1.7118542,walking_upstairs
2018-10-05 19:52:48.153,7.6590514,-2.7605145,2.171541,walking_upstairs
2018-10-05 19:52:48.313,10.240001,-2.8802247,3.1723173,walking_upstairs
2018-10-05 19:52:48.473,11.614272,-4.134786,2.6503813,walking_upstairs
2018-10-05 19:52:48.633,10.316615,-3.5697548,1.697489,walking_upstairs
2018-10-05 19:52:48.793,7.716512,-2.6791117,0.49200845,walking_upstairs
2018-10-05 19:52:48.953,9.306262,-3.1196449,1.0474633,walking_upstairs
2018-10-05 19:52:49.113,11.829751,-3.9336734,2.372654,walking_upstairs
2018-10-05 19:52:49.273,9.885659,-3.4644098,2.789245,walking_upstairs
2018-10-05 19:52:49.433,7.1131735,-3.1244333,1.9608512,walking_upstairs
2018-10-05 19:52:49.593,7.0605006,-3.2202013,2.492364,walking_upstairs
2018-10-05 19:52:49.753,9.7084875,-3.7229836,2.6120741,walking_upstairs
2018-10-05 19:52:49.913,11.389217,-3.086126,1.9656396,walking_upstairs
2018-10-05 19:52:50.073,10.522516,-3.095703,0.5542577,walking_upstairs
2018-10-05 19:52:50.233,7.338228,-3.2249897,0.36272156,walking_upstairs
2018-10-05 19:52:50.393,6.5002575,-5.7389016,1.5454572,walking_upstairs
2018-10-05 19:52:50.553,5.0493712,-9.085996,6.9743094,walking_upstairs
2018-10-05 19:52:50.713,3.7325604,-5.590461,8.487445,walking_upstairs
2018-10-05 19:52:50.873,2.3535004,-2.3343468,7.2568254,walking_upstairs
2018-10-05 19:52:51.033,0.6679823,-0.06943185,7.3765354,walking_upstairs
2018-10-05 19:52:51.193,0.8882488,1.2126632,8.789114,walking_upstairs
2018-10-05 19:52:51.353,0.08379706,2.0649989,8.726865,walking_upstairs
2018-10-05 19:52:51.513,-0.2693477,1.6962919,9.464279,walking_upstairs
2018-10-05 19:52:51.673,-0.3172317,1.6531962,9.579201,walking_upstairs
2018-10-05 19:52:51.833,-0.20231004,1.8974048,9.876082,walking_upstairs
2018-10-05 19:52:51.993,-0.3172317,1.8255788,9.660604,walking_upstairs
2018-10-05 19:52:52.153,-0.2837129,1.6962919,9.579201,walking_upstairs
2018-10-05 19:52:52.313,-0.3890578,1.5717934,9.627085,walking_upstairs
2018-10-05 19:52:52.473,-0.1448492,1.6101006,9.842564,walking_upstairs
2018-10-05 19:52:52.633,-0.39384618,1.5382746,9.703699,walking_upstairs
2018-10-05 19:52:52.793,-0.2741361,1.638831,9.636662,walking_upstairs
2018-10-05 19:52:52.953,-0.25019407,1.3371617,9.703699,walking_upstairs
2018-10-05 19:52:53.113,-0.2645593,1.5286977,9.665392,walking_upstairs
2018-10-05 19:52:53.273,-0.16400282,1.567005,9.67018,walking_upstairs
2018-10-05 19:52:53.433,-0.17357962,1.3611037,9.646238,walking_upstairs
2018-10-05 19:52:53.593,-0.1448492,1.5861586,9.617508,walking_upstairs
2018-10-05 19:52:53.753,-0.34596214,1.3754689,9.64145,walking_upstairs
2018-10-05 19:52:53.913,-0.18315643,1.4089876,9.818622,walking_upstairs
2018-10-05 19:52:54.073,-0.16400282,1.3754689,9.6845455,walking_upstairs
2018-10-05 19:52:54.233,-0.36511576,1.2413936,9.545682,walking_upstairs
2018-10-05 19:52:54.393,-0.4417302,1.2126632,9.900024,walking_upstairs
2018-10-05 19:52:54.553,-0.22625206,1.3563153,9.660604,walking_upstairs
2018-10-05 19:52:54.713,-0.29328972,1.2988545,9.636662,walking_upstairs
2018-10-05 19:52:54.873,-0.4177882,1.2605472,9.742006,walking_upstairs
2018-10-05 19:52:55.033,-0.30765492,1.1552023,9.6845455,walking_upstairs
2018-10-05 19:52:55.193,-0.10175357,1.174356,9.646238,walking_upstairs
2018-10-05 19:52:55.353,-0.61890113,0.9780314,9.809045,walking_upstairs
2018-10-05 19:52:55.513,-0.1448492,1.4425066,9.742006,walking_upstairs
2018-10-05 19:52:55.673,-0.2693477,1.447295,9.574412,walking_upstairs
2018-10-05 19:52:55.833,-0.44651863,1.2174516,9.7803135,walking_upstairs
2018-10-05 19:52:55.993,-0.2741361,1.423353,9.7324295,walking_upstairs
2018-10-05 19:52:56.153,-0.36032736,1.2413936,9.579201,walking_upstairs
