0.0,2018-11-12 13:36:42.979
0.0,2018-11-12 13:36:44.129
0.0,2018-11-12 13:36:45.249
0.0,2018-11-12 13:36:46.349
0.0,2018-11-12 13:36:47.464
0.0,2018-11-12 13:36:48.611
0.0,2018-11-12 13:36:49.722
0.0,2018-11-12 13:36:50.837
0.0,2018-11-12 13:36:51.941
0.0,2018-11-12 13:36:53.086
0.0,2018-11-12 13:36:54.18
0.0,2018-11-12 13:36:55.29
0.0,2018-11-12 13:36:56.39
0.0,2018-11-12 13:36:57.509
0.0,2018-11-12 13:36:58.659
0.0,2018-11-12 13:36:59.82
0.0,2018-11-12 13:37:00.92
0.0,2018-11-12 13:37:02.029
0.0,2018-11-12 13:37:03.12
0.0,2018-11-12 13:37:04.234
0.0,2018-11-12 13:37:05.338
0.0,2018-11-12 13:37:06.454
0.0,2018-11-12 13:37:07.603
0.0,2018-11-12 13:37:08.694
0.0,2018-11-12 13:37:09.814
0.0,2018-11-12 13:37:10.932
0.0,2018-11-12 13:37:12.018
0.0,2018-11-12 13:37:13.128
0.0,2018-11-12 13:37:14.228
0.0,2018-11-12 13:37:15.331
0.0,2018-11-12 13:37:16.531
78.357025,2018-11-12 13:37:17.64
78.357025,2018-11-12 13:37:18.75
78.357025,2018-11-12 13:37:19.868
78.561035,2018-11-12 13:37:20.961
79.483734,2018-11-12 13:37:22.063
79.94734,2018-11-12 13:37:23.174
80.57936,2018-11-12 13:37:24.282
82.04039,2018-11-12 13:37:25.392
82.770905,2018-11-12 13:37:26.49
83.136154,2018-11-12 13:37:27.6
82.35142,2018-11-12 13:37:28.71
80.46387,2018-11-12 13:37:29.799
79.520096,2018-11-12 13:37:30.919
79.04821,2018-11-12 13:37:32.02
79.68492,2018-11-12 13:37:33.179
81.52914,2018-11-12 13:37:34.457
82.72037,2018-11-12 13:37:35.39
83.66223,2018-11-12 13:37:36.498
84.23005,2018-11-12 13:37:37.647
84.41707,2018-11-12 13:37:38.751
84.60747,2018-11-12 13:37:39.866
84.605774,2018-11-12 13:37:40.977
84.551254,2018-11-12 13:37:42.075
84.15142,2018-11-12 13:37:43.184
82.77318,2018-11-12 13:37:44.283
82.08406,2018-11-12 13:37:45.43
81.7395,2018-11-12 13:37:46.55
84.83545,2018-11-12 13:37:47.66
86.38342,2018-11-12 13:37:48.841
87.15741,2018-11-12 13:37:49.99
86.17209,2018-11-12 13:37:51.099
83.74377,2018-11-12 13:37:52.21
82.263596,2018-11-12 13:37:53.34
81.52351,2018-11-12 13:37:54.42
81.15347,2018-11-12 13:37:55.539
81.298065,2018-11-12 13:37:56.635
81.37036,2018-11-12 13:37:57.744
81.40651,2018-11-12 13:37:58.849
80.7163,2018-11-12 13:37:59.973
80.3712,2018-11-12 13:38:01.074
80.19865,2018-11-12 13:38:02.164
81.021126,2018-11-12 13:38:03.331
82.23421,2018-11-12 13:38:04.426
82.92562,2018-11-12 13:38:05.591
83.29538,2018-11-12 13:38:06.69
83.82326,2018-11-12 13:38:07.797
84.087204,2018-11-12 13:38:08.901
84.21918,2018-11-12 13:38:10.016
83.8851,2018-11-12 13:38:11.176
83.71806,2018-11-12 13:38:12.316
83.634544,2018-11-12 13:38:13.42
83.664215,2018-11-12 13:38:14.537
83.782104,2018-11-12 13:38:15.623
84.78491,2018-11-12 13:38:16.741
85.463196,2018-11-12 13:38:17.855
85.83121,2018-11-12 13:38:18.97
86.01521,2018-11-12 13:38:20.06
86.10721,2018-11-12 13:38:21.17
82.795685,2018-11-12 13:38:22.28
80.97235,2018-11-12 13:38:23.374
79.91765,2018-11-12 13:38:24.543
79.15746,2018-11-12 13:38:25.654
78.370575,2018-11-12 13:38:26.746
77.97713,2018-11-12 13:38:27.86
78.1872,2018-11-12 13:38:28.961
78.99019,2018-11-12 13:38:30.07
80.13304,2018-11-12 13:38:31.173
80.70447,2018-11-12 13:38:32.284
80.99018,2018-11-12 13:38:33.39
80.98787,2018-11-12 13:38:34.498
80.97107,2018-11-12 13:38:35.668
80.89412,2018-11-12 13:38:36.766
80.617645,2018-11-12 13:38:37.867
80.31119,2018-11-12 13:38:38.978
80.15796,2018-11-12 13:38:40.09
80.24956,2018-11-12 13:38:41.18
81.73456,2018-11-12 13:38:42.29
82.9225,2018-11-12 13:38:43.398
84.128815,2018-11-12 13:38:44.509
84.73197,2018-11-12 13:38:45.671
85.033554,2018-11-12 13:38:46.781
80.269104,2018-11-12 13:38:47.894
77.72659,2018-11-12 13:38:49.039
75.92189,2018-11-12 13:38:50.156
75.16028,2018-11-12 13:38:51.254
74.779465,2018-11-12 13:38:52.413
74.589066,2018-11-12 13:38:53.502
74.42125,2018-11-12 13:38:54.609
74.33734,2018-11-12 13:38:55.72
74.29538,2018-11-12 13:38:56.82
74.53117,2018-11-12 13:38:57.929
74.64907,2018-11-12 13:38:59.072
76.70418,2018-11-12 13:39:00.152
86.227554,2018-11-12 13:39:01.306
90.98924,2018-11-12 13:39:02.403
93.37009,2018-11-12 13:39:03.525
88.609436,2018-11-12 13:39:04.672
86.22911,2018-11-12 13:39:05.771
84.985596,2018-11-12 13:39:06.884
84.307846,2018-11-12 13:39:08.049
82.48682,2018-11-12 13:39:09.157
81.57631,2018-11-12 13:39:10.308
81.12105,2018-11-12 13:39:11.41
80.921814,2018-11-12 13:39:12.523
81.21734,2018-11-12 13:39:13.661
81.3651,2018-11-12 13:39:14.78
81.43898,2018-11-12 13:39:15.929
80.65968,2018-11-12 13:39:17.03
80.270035,2018-11-12 13:39:18.19
80.07521,2018-11-12 13:39:19.339
80.25757,2018-11-12 13:39:20.44
80.48863,2018-11-12 13:39:21.555
81.0269,2018-11-12 13:39:22.673
81.84175,2018-11-12 13:39:23.77
82.249176,2018-11-12 13:39:24.928
82.81158,2018-11-12 13:39:25.994
85.35115,2018-11-12 13:39:27.093
86.62093,2018-11-12 13:39:28.211
87.25583,2018-11-12 13:39:29.317
86.841034,2018-11-12 13:39:30.423
85.73312,2018-11-12 13:39:31.522
84.64284,2018-11-12 13:39:32.624
83.96527,2018-11-12 13:39:33.738
83.26318,2018-11-12 13:39:34.844
82.91214,2018-11-12 13:39:35.954
82.73662,2018-11-12 13:39:37.075
83.25275,2018-11-12 13:39:38.223
84.132195,2018-11-12 13:39:39.314
85.03865,2018-11-12 13:39:40.481
85.491875,2018-11-12 13:39:41.621
85.71849,2018-11-12 13:39:42.739
85.102905,2018-11-12 13:39:43.84
84.795105,2018-11-12 13:39:44.944
84.641205,2018-11-12 13:39:46.095
84.92261,2018-11-12 13:39:47.204
85.395096,2018-11-12 13:39:48.31
85.63134,2018-11-12 13:39:49.478
85.749466,2018-11-12 13:39:50.614
85.75873,2018-11-12 13:39:51.723
85.76336,2018-11-12 13:39:52.88
85.25758,2018-11-12 13:39:53.979
84.77023,2018-11-12 13:39:55.102
85.26911,2018-11-12 13:39:56.216
85.6474,2018-11-12 13:39:57.351
85.42337,2018-11-12 13:39:58.497
85.311356,2018-11-12 13:39:59.573
85.255356,2018-11-12 13:40:00.684
85.227356,2018-11-12 13:40:01.781
85.21335,2018-11-12 13:40:02.901
89.677216,2018-11-12 13:40:04.008
91.90915,2018-11-12 13:40:05.117
93.025116,2018-11-12 13:40:06.209
92.64542,2018-11-12 13:40:07.34
91.28517,2018-11-12 13:40:08.47
89.58504,2018-11-12 13:40:09.646
88.57909,2018-11-12 13:40:10.73
88.024345,2018-11-12 13:40:11.84
84.25511,2018-11-12 13:40:12.941
82.338806,2018-11-12 13:40:14.102
81.28519,2018-11-12 13:40:15.214
80.85384,2018-11-12 13:40:16.316
80.65831,2018-11-12 13:40:17.432
80.56054,2018-11-12 13:40:18.528
82.581566,2018-11-12 13:40:19.639
88.158035,2018-11-12 13:40:20.756
90.946266,2018-11-12 13:40:21.9
92.34038,2018-11-12 13:40:23.043
92.67859,2018-11-12 13:40:24.15
88.11743,2018-11-12 13:40:27.11
86.09872,2018-11-12 13:40:28.22
85.089355,2018-11-12 13:40:29.322
84.58468,2018-11-12 13:40:30.468
84.38398,2018-11-12 13:40:31.579
85.30889,2018-11-12 13:40:32.677
85.77135,2018-11-12 13:40:33.778
84.97731,2018-11-12 13:40:34.898
0.0,2018-11-12 13:40:35.996
0.0,2018-11-12 13:40:37.097
0.0,2018-11-12 13:40:38.59
0.0,2018-11-12 13:40:39.531
0.0,2018-11-12 13:40:40.632
0.0,2018-11-12 13:40:41.742
0.0,2018-11-12 13:40:42.892
0.0,2018-11-12 13:40:43.792
0.0,2018-11-12 13:40:44.896
0.0,2018-11-12 13:40:46.035
0.0,2018-11-12 13:42:09.787
0.0,2018-11-12 13:42:10.888
0.0,2018-11-12 13:42:12.057
0.0,2018-11-12 13:44:23.665
0.0,2018-11-12 13:44:24.986
0.0,2018-11-12 13:44:55.566
0.0,2018-11-12 13:44:56.665
0.0,2018-11-12 13:57:47.273
0.0,2018-11-12 13:57:51.065
0.0,2018-11-12 13:57:52.196
0.0,2018-11-12 13:57:53.312
0.0,2018-11-12 13:57:54.484
0.0,2018-12-19 16:07:15.714
0.0,2018-12-19 16:07:22.575
0.0,2018-12-19 16:07:23.687
0.0,2018-12-19 16:07:24.807
0.0,2018-12-19 16:07:25.955
0.0,2018-12-19 16:07:27.075
0.0,2018-12-19 16:07:28.19
0.0,2018-12-19 16:07:29.3
0.0,2018-12-19 16:07:49.603
0.0,2018-12-19 16:07:50.722
0.0,2018-12-19 16:07:51.837
0.0,2018-12-19 16:07:52.953
0.0,2018-12-19 16:07:54.065
0.0,2018-12-19 16:07:55.173
0.0,2018-12-19 16:07:56.345
0.0,2018-12-19 16:07:57.443
0.0,2018-12-19 16:07:58.581
0.0,2018-12-19 16:07:59.724
0.0,2018-12-19 16:08:00.891
0.0,2018-12-19 16:08:02.003
0.0,2018-12-19 16:08:03.098
0.0,2018-12-19 16:08:04.263
0.0,2018-12-19 16:08:05.399
0.0,2018-12-19 16:08:06.548
0.0,2018-12-19 16:08:07.704
0.0,2018-12-19 16:08:08.803
0.0,2018-12-19 16:08:09.925
0.0,2018-12-19 16:08:11.119
0.0,2018-12-19 16:08:12.194
0.0,2018-12-19 16:08:13.313
0.0,2018-12-19 16:08:16.504
0.0,2018-12-19 16:08:17.634
0.0,2018-12-19 16:08:18.733
0.0,2018-12-19 16:08:19.853
0.0,2018-12-19 16:08:20.963
0.0,2018-12-19 16:08:22.125
0.0,2018-12-19 16:08:23.233
0.0,2018-12-19 16:08:24.355
0.0,2018-12-19 16:08:25.464
0.0,2018-12-19 16:08:26.583
0.0,2018-12-19 16:08:27.745
0.0,2018-12-19 16:08:28.893
0.0,2018-12-19 16:08:30.066
0.0,2018-12-19 16:08:31.185
0.0,2018-12-19 16:08:32.284
0.0,2018-12-19 16:08:33.394
0.0,2018-12-19 16:08:34.528
0.0,2018-12-19 16:08:35.694
0.0,2018-12-19 16:08:36.786
0.0,2018-12-19 16:08:37.897
0.0,2018-12-19 16:08:39.024
0.0,2018-12-19 16:08:40.123
0.0,2018-12-19 16:08:41.244
0.0,2018-12-19 16:08:42.365
0.0,2018-12-19 16:08:43.525
0.0,2018-12-19 16:08:44.666
0.0,2018-12-19 16:08:45.801
0.0,2018-12-19 16:08:46.853
0.0,2018-12-19 16:08:47.979
0.0,2018-12-19 16:08:49.124
0.0,2018-12-19 16:08:50.225
0.0,2018-12-19 16:08:51.356
0.0,2018-12-19 16:08:52.456
0.0,2018-12-19 16:08:53.567
0.0,2018-12-19 16:08:54.687
0.0,2018-12-19 16:08:55.789
0.0,2018-12-19 16:08:56.919
0.0,2018-12-19 16:08:58.028
0.0,2018-12-19 16:08:59.196
0.0,2018-12-19 16:09:00.3
0.0,2018-12-19 16:09:01.405
0.0,2018-12-19 16:09:02.565
0.0,2018-12-19 16:09:03.675
0.0,2018-12-19 16:09:04.795
0.0,2018-12-19 16:09:05.954
0.0,2018-12-19 16:09:07.054
0.0,2018-12-19 16:09:08.166
0.0,2018-12-19 16:09:09.296
96.21446,2018-12-19 16:09:10.457
96.21446,2018-12-19 16:09:11.616
96.21446,2018-12-19 16:09:12.727
96.21446,2018-12-19 16:09:13.877
93.88234,2018-12-19 16:09:14.986
90.1261,2018-12-19 16:09:16.127
87.199,2018-12-19 16:09:17.267
85.578354,2018-12-19 16:09:18.437
84.76803,2018-12-19 16:09:19.537
84.51996,2018-12-19 16:09:20.656
84.59278,2018-12-19 16:09:21.767
85.34642,2018-12-19 16:09:22.901
91.118774,2018-12-19 16:09:23.996
94.09907,2018-12-19 16:09:25.106
95.73833,2018-12-19 16:09:26.227
96.55795,2018-12-19 16:09:27.346
96.967766,2018-12-19 16:09:28.506
97.17267,2018-12-19 16:09:29.677
97.327866,2018-12-19 16:09:30.786
97.85658,2018-12-19 16:09:31.986
104.44278,2018-12-19 16:09:33.097
107.827194,2018-12-19 16:09:34.216
110.87959,2018-12-19 16:09:35.327
112.48716,2018-12-19 16:09:36.456
114.8841,2018-12-19 16:09:37.566
116.08257,2018-12-19 16:09:38.687
117.03328,2018-12-19 16:09:39.787
117.50863,2018-12-19 16:09:40.906
117.13214,2018-12-19 16:09:42.066
116.513855,2018-12-19 16:09:43.179
115.14842,2018-12-19 16:09:44.298
108.19527,2018-12-19 16:09:45.497
103.94049,2018-12-19 16:09:46.567
97.06824,2018-12-19 16:09:47.687
93.62507,2018-12-19 16:09:48.857
91.599655,2018-12-19 16:09:49.956
90.491104,2018-12-19 16:09:51.087
89.93683,2018-12-19 16:09:52.196
89.52527,2018-12-19 16:09:53.317
88.9346,2018-12-19 16:09:54.416
87.88681,2018-12-19 16:09:55.628
85.70963,2018-12-19 16:09:56.746
84.550476,2018-12-19 16:09:57.856
83.9709,2018-12-19 16:09:58.987
83.75168,2018-12-19 16:10:00.087
88.24852,2018-12-19 16:10:01.225
92.63393,2018-12-19 16:10:02.329
94.82663,2018-12-19 16:10:03.448
95.92299,2018-12-19 16:10:04.6
95.757324,2018-12-19 16:10:05.717
94.17693,2018-12-19 16:10:06.837
93.16319,2018-12-19 16:10:08.008
92.46423,2018-12-19 16:10:09.106
92.07959,2018-12-19 16:10:10.227
91.16449,2018-12-19 16:10:11.378
90.51796,2018-12-19 16:10:12.542
89.378555,2018-12-19 16:10:13.606
86.10516,2018-12-19 16:10:14.777
84.445755,2018-12-19 16:10:15.896
83.45772,2018-12-19 16:10:17.007
83.12203,2018-12-19 16:10:18.166
82.79586,2018-12-19 16:10:19.327
82.632774,2018-12-19 16:10:20.437
82.7953,2018-12-19 16:10:21.556
82.94136,2018-12-19 16:10:22.716
83.403915,2018-12-19 16:10:23.846
83.63519,2018-12-19 16:10:24.956
83.75083,2018-12-19 16:10:26.077
83.5544,2018-12-19 16:10:27.177
83.45618,2018-12-19 16:10:28.294
83.407074,2018-12-19 16:10:29.43
83.41742,2018-12-19 16:10:30.527
83.441895,2018-12-19 16:10:31.637
83.930756,2018-12-19 16:10:32.857
86.85028,2018-12-19 16:10:33.977
89.64578,2018-12-19 16:10:35.077
92.14576,2018-12-19 16:10:36.234
93.471344,2018-12-19 16:10:37.316
94.241264,2018-12-19 16:10:38.477
94.69755,2018-12-19 16:10:39.587
95.293495,2018-12-19 16:10:40.746
98.40353,2018-12-19 16:10:41.877
100.91156,2018-12-19 16:10:43.027
102.16558,2018-12-19 16:10:44.156
102.79259,2018-12-19 16:10:45.266
103.56712,2018-12-19 16:10:46.427
103.95439,2018-12-19 16:10:47.537
103.57729,2018-12-19 16:10:48.756
100.30789,2018-12-19 16:10:49.857
97.39153,2018-12-19 16:10:50.977
95.93335,2018-12-19 16:10:52.087
94.718994,2018-12-19 16:10:53.246
94.597084,2018-12-19 16:10:54.377
94.62632,2018-12-19 16:10:55.487
95.475685,2018-12-19 16:10:56.606
95.90037,2018-12-19 16:10:57.828
96.11271,2018-12-19 16:10:58.927
95.28862,2018-12-19 16:11:00.054
94.74706,2018-12-19 16:11:01.196
92.88788,2018-12-19 16:11:02.316
91.95829,2018-12-19 16:11:03.436
91.4935,2018-12-19 16:11:04.556
94.2741,2018-12-19 16:11:05.683
95.6644,2018-12-19 16:11:06.777
96.35955,2018-12-19 16:11:07.906
90.39836,2018-12-19 16:11:09.067
86.93493,2018-12-19 16:11:10.177
85.20322,2018-12-19 16:11:11.294
84.82019,2018-12-19 16:11:12.43
85.25931,2018-12-19 16:11:13.564
85.47887,2018-12-19 16:11:14.727
85.58864,2018-12-19 16:11:15.856
84.74786,2018-12-19 16:11:16.972
84.327484,2018-12-19 16:11:18.152
84.117294,2018-12-19 16:11:19.196
85.68825,2018-12-19 16:11:20.316
88.19668,2018-12-19 16:11:21.427
89.611694,2018-12-19 16:11:22.537
90.79347,2018-12-19 16:11:23.647
92.802216,2018-12-19 16:11:24.777
96.80443,2018-12-19 16:11:25.927
98.80554,2018-12-19 16:11:27.046
99.80609,2018-12-19 16:11:28.167
99.67408,2018-12-19 16:11:29.327
91.4469,2018-12-19 16:11:30.44
87.33331,2018-12-19 16:11:31.557
85.27652,2018-12-19 16:11:32.677
84.24812,2018-12-19 16:11:33.787
84.182335,2018-12-19 16:11:34.896
84.3604,2018-12-19 16:11:36.027
84.81131,2018-12-19 16:11:37.218
85.036766,2018-12-19 16:11:38.287
85.14949,2018-12-19 16:11:39.406
84.02343,2018-12-19 16:11:40.527
83.4604,2018-12-19 16:11:41.635
82.69629,2018-12-19 16:11:42.796
82.79683,2018-12-19 16:11:43.927
83.131004,2018-12-19 16:11:45.087
83.298096,2018-12-19 16:11:46.196
82.61513,2018-12-19 16:11:47.316
83.04015,2018-12-19 16:11:48.416
83.30404,2018-12-19 16:11:49.546
83.43598,2018-12-19 16:11:50.746
84.566475,2018-12-19 16:11:51.877
85.23903,2018-12-19 16:11:52.979
85.67105,2018-12-19 16:11:54.096
95.061554,2018-12-19 16:11:55.264
99.95631,2018-12-19 16:11:56.401
102.40369,2018-12-19 16:11:57.496
103.42787,2018-12-19 16:11:58.606
103.61524,2018-12-19 16:11:59.766
97.772545,2018-12-19 16:12:00.877
92.01523,2018-12-19 16:12:01.996
88.61824,2018-12-19 16:12:03.106
86.55776,2018-12-19 16:12:04.237
85.52753,2018-12-19 16:12:05.346
84.28377,2018-12-19 16:12:06.507
82.16318,2018-12-19 16:12:07.616
79.341995,2018-12-19 16:12:08.733
75.9935,2018-12-19 16:12:09.869
74.292694,2018-12-19 16:12:10.966
73.38687,2018-12-19 16:12:12.177
72.63164,2018-12-19 16:12:13.237
72.17007,2018-12-19 16:12:14.366
69.81622,2018-12-19 16:12:15.466
68.254776,2018-12-19 16:12:16.637
67.474045,2018-12-19 16:12:17.756
67.08368,2018-12-19 16:12:18.866
79.084274,2018-12-19 16:12:19.977
85.47125,2018-12-19 16:12:21.137
88.66474,2018-12-19 16:12:22.267
90.29913,2018-12-19 16:12:23.373
91.11633,2018-12-19 16:12:24.546
91.09887,2018-12-19 16:12:25.656
87.466,2018-12-19 16:12:26.766
85.649574,2018-12-19 16:12:27.896
84.74136,2018-12-19 16:12:29.017
86.17813,2018-12-19 16:12:30.116
86.896515,2018-12-19 16:12:31.227
87.25571,2018-12-19 16:12:32.337
87.21053,2018-12-19 16:12:33.466
87.13454,2018-12-19 16:12:34.587
86.61644,2018-12-19 16:12:35.687
86.18837,2018-12-19 16:12:36.846
85.974335,2018-12-19 16:12:37.966
79.66371,2018-12-19 16:12:39.096
76.50841,2018-12-19 16:12:40.208
74.930756,2018-12-19 16:12:41.329
75.88223,2018-12-19 16:12:42.427
77.05956,2018-12-19 16:12:43.546
77.725006,2018-12-19 16:12:44.716
78.15453,2018-12-19 16:12:45.837
78.375175,2018-12-19 16:12:46.937
78.60489,2018-12-19 16:12:48.066
78.748764,2018-12-19 16:12:49.227
78.820694,2018-12-19 16:12:50.337
79.11456,2018-12-19 16:12:51.447
82.709656,2018-12-19 16:12:52.606
84.62276,2018-12-19 16:12:53.737
86.0929,2018-12-19 16:12:54.846
86.885086,2018-12-19 16:12:55.956
87.29818,2018-12-19 16:12:57.079
87.54593,2018-12-19 16:12:58.237
87.92377,2018-12-19 16:12:59.397
89.49866,2018-12-19 16:13:00.556
90.385376,2018-12-19 16:13:01.727
90.91145,2018-12-19 16:13:02.837
92.9962,2018-12-19 16:13:03.956
94.038574,2018-12-19 16:13:05.066
94.55975,2018-12-19 16:13:06.246
88.18329,2018-12-19 16:13:07.346
78.58969,2018-12-19 16:13:08.566
73.74538,2018-12-19 16:13:09.677
71.32322,2018-12-19 16:13:10.837
70.11214,2018-12-19 16:13:11.999
85.617355,2018-12-19 16:13:13.116
93.462845,2018-12-19 16:13:14.236
97.38559,2018-12-19 16:13:15.404
99.25408,2018-12-19 16:13:16.506
99.45639,2018-12-19 16:13:17.716
99.496346,2018-12-19 16:13:18.887
99.51633,2018-12-19 16:13:19.997
99.52631,2018-12-19 16:13:21.14
98.46533,2018-12-19 16:13:22.266
92.51343,2018-12-19 16:13:23.397
88.845764,2018-12-19 16:13:24.556
85.61268,2018-12-19 16:13:25.677
83.59948,2018-12-19 16:13:26.777
82.13871,2018-12-19 16:13:27.896
81.408325,2018-12-19 16:13:29.031
81.04314,2018-12-19 16:13:30.127
81.62086,2018-12-19 16:13:31.237
82.12167,2018-12-19 16:13:32.366
82.37208,2018-12-19 16:13:33.477
82.497284,2018-12-19 16:13:34.596
82.23161,2018-12-19 16:13:35.706
81.52218,2018-12-19 16:13:36.837
81.03366,2018-12-19 16:13:38.036
80.7894,2018-12-19 16:13:39.156
80.80107,2018-12-19 16:13:40.257
84.3551,2018-12-19 16:13:41.427
86.132126,2018-12-19 16:13:42.537
87.02063,2018-12-19 16:13:43.657
85.16412,2018-12-19 16:13:44.787
84.116135,2018-12-19 16:13:45.899
83.59214,2018-12-19 16:13:46.997
83.3539,2018-12-19 16:13:48.163
83.23478,2018-12-19 16:13:49.237
83.15146,2018-12-19 16:13:50.356
83.06301,2018-12-19 16:13:51.466
82.715454,2018-12-19 16:13:52.577
82.20297,2018-12-19 16:13:53.737
81.89104,2018-12-19 16:13:54.916
81.65625,2018-12-19 16:13:56.027
81.066895,2018-12-19 16:13:57.137
80.67914,2018-12-19 16:13:58.306
80.050865,2018-12-19 16:13:59.427
80.17113,2018-12-19 16:14:00.578
80.23126,2018-12-19 16:14:01.746
80.6391,2018-12-19 16:14:02.866
80.84302,2018-12-19 16:14:04.027
80.94498,2018-12-19 16:14:05.2
80.190216,2018-12-19 16:14:06.296
78.99371,2018-12-19 16:14:07.441
78.39546,2018-12-19 16:14:08.527
78.096344,2018-12-19 16:14:09.647
79.08003,2018-12-19 16:14:10.756
79.90738,2018-12-19 16:14:11.927
84.81319,2018-12-19 16:14:13.037
87.90086,2018-12-19 16:14:14.167
89.4447,2018-12-19 16:14:15.277
90.09956,2018-12-19 16:14:16.396
90.426994,2018-12-19 16:14:17.529
88.97769,2018-12-19 16:14:18.627
86.27569,2018-12-19 16:14:19.737
84.92468,2018-12-19 16:14:20.846
84.24918,2018-12-19 16:14:21.977
84.03488,2018-12-19 16:14:23.127
83.927734,2018-12-19 16:14:24.246
83.90962,2018-12-19 16:14:25.366
83.90057,2018-12-19 16:14:26.477
83.89604,2018-12-19 16:14:27.588
83.89378,2018-12-19 16:14:28.708
83.892654,2018-12-19 16:14:29.827
83.10844,2018-12-19 16:14:30.946
82.429214,2018-12-19 16:14:32.066
81.00503,2018-12-19 16:14:33.216
79.40228,2018-12-19 16:14:34.371
78.53499,2018-12-19 16:14:35.456
78.10134,2018-12-19 16:14:36.577
77.88452,2018-12-19 16:14:37.697
78.375114,2018-12-19 16:14:38.856
78.887535,2018-12-19 16:14:39.966
79.954926,2018-12-19 16:14:41.077
80.506,2018-12-19 16:14:42.191
81.62158,2018-12-19 16:14:43.356
82.5105,2018-12-19 16:14:44.477
82.954956,2018-12-19 16:14:45.598
82.846054,2018-12-19 16:14:46.706
82.01819,2018-12-19 16:14:47.87
81.393875,2018-12-19 16:14:49.077
80.47746,2018-12-19 16:14:50.187
79.00388,2018-12-19 16:14:51.307
77.66447,2018-12-19 16:14:52.436
76.99476,2018-12-19 16:14:53.585
77.26253,2018-12-19 16:14:54.656
78.79029,2018-12-19 16:14:55.851
84.60836,2018-12-19 16:14:56.937
87.733154,2018-12-19 16:14:58.096
89.295555,2018-12-19 16:14:59.23
89.86099,2018-12-19 16:15:00.387
89.84837,2018-12-19 16:15:01.501
89.25874,2018-12-19 16:15:02.606
87.836624,2018-12-19 16:15:03.772
87.125565,2018-12-19 16:15:04.887
86.770035,2018-12-19 16:15:06.056
87.61784,2018-12-19 16:15:07.179
88.35509,2018-12-19 16:15:08.277
90.18739,2018-12-19 16:15:09.449
91.103546,2018-12-19 16:15:10.616
91.56163,2018-12-19 16:15:11.72
90.45741,2018-12-19 16:15:12.895
89.442764,2018-12-19 16:15:13.956
88.48445,2018-12-19 16:15:15.066
88.005295,2018-12-19 16:15:16.196
87.68031,2018-12-19 16:15:17.297
87.37178,2018-12-19 16:15:18.466
86.973785,2018-12-19 16:15:19.587
86.77479,2018-12-19 16:15:20.696
86.70289,2018-12-19 16:15:21.916
86.883064,2018-12-19 16:15:23.016
86.75703,2018-12-19 16:15:24.186
86.69401,2018-12-19 16:15:25.296
86.05968,2018-12-19 16:15:26.467
85.56323,2018-12-19 16:15:27.587
84.55621,2018-12-19 16:15:28.757
83.99635,2018-12-19 16:15:29.856
83.191185,2018-12-19 16:15:30.986
82.788605,2018-12-19 16:15:32.132
82.58731,2018-12-19 16:15:33.206
82.486664,2018-12-19 16:15:34.366
82.72957,2018-12-19 16:15:35.488
83.85305,2018-12-19 16:15:36.596
84.82406,2018-12-19 16:15:37.727
85.30956,2018-12-19 16:15:38.837
85.552315,2018-12-19 16:15:39.95
85.14363,2018-12-19 16:15:41.117
84.83067,2018-12-19 16:15:42.237
84.43115,2018-12-19 16:15:43.357
84.47443,2018-12-19 16:15:44.507
84.60469,2018-12-19 16:15:45.63
84.89018,2018-12-19 16:15:46.737
86.91411,2018-12-19 16:15:47.866
89.54695,2018-12-19 16:15:48.966
92.23567,2018-12-19 16:15:50.087
93.58003,2018-12-19 16:15:51.246
92.87991,2018-12-19 16:15:52.377
90.8663,2018-12-19 16:15:53.477
89.77823,2018-12-19 16:15:54.606
89.19599,2018-12-19 16:15:55.717
88.82968,2018-12-19 16:15:56.887
88.586624,2018-12-19 16:15:58.046
88.155594,2018-12-19 16:15:59.147
87.94008,2018-12-19 16:16:00.277
87.87242,2018-12-19 16:16:01.412
87.83859,2018-12-19 16:16:02.504
89.11573,2018-12-19 16:16:03.707
89.78076,2018-12-19 16:16:04.827
90.55191,2018-12-19 16:16:05.937
90.937485,2018-12-19 16:16:07.066
90.691635,2018-12-19 16:16:08.216
90.40651,2018-12-19 16:16:09.337
89.5329,2018-12-19 16:16:10.457
84.72417,2018-12-19 16:16:11.592
82.11714,2018-12-19 16:16:12.728
80.7008,2018-12-19 16:16:13.846
79.99263,2018-12-19 16:16:14.966
79.63854,2018-12-19 16:16:16.084
79.4615,2018-12-19 16:16:17.194
79.49989,2018-12-19 16:16:18.385
79.86922,2018-12-19 16:16:19.484
88.49393,2018-12-19 16:16:20.603
93.61322,2018-12-19 16:16:21.753
96.54363,2018-12-19 16:16:22.873
101.985916,2018-12-19 16:16:23.994
106.32219,2018-12-19 16:16:25.113
108.490326,2018-12-19 16:16:26.226
109.57439,2018-12-19 16:16:27.337
103.55438,2018-12-19 16:16:28.472
92.913895,2018-12-19 16:16:29.637
87.527435,2018-12-19 16:16:30.749
84.65132,2018-12-19 16:16:31.852
82.88367,2018-12-19 16:16:32.963
81.99985,2018-12-19 16:16:34.075
81.55794,2018-12-19 16:16:35.192
81.71562,2018-12-19 16:16:36.305
81.91579,2018-12-19 16:16:37.455
82.01587,2018-12-19 16:16:38.772
81.944595,2018-12-19 16:16:39.664
77.10579,2018-12-19 16:16:40.765
70.099236,2018-12-19 16:16:41.884
66.59596,2018-12-19 16:16:43.095
64.827385,2018-12-19 16:16:44.205
63.960037,2018-12-19 16:16:45.342
63.619392,2018-12-19 16:16:46.455
63.58761,2018-12-19 16:16:47.554
68.140656,2018-12-19 16:16:48.698
70.67351,2018-12-19 16:16:49.795
72.08696,2018-12-19 16:16:50.915
72.82472,2018-12-19 16:16:52.014
73.45721,2018-12-19 16:16:53.135
76.231766,2018-12-19 16:16:54.268
77.61905,2018-12-19 16:16:55.366
78.31269,2018-12-19 16:16:56.477
76.649414,2018-12-19 16:16:57.606
75.80806,2018-12-19 16:16:58.766
75.38501,2018-12-19 16:16:59.916
74.98653,2018-12-19 16:17:01.046
73.308784,2018-12-19 16:17:02.22
72.3294,2018-12-19 16:17:03.316
71.83971,2018-12-19 16:17:04.427
70.67895,2018-12-19 16:17:05.596
70.09857,2018-12-19 16:17:06.706
70.76163,2018-12-19 16:17:07.816
71.62363,2018-12-19 16:17:08.946
72.05463,2018-12-19 16:17:10.107
72.27013,2018-12-19 16:17:11.216
72.08485,2018-12-19 16:17:12.377
71.9922,2018-12-19 16:17:13.497
71.945885,2018-12-19 16:17:14.616
81.62509,2018-12-19 16:17:15.716
86.9077,2018-12-19 16:17:16.846
90.36066,2018-12-19 16:17:17.949
92.20062,2018-12-19 16:17:19.066
93.120605,2018-12-19 16:17:20.236
94.03625,2018-12-19 16:17:21.446
94.494064,2018-12-19 16:17:22.556
94.546074,2018-12-19 16:17:23.666
94.00517,2018-12-19 16:17:24.796
93.64711,2018-12-19 16:17:25.956
93.46808,2018-12-19 16:17:27.067
93.37856,2018-12-19 16:17:28.189
93.181274,2018-12-19 16:17:29.346
93.00981,2018-12-19 16:17:30.459
91.14604,2018-12-19 16:17:31.617
88.70526,2018-12-19 16:17:32.746
87.48488,2018-12-19 16:17:33.867
86.87468,2018-12-19 16:17:35.042
90.658875,2018-12-19 16:17:36.139
94.297,2018-12-19 16:17:37.246
96.9966,2018-12-19 16:17:38.367
98.84813,2018-12-19 16:17:39.527
100.34743,2018-12-19 16:17:40.646
101.21669,2018-12-19 16:17:41.756
101.783676,2018-12-19 16:17:42.977
102.06717,2018-12-19 16:17:44.091
102.07657,2018-12-19 16:17:45.207
97.54664,2018-12-19 16:17:46.316
95.28168,2018-12-19 16:17:47.437
94.14919,2018-12-19 16:17:48.596
95.30788,2018-12-19 16:17:49.707
96.01021,2018-12-19 16:17:50.817
96.898285,2018-12-19 16:17:51.996
97.76659,2018-12-19 16:17:53.096
99.46202,2018-12-19 16:17:54.227
100.30974,2018-12-19 16:17:55.337
100.7336,2018-12-19 16:17:56.487
93.49367,2018-12-19 16:17:57.578
89.02841,2018-12-19 16:17:58.677
86.795784,2018-12-19 16:17:59.796
85.679474,2018-12-19 16:18:00.906
87.18247,2018-12-19 16:18:02.066
87.933975,2018-12-19 16:18:03.187
88.51443,2018-12-19 16:18:04.346
88.599945,2018-12-19 16:18:05.477
88.84741,2018-12-19 16:18:06.586
89.41411,2018-12-19 16:18:07.746
90.275406,2018-12-19 16:18:08.856
91.13388,2018-12-19 16:18:09.977
91.56311,2018-12-19 16:18:11.097
91.777725,2018-12-19 16:18:12.216
91.73931,2018-12-19 16:18:13.366
91.86583,2018-12-19 16:18:14.537
92.148796,2018-12-19 16:18:15.696
92.78272,2018-12-19 16:18:16.806
93.099686,2018-12-19 16:18:17.926
93.25816,2018-12-19 16:18:19.046
93.002686,2018-12-19 16:18:20.166
92.448586,2018-12-19 16:18:21.328
92.14477,2018-12-19 16:18:22.437
91.53989,2018-12-19 16:18:23.607
88.570724,2018-12-19 16:18:24.727
86.76791,2018-12-19 16:18:25.847
84.484856,2018-12-19 16:18:26.956
82.997345,2018-12-19 16:18:28.07
81.5523,2018-12-19 16:18:29.227
80.26653,2018-12-19 16:18:30.379
79.561554,2018-12-19 16:18:31.479
79.20906,2018-12-19 16:18:32.666
78.91782,2018-12-19 16:18:33.846
78.7722,2018-12-19 16:18:34.956
78.43033,2018-12-19 16:18:36.066
78.259384,2018-12-19 16:18:37.187
78.17392,2018-12-19 16:18:38.333
78.08571,2018-12-19 16:18:39.477
78.19823,2018-12-19 16:18:40.578
78.2876,2018-12-19 16:18:41.706
80.22553,2018-12-19 16:18:42.806
81.1945,2018-12-19 16:18:43.975
81.678986,2018-12-19 16:18:45.195
81.42518,2018-12-19 16:18:46.296
81.29828,2018-12-19 16:18:47.427
81.234825,2018-12-19 16:18:48.537
81.38193,2018-12-19 16:18:49.656
81.45845,2018-12-19 16:18:50.794
81.55669,2018-12-19 16:18:51.929
81.605804,2018-12-19 16:18:53.046
89.52702,2018-12-19 16:18:54.166
93.48764,2018-12-19 16:18:55.338
95.46794,2018-12-19 16:18:56.436
91.156494,2018-12-19 16:18:57.566
84.33841,2018-12-19 16:18:58.666
78.62134,2018-12-19 16:18:59.796
75.36861,2018-12-19 16:19:00.957
73.65744,2018-12-19 16:19:02.066
72.80186,2018-12-19 16:19:03.196
72.45887,2018-12-19 16:19:04.356
74.89676,2018-12-19 16:19:05.466
76.68737,2018-12-19 16:19:06.577
77.62416,2018-12-19 16:19:07.696
78.83404,2018-12-19 16:19:08.857
79.48143,2018-12-19 16:19:09.987
80.042595,2018-12-19 16:19:11.096
80.32318,2018-12-19 16:19:12.256
80.226,2018-12-19 16:19:13.466
80.11006,2018-12-19 16:19:14.577
80.05209,2018-12-19 16:19:15.696
80.02311,2018-12-19 16:19:16.856
80.412575,2018-12-19 16:19:17.999
80.60731,2018-12-19 16:19:19.096
80.70467,2018-12-19 16:19:20.206
80.65845,2018-12-19 16:19:21.378
80.6324,2018-12-19 16:19:22.526
80.53338,2018-12-19 16:19:23.646
79.96721,2018-12-19 16:19:24.777
78.405754,2018-12-19 16:19:25.886
72.73074,2018-12-19 16:19:26.996
69.72191,2018-12-19 16:19:28.111
68.2175,2018-12-19 16:19:29.247
67.46529,2018-12-19 16:19:30.346
74.504875,2018-12-19 16:19:31.456
78.02467,2018-12-19 16:19:32.586
79.78457,2018-12-19 16:19:33.696
80.2594,2018-12-19 16:19:34.806
79.15076,2018-12-19 16:19:35.927
78.104126,2018-12-19 16:19:37.137
76.970215,2018-12-19 16:19:38.266
76.26219,2018-12-19 16:19:39.378
75.49321,2018-12-19 16:19:40.487
75.06969,2018-12-19 16:19:41.656
74.750626,2018-12-19 16:19:42.766
74.5601,2018-12-19 16:19:43.877
74.46483,2018-12-19 16:19:45.006
74.4172,2018-12-19 16:19:46.12
74.38431,2018-12-19 16:19:47.298
74.40466,2018-12-19 16:19:48.393
74.41484,2018-12-19 16:19:49.529
74.36696,2018-12-19 16:19:50.666
73.57075,2018-12-19 16:19:51.799
72.55057,2018-12-19 16:19:52.906
71.811325,2018-12-19 16:19:54.027
71.25247,2018-12-19 16:19:55.249
70.87284,2018-12-19 16:19:56.356
70.68303,2018-12-19 16:19:57.479
70.58812,2018-12-19 16:19:58.637
70.8277,2018-12-19 16:19:59.749
73.139946,2018-12-19 16:20:00.856
74.29607,2018-12-19 16:20:02.038
74.92316,2018-12-19 16:20:03.154
75.236694,2018-12-19 16:20:04.256
75.27954,2018-12-19 16:20:05.477
75.24423,2018-12-19 16:20:06.627
75.22403,2018-12-19 16:20:07.746
74.24101,2018-12-19 16:20:08.856
73.7495,2018-12-19 16:20:09.987
73.50374,2018-12-19 16:20:11.089
74.40593,2018-12-19 16:20:12.216
74.857025,2018-12-19 16:20:13.374
75.082565,2018-12-19 16:20:14.509
74.97415,2018-12-19 16:20:15.606
74.89519,2018-12-19 16:20:16.78
74.85571,2018-12-19 16:20:17.877
74.608,2018-12-19 16:20:18.996
74.37278,2018-12-19 16:20:20.206
74.25517,2018-12-19 16:20:21.321
73.62749,2018-12-19 16:20:22.459
73.313644,2018-12-19 16:20:23.647
73.15672,2018-12-19 16:20:24.777
80.9077,2018-12-19 16:20:25.887
85.739395,2018-12-19 16:20:27.001
88.66008,2018-12-19 16:20:28.116
90.44792,2018-12-19 16:20:29.277
94.492676,2018-12-19 16:20:30.432
97.63127,2018-12-19 16:20:31.516
100.91586,2018-12-19 16:20:32.637
103.245926,2018-12-19 16:20:33.746
105.01106,2018-12-19 16:20:34.906
105.89363,2018-12-19 16:20:36.027
106.334915,2018-12-19 16:20:37.137
100.6178,2018-12-19 16:20:38.266
90.658844,2018-12-19 16:20:39.388
85.67937,2018-12-19 16:20:40.496
83.13854,2018-12-19 16:20:41.607
81.91921,2018-12-19 16:20:42.766
81.25847,2018-12-19 16:20:43.896
80.92809,2018-12-19 16:20:45.016
80.76291,2018-12-19 16:20:46.116
80.65193,2018-12-19 16:20:47.339
80.11177,2018-12-19 16:20:48.497
79.84169,2018-12-19 16:20:49.607
79.70665,2018-12-19 16:20:50.767
79.63913,2018-12-19 16:20:51.896
82.28865,2018-12-19 16:20:53.016
85.403564,2018-12-19 16:20:54.127
88.689255,2018-12-19 16:20:55.238
90.33211,2018-12-19 16:20:56.397
91.153534,2018-12-19 16:20:57.527
91.72667,2018-12-19 16:20:58.687
92.2896,2018-12-19 16:20:59.797
92.95273,2018-12-19 16:21:00.913
93.28429,2018-12-19 16:21:02.05
93.45007,2018-12-19 16:21:03.146
93.0515,2018-12-19 16:21:04.321
92.069,2018-12-19 16:21:05.436
91.34902,2018-12-19 16:21:06.537
90.976364,2018-12-19 16:21:07.666
88.95348,2018-12-19 16:21:08.778
87.67764,2018-12-19 16:21:09.907
85.2879,2018-12-19 16:21:11.066
83.0715,2018-12-19 16:21:12.177
81.94264,2018-12-19 16:21:13.296
81.37822,2018-12-19 16:21:14.406
81.11665,2018-12-19 16:21:15.566
81.42678,2018-12-19 16:21:16.696
82.907104,2018-12-19 16:21:17.806
83.64726,2018-12-19 16:21:18.966
84.13103,2018-12-19 16:21:20.137
84.32443,2018-12-19 16:21:21.246
84.46961,2018-12-19 16:21:22.378
84.542206,2018-12-19 16:21:23.537
92.10219,2018-12-19 16:21:24.647
95.88217,2018-12-19 16:21:25.756
97.77217,2018-12-19 16:21:26.928
92.263916,2018-12-19 16:21:27.998
89.46829,2018-12-19 16:21:29.166
87.65259,2018-12-19 16:21:30.327
82.85594,2018-12-19 16:21:31.437
77.39804,2018-12-19 16:21:32.558
74.48786,2018-12-19 16:21:33.68
72.902115,2018-12-19 16:21:34.796
72.10924,2018-12-19 16:21:35.906
71.7128,2018-12-19 16:21:37.016
75.30759,2018-12-19 16:21:38.177
77.30437,2018-12-19 16:21:39.346
78.45117,2018-12-19 16:21:40.456
85.40348,2018-12-19 16:21:41.627
89.095894,2018-12-19 16:21:42.746
91.96873,2018-12-19 16:21:43.856
93.40514,2018-12-19 16:21:45.027
96.96365,2018-12-19 16:21:46.136
98.83354,2018-12-19 16:21:47.256
100.04413,2018-12-19 16:21:48.378
100.94325,2018-12-19 16:21:49.487
101.93574,2018-12-19 16:21:50.667
102.5185,2018-12-19 16:21:51.777
102.80988,2018-12-19 16:21:52.927
102.955574,2018-12-19 16:21:54.056
102.982285,2018-12-19 16:21:55.183
101.3595,2018-12-19 16:21:56.327
98.79931,2018-12-19 16:21:57.456
96.618576,2018-12-19 16:21:58.557
94.751144,2018-12-19 16:21:59.677
89.0082,2018-12-19 16:22:00.796
86.136734,2018-12-19 16:22:01.906
84.66063,2018-12-19 16:22:03.027
83.92258,2018-12-19 16:22:04.156
83.59392,2018-12-19 16:22:05.356
83.53661,2018-12-19 16:22:06.477
86.11959,2018-12-19 16:22:07.687
91.426544,2018-12-19 16:22:08.846
94.08002,2018-12-19 16:22:09.956
95.40774,2018-12-19 16:22:11.136
96.566414,2018-12-19 16:22:12.246
100.76548,2018-12-19 16:22:13.418
103.31734,2018-12-19 16:22:14.527
104.801254,2018-12-19 16:22:15.637
105.33522,2018-12-19 16:22:16.766
105.6022,2018-12-19 16:22:17.916
105.16857,2018-12-19 16:22:19.037
102.60272,2018-12-19 16:22:20.156
101.00267,2018-12-19 16:22:21.287
90.945755,2018-12-19 16:22:22.38
85.77425,2018-12-19 16:22:23.497
83.18849,2018-12-19 16:22:24.615
82.02616,2018-12-19 16:22:25.746
81.44499,2018-12-19 16:22:26.856
81.58639,2018-12-19 16:22:27.966
81.71792,2018-12-19 16:22:29.096
81.91313,2018-12-19 16:22:30.206
82.73305,2018-12-19 16:22:31.362
83.143005,2018-12-19 16:22:32.437
83.34798,2018-12-19 16:22:33.597
78.25165,2018-12-19 16:22:34.727
75.22209,2018-12-19 16:22:35.887
73.39896,2018-12-19 16:22:36.996
72.48739,2018-12-19 16:22:38.116
71.964325,2018-12-19 16:22:39.287
71.70279,2018-12-19 16:22:40.406
71.57202,2018-12-19 16:22:41.509
71.72692,2018-12-19 16:22:42.627
71.92087,2018-12-19 16:22:43.795
72.50615,2018-12-19 16:22:44.93
73.17981,2018-12-19 16:22:46.086
74.02527,2018-12-19 16:22:47.246
90.13136,2018-12-19 16:22:48.357
99.209984,2018-12-19 16:22:49.487
103.7493,2018-12-19 16:22:50.608
104.99338,2018-12-19 16:22:51.757
97.7901,2018-12-19 16:22:52.926
92.49876,2018-12-19 16:22:53.977
89.29588,2018-12-19 16:22:55.161
87.50916,2018-12-19 16:22:56.266
85.594086,2018-12-19 16:22:57.387
84.12336,2018-12-19 16:22:58.556
83.249374,2018-12-19 16:22:59.668
80.97177,2018-12-19 16:23:00.786
79.507935,2018-12-19 16:23:01.896
78.68585,2018-12-19 16:23:03.066
78.27481,2018-12-19 16:23:04.186
78.159454,2018-12-19 16:23:05.287
84.04315,2018-12-19 16:23:06.416
86.985,2018-12-19 16:23:07.577
88.45593,2018-12-19 16:23:08.746
88.88882,2018-12-19 16:23:09.856
88.32608,2018-12-19 16:23:10.966
88.044716,2018-12-19 16:23:12.096
87.55298,2018-12-19 16:23:13.256
87.52332,2018-12-19 16:23:14.458
87.64334,2018-12-19 16:23:15.579
87.724945,2018-12-19 16:23:16.696
88.44675,2018-12-19 16:23:17.909
90.36392,2018-12-19 16:23:19.0
92.04299,2018-12-19 16:23:20.096
94.42769,2018-12-19 16:23:21.206
96.84416,2018-12-19 16:23:22.378
98.0524,2018-12-19 16:23:23.496
98.65652,2018-12-19 16:23:24.606
89.76059,2018-12-19 16:23:25.727
85.18228,2018-12-19 16:23:26.837
82.83444,2018-12-19 16:23:27.966
81.4144,2018-12-19 16:23:29.127
80.228516,2018-12-19 16:23:30.297
79.06146,2018-12-19 16:23:31.405
74.77807,2018-12-19 16:23:32.566
72.223434,2018-12-19 16:23:33.697
70.62074,2018-12-19 16:23:34.796
69.8194,2018-12-19 16:23:35.916
69.53186,2018-12-19 16:23:37.037
69.40299,2018-12-19 16:23:38.196
69.323654,2018-12-19 16:23:39.344
69.28399,2018-12-19 16:23:40.437
69.27905,2018-12-19 16:23:41.55
69.27659,2018-12-19 16:23:42.716
68.59471,2018-12-19 16:23:43.837
71.37059,2018-12-19 16:23:44.958
72.75853,2018-12-19 16:23:46.066
72.91481,2018-12-19 16:23:47.187
72.7329,2018-12-19 16:23:48.367
72.90199,2018-12-19 16:23:49.466
72.98654,2018-12-19 16:23:50.578
73.1093,2018-12-19 16:23:51.759
74.203766,2018-12-19 16:23:52.909
75.78979,2018-12-19 16:23:54.027
76.66263,2018-12-19 16:23:55.161
77.95882,2018-12-19 16:23:56.256
78.60692,2018-12-19 16:23:57.387
78.93097,2018-12-19 16:23:58.546
78.931244,2018-12-19 16:23:59.656
78.84984,2018-12-19 16:24:00.827
78.60092,2018-12-19 16:24:01.946
78.45685,2018-12-19 16:24:03.066
78.38481,2018-12-19 16:24:04.177
78.36841,2018-12-19 16:24:05.337
78.3602,2018-12-19 16:24:06.446
78.33649,2018-12-19 16:24:07.577
78.0177,2018-12-19 16:24:08.696
77.82567,2018-12-19 16:24:09.806
77.59175,2018-12-19 16:24:10.937
77.25232,2018-12-19 16:24:12.039
76.86106,2018-12-19 16:24:13.156
76.665436,2018-12-19 16:24:14.325
76.789154,2018-12-19 16:24:15.46
76.89521,2018-12-19 16:24:16.556
76.98918,2018-12-19 16:24:17.666
77.51228,2018-12-19 16:24:18.787
77.773834,2018-12-19 16:24:19.907
77.9046,2018-12-19 16:24:21.027
77.969986,2018-12-19 16:24:22.16
78.002686,2018-12-19 16:24:23.266
82.591965,2018-12-19 16:24:24.369
84.88661,2018-12-19 16:24:25.486
86.033936,2018-12-19 16:24:26.616
84.576225,2018-12-19 16:24:27.727
82.63026,2018-12-19 16:24:28.837
81.65727,2018-12-19 16:24:29.967
80.93323,2018-12-19 16:24:31.087
80.571205,2018-12-19 16:24:32.196
79.98088,2018-12-19 16:24:33.307
79.685715,2018-12-19 16:24:34.441
79.53813,2018-12-19 16:24:35.546
80.08763,2018-12-19 16:24:36.679
80.45972,2018-12-19 16:24:37.827
80.64575,2018-12-19 16:24:38.996
80.64143,2018-12-19 16:24:40.119
80.01221,2018-12-19 16:24:41.277
79.670135,2018-12-19 16:24:42.437
79.4991,2018-12-19 16:24:43.597
79.44104,2018-12-19 16:24:44.727
80.00795,2018-12-19 16:24:45.827
82.3275,2018-12-19 16:24:47.007
83.487274,2018-12-19 16:24:48.166
84.067154,2018-12-19 16:24:49.277
84.12982,2018-12-19 16:24:50.436
83.758255,2018-12-19 16:24:51.631
83.252075,2018-12-19 16:24:52.727
81.60138,2018-12-19 16:24:53.846
80.77603,2018-12-19 16:24:55.006
80.247955,2018-12-19 16:24:56.127
79.98392,2018-12-19 16:24:57.237
80.21543,2018-12-19 16:24:58.356
81.55606,2018-12-19 16:24:59.466
83.01686,2018-12-19 16:25:00.586
83.74727,2018-12-19 16:25:01.716
84.11247,2018-12-19 16:25:02.877
83.57501,2018-12-19 16:25:04.001
82.84839,2018-12-19 16:25:05.102
82.232605,2018-12-19 16:25:06.239
81.91164,2018-12-19 16:25:07.396
81.65709,2018-12-19 16:25:08.56
81.623886,2018-12-19 16:25:09.627
81.620346,2018-12-19 16:25:10.746
81.671745,2018-12-19 16:25:11.856
81.69745,2018-12-19 16:25:12.967
81.7103,2018-12-19 16:25:14.097
81.124695,2018-12-19 16:25:15.206
79.341225,2018-12-19 16:25:16.377
78.08981,2018-12-19 16:25:17.496
76.7834,2018-12-19 16:25:18.616
76.13019,2018-12-19 16:25:19.777
75.663574,2018-12-19 16:25:20.937
75.43027,2018-12-19 16:25:22.046
75.473145,2018-12-19 16:25:23.177
76.70482,2018-12-19 16:25:24.327
78.45581,2018-12-19 16:25:25.457
80.13841,2018-12-19 16:25:26.577
80.979706,2018-12-19 16:25:27.677
81.40036,2018-12-19 16:25:28.806
80.905,2018-12-19 16:25:30.006
80.31763,2018-12-19 16:25:31.137
80.02394,2018-12-19 16:25:32.296
79.8771,2018-12-19 16:25:33.406
80.2552,2018-12-19 16:25:34.537
80.70618,2018-12-19 16:25:35.637
82.32879,2018-12-19 16:25:36.816
83.255035,2018-12-19 16:25:37.927
83.718155,2018-12-19 16:25:39.037
83.84101,2018-12-19 16:25:40.166
83.89621,2018-12-19 16:25:41.287
83.57405,2018-12-19 16:25:42.387
83.19395,2018-12-19 16:25:43.516
82.49172,2018-12-19 16:25:44.627
80.63746,2018-12-19 16:25:45.796
77.959114,2018-12-19 16:25:47.022
75.380356,2018-12-19 16:25:48.217
74.09097,2018-12-19 16:25:49.287
73.44628,2018-12-19 16:25:50.396
77.50319,2018-12-19 16:25:51.509
79.53165,2018-12-19 16:25:52.677
80.545876,2018-12-19 16:25:53.796
81.05299,2018-12-19 16:25:54.917
81.30655,2018-12-19 16:25:56.077
81.48268,2018-12-19 16:25:57.189
82.63541,2018-12-19 16:25:58.308
83.60914,2018-12-19 16:25:59.427
84.09601,2018-12-19 16:26:00.596
84.23077,2018-12-19 16:26:01.731
84.406815,2018-12-19 16:26:02.827
84.38617,2018-12-19 16:26:04.001
84.2409,2018-12-19 16:26:05.096
84.16826,2018-12-19 16:26:06.227
82.69357,2018-12-19 16:26:07.346
81.95623,2018-12-19 16:26:08.506
81.50549,2018-12-19 16:26:09.616
81.28013,2018-12-19 16:26:10.746
81.16745,2018-12-19 16:26:11.906
81.11111,2018-12-19 16:26:13.067
80.616905,2018-12-19 16:26:14.222
78.49553,2018-12-19 16:26:15.337
77.43484,2018-12-19 16:26:16.456
76.904495,2018-12-19 16:26:17.586
77.771454,2018-12-19 16:26:18.687
79.78695,2018-12-19 16:26:19.816
80.79469,2018-12-19 16:26:20.977
81.35318,2018-12-19 16:26:22.086
81.82698,2018-12-19 16:26:23.216
82.06388,2018-12-19 16:26:24.327
83.03717,2018-12-19 16:26:25.437
83.52382,2018-12-19 16:26:26.551
83.767136,2018-12-19 16:26:27.717
82.994934,2018-12-19 16:26:28.916
81.825806,2018-12-19 16:26:30.007
80.28633,2018-12-19 16:26:31.116
79.516594,2018-12-19 16:26:32.229
79.13173,2018-12-19 16:26:33.363
79.23749,2018-12-19 16:26:34.517
80.03905,2018-12-19 16:26:35.686
80.7444,2018-12-19 16:26:36.796
81.47719,2018-12-19 16:26:37.906
81.84358,2018-12-19 16:26:39.041
82.02678,2018-12-19 16:26:40.137
81.59005,2018-12-19 16:26:41.266
81.37169,2018-12-19 16:26:42.416
81.02727,2018-12-19 16:26:43.637
80.85506,2018-12-19 16:26:44.746
81.00419,2018-12-19 16:26:45.906
81.36682,2018-12-19 16:26:47.037
82.02042,2018-12-19 16:26:48.166
83.0756,2018-12-19 16:26:49.259
83.91569,2018-12-19 16:26:50.379
84.33573,2018-12-19 16:26:51.497
84.23326,2018-12-19 16:26:52.607
84.18202,2018-12-19 16:26:53.737
84.4689,2018-12-19 16:26:54.847
85.1389,2018-12-19 16:26:56.006
85.77011,2018-12-19 16:26:57.166
86.08571,2018-12-19 16:26:58.296
86.243515,2018-12-19 16:26:59.507
83.48155,2018-12-19 16:27:00.657
82.10057,2018-12-19 16:27:01.777
81.41008,2018-12-19 16:27:02.907
81.22746,2018-12-19 16:27:04.018
81.136154,2018-12-19 16:27:05.139
81.0905,2018-12-19 16:27:06.289
80.75389,2018-12-19 16:27:07.356
80.58559,2018-12-19 16:27:08.527
80.21676,2018-12-19 16:27:09.646
80.317024,2018-12-19 16:27:10.766
80.43573,2018-12-19 16:27:11.916
80.6575,2018-12-19 16:27:13.037
81.78221,2018-12-19 16:27:14.196
82.55341,2018-12-19 16:27:15.316
90.30676,2018-12-19 16:27:16.427
95.02722,2018-12-19 16:27:17.546
97.65001,2018-12-19 16:27:18.677
99.57892,2018-12-19 16:27:19.777
100.543365,2018-12-19 16:27:20.986
101.02559,2018-12-19 16:27:22.116
101.21352,2018-12-19 16:27:23.227
101.27948,2018-12-19 16:27:24.337
101.31246,2018-12-19 16:27:25.516
101.32895,2018-12-19 16:27:26.627
101.3372,2018-12-19 16:27:27.787
101.341324,2018-12-19 16:27:28.906
98.99954,2018-12-19 16:27:30.016
97.48586,2018-12-19 16:27:31.177
96.65963,2018-12-19 16:27:32.306
95.25321,2018-12-19 16:27:33.427
94.25361,2018-12-19 16:27:34.537
93.75381,2018-12-19 16:27:35.643
93.50391,2018-12-19 16:27:37.045
93.68616,2018-12-19 16:27:37.877
94.089714,2018-12-19 16:27:38.994
94.32962,2018-12-19 16:27:40.113
94.59241,2018-12-19 16:27:41.223
94.7238,2018-12-19 16:27:42.344
94.64667,2018-12-19 16:27:43.517
94.58411,2018-12-19 16:27:44.624
94.22446,2018-12-19 16:27:45.794
92.55624,2018-12-19 16:27:46.924
91.72212,2018-12-19 16:27:48.015
91.20741,2018-12-19 16:27:49.135
90.95006,2018-12-19 16:27:50.255
89.9655,2018-12-19 16:27:51.375
87.87059,2018-12-19 16:27:52.535
85.673416,2018-12-19 16:27:53.655
82.957565,2018-12-19 16:27:54.775
81.59964,2018-12-19 16:27:55.877
80.920685,2018-12-19 16:27:57.006
83.842224,2018-12-19 16:27:58.116
85.390305,2018-12-19 16:27:59.237
0.0,2018-12-19 16:28:00.345
0.0,2018-12-19 16:28:01.666
0.0,2018-12-19 16:28:02.796
0.0,2018-12-19 16:28:03.906
0.0,2018-12-19 16:28:05.034
